,Battery_measurement_time,Battery name,Cycle,Charge_time_measured,Charge_min_Voltage,Charge_max_Voltage,Charge_min_Current_measured,Charge_max_Current_measured,Charge_Temp_measured,Discharge_time_measured,Discharge_min_Voltage_measured,Discharge_max_Voltage_measured,Discharge_min_Current_measured,Discharge_max_Current_measured,Discharge_Temp_measured,Capacity,SOH
0,2008-04-02 13:08:17,B0005,0,7597.875,3.479393559379272,4.2099486995035615,-4.030268477538787,1.5143932321982565,25.32407901830568,3690.234,2.612467347907089,4.191491807505295,-2.0180146876333027,0.000728585272845447,32.572328114029,1.8564874208181574,100.0
1,2008-04-02 16:37:51,B0005,1,10516.0,3.001950570776504,4.213016370444398,-3.361982908688226,1.5151784093535638,26.635622628116085,3672.344,2.587208728940726,4.189773213846608,-2.016820542901454,0.002927403359080335,32.72523522519307,1.846327249719927,99.45272071416714
2,2008-04-02 20:55:40,B0005,2,10484.547,3.0358785775794024,4.212788046609961,-3.384407789097242,1.5168939445650547,26.778175507896698,3651.641,2.6519168938437794,4.188186735991303,-2.016573862170142,0.0014836763652280672,32.64286193755933,1.8353491942234077,98.86138595081705
3,2008-04-03 01:12:38,B0005,3,10397.89,3.0661450551857485,4.212924011950438,-3.4122633601213583,1.5175028479320207,26.70320405781683,3631.563,2.592947964776547,4.188461118855572,-2.0159359571668354,0.001547011952723541,32.51487646204882,1.8352625275821128,98.85671763794173
4,2008-04-03 05:27:49,B0005,4,10495.203,3.0637656606174013,4.2128738833616,-3.403625146732859,1.5169487474809897,26.617004288392003,3629.172,2.547419651124539,4.188298524761055,-2.017425579158831,0.001701454824503414,32.38234901543077,1.8346455082120419,98.82348178817772
5,2008-04-03 09:44:35,B0005,5,10792.672,3.0593224041262927,4.212763963219923,-3.3944513625869224,1.5165104184246716,26.51849450408942,3652.281,2.5209480504077413,4.188815807948604,-2.0162347618032066,0.0024899497555445145,32.43418218230641,1.8356616600675495,98.87821697485944
6,2008-04-03 14:06:43,B0005,6,10789.985,3.0533599221041614,4.213176751734383,-3.401390462320561,1.5149343200832288,26.620706323978894,3650.828,2.487927319492314,4.18839163793879,-2.01583310669507,0.002314295882739856,32.480416444757985,1.8351461429226603,98.85044855913476
7,2008-04-03 18:28:47,B0005,7,10127.562,3.048720950345317,4.212850577044761,-3.385806497377117,1.5160376811966019,26.737918888901717,3572.453,2.6652049047458775,4.188927891511958,-2.0166395518034546,0.002227616056915605,32.41046186109587,1.8257567905665537,98.34468955151549
8,2008-04-03 22:38:27,B0005,8,10147.952999999994,3.0824222303522406,4.213141772335243,-3.43387007729948,1.5173922491512082,26.74145703066146,3550.594,2.6038584726333673,4.189029250882121,-2.018357230695621,0.005401028321021492,32.3461408313,1.8247738529891333,98.29174345738105
9,2008-04-04 02:48:06,B0005,9,10162.094,3.075795646323062,4.212949842741421,-3.416543780338169,1.517754813457655,26.7021703105932,3551.25,2.552853984885676,4.189223427076418,-2.0160718378149842,0.0030191479674457028,32.27679750791685,1.824613268496936,98.2830935473199
10,2008-04-04 06:58:00,B0005,10,10119.375,3.06985284508505,4.2132271723869295,-3.4217714333372964,1.5160463401115014,26.608132946993933,3530.25,2.4724483018527317,4.188916055911241,-2.0160713863396573,0.002626400189938571,32.15709350345252,1.8246195526864504,98.28343204622077
12,2008-04-04 15:05:59,B0005,12,9586.875,3.34157125606709,4.212863906558764,-3.78388997609184,1.517755800661927,27.033644494333256,3491.016,2.64956413267546,4.189876247266316,-2.016851865845563,0.00236452370176732,32.36407129853099,1.8142019357673917,97.72228539894279
13,2008-04-04 19:05:19,B0005,13,9952.359,3.092615790717664,4.212724851227894,-3.4380894291317374,1.5187305848630464,26.870618187745674,3470.281,2.5724981777366227,4.189286794768804,-2.016393908986775,0.0018583785527610795,32.3181954403762,1.8137521577549054,97.69805803238793
14,2008-04-04 23:10:25,B0005,14,10758.031000000003,3.082964486167869,4.213057848582499,-3.4334448239833244,1.516640506364978,26.738987031481408,3470.0,2.5249886697730286,4.188837765892728,-2.0158117255163046,0.0022664654273509715,32.15709029211502,1.8134404914735822,97.68127007692816
15,2008-04-05 03:28:57,B0005,15,9921.75,3.0770823404741723,4.213191057068328,-3.432001975216655,1.5169693958592914,26.692190227813647,3450.297,2.694621861688723,4.189110301768517,-2.0193509920362724,0.001319946437255823,32.04407000314609,1.8025980036306504,97.09723768751647
16,2008-04-05 07:33:12,B0005,16,10000.25,3.1099815648289453,4.212768567166564,-3.482051074636857,1.5155189973310466,26.563313470921162,3429.407,2.64010141737067,4.18921207304098,-2.0164420273602586,0.0030782527761262007,31.931593674911532,1.80210690024615,97.07078432300706
17,2008-04-05 11:38:22,B0005,17,9936.031,3.1054460082871422,4.21291099996523,-3.4790104488850004,1.517095395882731,26.52595276450022,3409.484,2.5739035098380962,4.188899969428112,-2.016465255161054,0.0009018486465400538,31.941655359029298,1.802579500826209,97.09624103091467
18,2008-04-05 15:42:11,B0005,18,9989.532,3.098521142673477,4.213175415157681,-3.461446831236046,1.5164629383150432,26.591676949772925,3390.422,2.4942396831720126,4.188779799856791,-2.0181069603406625,-0.00044812397487015555,31.965008645476725,1.8030683142834096,97.12257104811376
19,2008-04-05 19:46:36,B0005,19,10158.782,3.089171188226161,4.212972694840331,-3.450379445041623,1.5161161861598926,26.645032205307864,3390.281,2.4556793246645583,4.189272591516219,-2.0170254305215485,0.002337558709004184,31.966241678512723,1.8027776247196041,97.1069130069902
20,2008-04-18 17:34:22,B0005,20,10289.312,3.235784344365443,4.212806303346363,-3.646980102654795,1.5167316228940972,25.663244609650953,3591.734,2.632142800798914,4.187614060563439,-2.01684718332263,0.005955165804640151,32.37143341978575,1.8470259949329193,99.49035873989017
21,2008-04-18 22:53:58,B0005,21,10283.077999999994,3.0683685778510936,4.213442172806784,-3.398836643486512,1.5153264287158423,26.015018000119397,3552.297,2.5027764692056795,4.1876287811083985,-2.016190951623346,0.0016182635202416972,32.70024990461686,1.847417311283644,99.5114370594272
22,2008-04-19 04:12:06,B0005,22,10281.39,3.062344528295997,4.212832102518414,-3.4078891045691866,1.516710708987509,26.09181445728815,3531.578,2.617507742871704,4.187447226312926,-2.016760348146938,0.002519215784369448,32.32266411829938,1.8361774213478947,98.90599854098058
23,2008-04-19 09:29:52,B0005,23,10081.797,3.0904138909445984,4.212770290752828,-3.464130250924988,1.5163150263089855,25.709030057450274,3492.907,2.694074478000972,4.187344026387161,-2.0160230713598764,0.0037933120349866447,31.98795810666763,1.8257807475776242,98.34597999985365
24,2008-04-19 14:43:41,B0005,24,10797.328,3.1140130371184864,4.213276766831537,-3.4935571241981895,1.5169994248587462,25.473631563964574,3511.594,2.6237674644021887,4.187438187636325,-2.01719076462715,0.00343888873867598,31.894456524691385,1.8251136435078368,98.31004632950896
25,2008-04-19 20:09:47,B0005,25,10099.218,3.108464373403045,4.212690151499114,-3.4951011322233136,1.5184741108182815,25.427401199812184,3431.9370000000054,2.5010798299873738,4.18774138117799,-2.0161148625656655,0.0012614422239159216,31.78039681801023,1.8255815042203762,98.33524772367372
26,2008-04-20 01:22:53,B0005,26,10078.719,3.099532736693632,4.212873191810286,-3.4904911773797043,1.516919363258194,25.37095530984966,3431.125,2.6849988185249796,4.188261122540052,-2.0168636304742815,0.0031353992245556606,31.688747146342205,1.8140311275083907,97.71308478400267
27,2008-04-20 06:35:39,B0005,27,10617.375,3.133150786659082,4.213238259402031,-3.5331810156551415,1.5161717111709385,25.273682170348483,3412.406,2.547109116468133,4.187338767288234,-2.024643671910137,0.0011043615738374486,31.596747992569153,1.8147691941158939,97.75284086310275
28,2008-04-20 11:57:08,B0005,28,10564.157,3.119641559381448,4.213312787594857,-3.513207367229806,1.5177899917802138,25.188122631656277,3410.688,2.471314764334132,4.187560306288175,-2.017291134571006,-3.060676830687782e-05,31.565586498787077,1.813969388710352,97.70975921350076
29,2008-04-20 17:17:44,B0005,29,10143.984,3.117821882492223,4.212902355486726,-3.5054603250839507,1.5178105214785498,25.208644345593083,3410.718,2.6613903306108773,4.18805176248713,-2.01713712589233,0.0037901043107805275,31.59124667045208,1.802765665167823,97.10626880376819
30,2008-04-20 22:31:18,B0005,30,10790.452999999994,3.148580175410883,4.212958241599311,-3.5490719760595026,1.5192411400177066,25.22309620072603,3392.719,2.541762355407921,4.187667484260542,-2.0159460285100574,0.0006901740069088986,31.603485399391182,1.804077040117352,97.17690623092355
32,2008-04-22 14:15:41,B0005,32,1674.484,3.819395599301223,8.393141180564633,-4.4796596195981975,1.4228266793053173,23.904181418379917,3470.672,2.628919415830567,4.2010701773378685,-2.0167372379007014,0.0008475435827522827,31.91556385491565,1.8518025516704486,99.74764875349146
33,2008-04-22 17:04:53,B0005,33,10113.656,3.0915429116168727,4.209223108011576,-3.44733089940877,1.5196672384784107,25.487835720020833,3414.109,2.6312552691827045,4.1996223345495824,-2.0183057226929555,0.0011650883880798665,32.081128118597164,1.8307038456739428,98.61116348782737
34,2008-04-22 21:56:21,B0005,34,10137.89,3.1353563535730373,4.2088651384450735,-3.4987231998771415,1.5173130409965125,25.536147530542536,3395.219,2.654880745360911,4.199853323702163,-2.016579511976592,0.0019472390588109682,31.849792632896243,1.8199041089501267,98.02943389447215
35,2008-04-23 02:47:55,B0005,35,10651.657,3.1610721465158074,4.208915856299548,-3.536407100583495,1.523723794437228,25.116393283510156,3386.0,2.6749688422803803,4.199103467081427,-2.0193879194408373,0.0018372947715281892,31.465690433362017,1.8093079637028517,97.45867078945713
36,2008-04-23 07:47:54,B0005,36,10032.485,3.1817353485221376,4.209312403034285,-3.554660481050277,1.5168222482277545,24.93654575305907,3368.187,2.6159705726789904,4.199998536865001,-2.015814483813837,0.0074961910680886356,31.40934895665031,1.80460990458052,97.20560906279802
37,2008-04-23 12:37:17,B0005,37,10574.297,3.188736239230124,4.209847565954341,-3.559444964364823,1.518117505061806,25.09997200587896,3368.266,2.658447162110498,4.19967522099872,-2.019901495893039,0.001392374886299951,31.902247475518077,1.7993770651972192,96.92374130950105
38,2008-04-23 17:35:42,B0005,38,10461.735,3.1995494512602285,4.208965362941993,-3.5612026877917553,1.5176979011522238,25.238210571113736,3358.719,2.6979426084271156,4.1991847248803165,-2.016522387288751,0.0025753372180031702,31.649024294808623,1.7884432335370462,96.33478867036308
39,2008-04-23 22:32:06,B0005,39,9993.062000000005,3.2162013536262384,4.209292498751627,-3.5948737369966377,1.5179414843613923,25.076721129383717,3339.5,2.6617272246516333,4.200012480335,-2.017112121704317,0.0011747056452339859,31.48874626238971,1.7829230484252723,96.03744299218224
40,2008-04-24 03:20:23,B0005,40,10602.281,3.223928529991111,4.209583847791707,-3.6018235936716247,1.5176043900064717,24.785407292651822,3331.265,2.699288287625812,4.1992373656547874,-2.018009988339822,0.0023816748049826563,31.329995610092634,1.7730337158018288,95.50475246530081
41,2008-04-24 08:18:41,B0005,41,10667.969,3.239300973000498,4.209668023401793,-3.629064335057617,1.517170258313206,24.684734315899224,3321.188,2.6127932408838532,4.1993957811187075,-2.017724236336294,0.0021374370347549054,31.569551201845574,1.773037755078937,95.50497004162602
42,2008-04-24 13:17:56,B0005,42,10504.781,3.2364581942530544,4.209651256417474,-3.6131518500912776,1.5211473138342544,25.22288378016189,3321.844,2.6637064901468075,4.1995786980260705,-2.016792488625222,0.00151986195803867,32.111426258867944,1.7678721106662054,95.22672175646096
43,2008-04-24 18:14:28,B0005,43,10246.781,3.24280663963839,4.208972610120855,-3.6294504437547443,1.5195838519202762,25.651300573733486,3311.828,2.6668454289754746,4.199546957512695,-2.0172551326315866,0.0018244735178706453,32.271676011112376,1.7623150704093087,94.92739086983165
44,2008-04-24 23:06:34,B0005,44,10166.218999999997,3.247480792255816,4.208924563756907,-3.6549536807328544,1.5176959368230498,25.56869332326285,3327.391,2.684431051981017,4.194091469340824,-2.0159457514475405,0.0005228307091433465,31.842291659678658,1.7676172924938447,95.21299593373234
45,2008-04-25 17:02:35,B0005,45,10804.922,3.2325525653503906,4.209761448406007,-3.6698120760048636,1.51917586801601,25.077792180591818,3312.078,2.645224362345869,4.200715235801255,-2.021877555086194,0.002427106886628309,31.759815453754253,1.762668359743147,94.94642085785509
46,2008-04-25 21:32:20,B0005,46,10758.985,3.2460008786636303,4.2099926286120235,-3.663267101527155,1.5179081116326563,24.88199584693937,3293.172,2.6603527244917,4.1990980807180325,-2.0169903181968984,0.0006158711833322257,31.41911167391793,1.7517304870664143,94.35725054869607
47,2008-04-26 02:32:41,B0005,47,10317.515,3.258925472084767,4.20985882694637,-3.6630644097478386,1.517811940099476,24.755786611089874,3275.328,2.6926849789916263,4.199398534411534,-2.016185456554963,0.0008035192993614022,31.331626572312267,1.7418496047960008,93.82501520146927
48,2008-04-26 07:25:23,B0005,48,10805.734,3.2692690512059093,4.209887230778187,-3.6848694124104724,1.517838583010628,24.655846530387144,3265.016,2.670544734728978,4.199122915612965,-2.0170647431651068,0.0014889451776809062,31.35934131425137,1.7360913511847138,93.51484592444021
49,2008-04-28 17:20:47,B0005,49,9946.391,3.3033140359155366,4.208756826791167,-3.750655264382395,1.5189958805966282,25.34567237446073,3328.937,2.605158060541757,4.190409478081396,-2.0168134548386294,0.002493114712392233,34.31088483888259,1.7936240148573608,96.61385230754256
50,2008-04-29 13:44:46,B0005,50,10063.547,3.1336137688971912,4.209078075122493,-3.4572307856174196,1.5168233863953686,27.394756753879477,3329.266,2.672012007453096,4.199933846791869,-2.0165540953857675,0.002858970104521588,33.43585640373788,1.7831890223273275,96.05176972012408
51,2008-04-29 18:34:10,B0005,51,10376.172,3.194525311567972,4.208951335685938,-3.5412440147431115,1.526713269764804,26.62662742896046,3301.579,2.674271233724938,4.199365021329158,-2.022483480851903,0.0012369720338688353,32.66698125020078,1.7673642076278957,95.19936347583841
52,2008-04-29 23:28:20,B0005,52,9756.858999999997,3.222452894613076,4.208915493791651,-3.5744732232808083,1.5177850169451024,26.046549681443857,3283.563,2.6309416727017187,4.19902365945384,-2.0168041459037114,0.0027115029184951785,32.28423408691397,1.7570177850353066,94.64205172265511
53,2008-04-30 04:11:53,B0005,53,10610.906,3.235623629031344,4.209049100025683,-3.61089870293044,1.517580419178102,25.581948046823246,3275.125,2.6629725743154204,4.199432142144215,-2.0172800396238526,0.003127245831423531,32.00739178780946,1.7468706179837907,94.09547290193551
54,2008-04-30 09:09:32,B0005,54,9978.078,3.253161660922962,4.209569401740179,-3.639611422840837,1.5186864794207853,25.49138644694599,3265.656,2.612942119873717,4.199640922827531,-2.0159193745006387,0.0012894534058489268,32.06387071886056,1.7417172507457144,93.81788592880078
55,2008-04-30 13:56:29,B0005,55,10246.984,3.2592554494686565,4.209622938017622,-3.631031388483906,1.516864718731142,25.701157771778043,3266.093,2.6157198442661476,4.199305653118061,-2.0206059195730015,0.0010352326876111328,32.43754560319043,1.7364225056478186,93.53268361401415
56,2008-04-30 18:47:57,B0005,56,10437.047,3.2649322937796708,4.209081297803344,-3.652558047852112,1.5169075519536304,25.613934369346374,3257.594,2.6287695472774453,4.198949734540481,-2.017554048083073,0.002141440621650397,32.16809876635083,1.7263217239235826,92.988603346571
57,2008-04-30 23:42:27,B0005,57,10805.827999999994,3.279483281471355,4.208974409503451,-3.6543670254141096,1.5184780957612627,25.46355915016756,3248.593,2.6655106679421823,4.19834220599025,-2.016416703030436,0.0017702200905978112,32.05752645824972,1.7158065389330133,92.42220117908766
58,2008-05-01 04:42:57,B0005,58,10805.375,3.291206125801604,4.209555035163918,-3.671875049505212,1.5156642683871617,25.33969655722996,3238.766,2.650495153350403,4.198995776266302,-2.0170229987437884,0.0014307662327893813,31.975920928072714,1.710533351135192,92.13816005181208
59,2008-05-01 09:43:18,B0005,59,10685.968,3.2971153140129523,4.209137758018692,-3.672509218918276,1.5160037580001224,25.31525129117544,3240.14,2.643236235233877,4.19916986492694,-2.016783933430818,0.00490119980676573,32.21689335291319,1.706014499648521,91.89475137389712
60,2008-05-01 14:41:41,B0005,60,10588.64,3.300542688148963,4.209099895596076,-3.6974959048887244,1.5173442325188395,25.828563716440225,3230.109,2.656450207001938,4.199246833083063,-2.0199829306240713,0.001796424269077256,32.55632993697177,1.7003110272642588,91.58753289666399
61,2008-05-01 19:38:17,B0005,61,10736.094,3.3051034396902876,4.209853267385404,-3.6992236317763525,1.516620367139724,25.734607118644377,3229.7810000000027,2.626177688152069,4.1992551886401595,-2.016448312230377,0.004899013626111221,32.40048085325998,1.6945798601797895,91.27882263985312
62,2008-05-02 00:37:22,B0005,62,9790.859,3.3082686726641857,4.2096673235964825,-3.7091773352591484,1.5167330787937718,25.76108296721704,3212.469,2.6582230344240045,4.199610827671791,-2.0264654916334726,0.002434406743192847,32.29371860868794,1.6849029086609286,90.75757205607074
63,2008-05-02 05:20:24,B0005,63,10274.359,3.3175201646841104,4.209786575419923,-3.7157585852195676,1.5215190253817978,25.571090931927195,3213.219,2.695100237338448,4.1994453812630566,-2.017330650607364,0.0014513205321675263,32.136071448067796,1.6744741591159717,90.19582574806932
64,2008-05-02 10:11:31,B0005,64,10711.063,3.325912676457561,4.209876728572126,-3.740291077407621,1.5222178795747785,25.430453941726714,3203.578,2.639091813583503,4.198991968341307,-2.0225787607034706,0.005933998461667336,32.38268549723498,1.6745692479879102,90.2009477257823
65,2008-05-02 15:09:46,B0005,65,10806.015,3.3224316122949804,4.209530517872284,-3.7401919874760297,1.5163911369032863,25.88337057270213,3195.125,2.6857210282450983,4.197785116892181,-2.0158674131052456,0.0034449440902895195,32.30899951427637,1.663716375981405,89.6163559916933
66,2008-05-02 20:28:25,B0005,66,10481.047,3.323183986237931,4.208914229782625,-3.7337806887974363,1.5191168227671865,25.87474661521862,3195.3129999999946,2.69017866510873,4.201331130571617,-2.016878594815316,0.0012286208011475699,32.56636929496716,1.659013868748246,89.3630546668135
67,2008-05-03 00:50:52,B0005,67,10153.36,3.334317071119612,4.20945720713541,-3.741021320410516,1.519260892518663,25.80758127668049,3186.297,2.639895313359579,4.199339974904826,-2.0190191551299326,0.0006759557151863035,32.46542951751835,1.6538540573335014,89.08512057704355
68,2008-05-03 05:39:33,B0005,68,10662.468,3.334898622378469,4.2089346821451405,-3.7399805018111114,1.515339116708931,25.5954074570814,3176.438,2.68991452927918,4.198916244859707,-2.0179820220655023,0.0017286665299136564,32.347056454418095,1.642653782130131,88.48181591266643
69,2008-05-03 10:36:35,B0005,69,10494.625,3.3402795328318953,4.209707468094477,-3.754749438788794,1.5163991053235688,25.55053773186138,3167.593,2.65935818848874,4.198537488587242,-2.0158401305926343,0.0008822013179447034,32.371538940646154,1.6378578430223698,88.22348186450748
70,2008-05-03 15:30:41,B0005,70,10467.75,3.3409888939684156,4.209731200087021,-3.752539379854498,1.519396061401668,25.612623072192534,3167.719,2.6657030585650423,4.198943932259475,-2.0192083553177325,0.0032196054196979183,32.45549347979197,1.6327350407099108,87.94754127611387
71,2008-05-03 20:24:21,B0005,71,9904.406,3.3428891919042925,4.209073152424942,-3.756495517193588,1.5190833652609255,25.748665763785176,3159.077999999994,2.642986759012803,4.199579806494986,-2.017754065523427,0.002329222708757339,32.50017194695606,1.6277528915533617,87.67917699307695
72,2008-05-04 01:08:29,B0005,72,10805.656,3.3438818828882586,4.209596233803924,-3.744765382806153,1.5162463927934793,25.6042633567313,3148.829,2.6311169118893036,4.198782234828033,-2.016206764491147,0.0036382151418645234,32.50100298369444,1.622125485521159,87.37605584239753
73,2008-05-04 06:07:29,B0005,73,10777.328,3.3442903966987885,4.209613645729595,-3.7512382618887,1.5168725726720953,25.594290723516522,3149.094,2.696157404617167,4.19910517813207,-2.018425729441905,0.002409343074541808,32.4728927422438,1.6113256603765849,86.79432148624366
74,2008-05-04 11:06:02,B0005,74,10745.86,3.348561399462872,4.209728406741538,-3.7608845310314725,1.5197613760247257,25.571898601563962,3140.547,2.6667596238241567,4.198510853141954,-2.0200094988659028,0.0018183081167425818,32.50480154634882,1.6065631397488385,86.53778753000239
75,2008-05-04 16:03:55,B0005,75,10806.781,3.349401479431822,4.208850308126176,-3.749853410240243,1.5194095619752201,25.578913233960286,3131.625,2.6403185448373043,4.198732430468704,-2.0160906793454063,0.0023945547129780136,32.51218336210202,1.6015142233917594,86.26582682073705
76,2008-05-04 21:02:41,B0005,76,10806.593999999997,3.3484111036158017,4.209548533406234,-3.7606437069615724,1.5164193361700227,25.533341503049385,3121.907,2.69892986372897,4.198799630396931,-2.017218805788003,0.003459179478904217,32.45692821941515,1.590369231400328,85.66549999565574
77,2008-05-05 02:01:17,B0005,77,10429.547,3.3526814727062533,4.209155099660752,-3.7624796093415975,1.5188633359889865,25.528501101408498,3122.125,2.6682466504352993,4.198753541225669,-2.017576881832417,0.002911553978859486,32.447059186431154,1.5857889968242211,85.4187849075412
78,2008-05-05 06:53:38,B0005,78,10807.094,3.3525209936945446,4.208909520868368,-3.75723296715059,1.5153752896307142,25.343485567182306,3121.672,2.6479207279724903,4.200309982421394,-2.0163186530776205,0.001691287375631991,32.32889654966259,1.5849430707374117,85.37321895986369
79,2008-05-05 17:40:16,B0005,79,10719.016,3.3543970686874927,4.209146036373753,-3.7704870056407627,1.5169156949347895,25.74425872850638,3120.86,2.6741633856529066,4.201124089732316,-2.016322017667326,0.0031344620126884833,32.84488475360107,1.5955263892495937,85.94329115068511
80,2008-05-05 22:05:32,B0005,80,10806.437000000005,3.3434425218637385,4.210057230429361,-3.7920672983852324,1.5156126384626312,25.595338590346493,3103.828,2.6892528956736257,4.198150316653697,-2.0160583834613157,0.002214915830402201,32.31731555011648,1.5747301747801037,84.82309964083233
81,2008-05-06 03:03:53,B0005,81,10805.265,3.3483684039657065,4.209716534256135,-3.780997640483466,1.5185579466100025,25.09978697110705,3095.094,2.688809122993162,4.198524048997099,-2.0176016183677974,0.0026959062866318295,32.06376130177751,1.5649019950937946,84.29370312695895
82,2008-05-06 08:02:05,B0005,82,10208.062,3.350035915668947,4.209586501290089,-3.7785963302065984,1.5166826369414959,25.10980717855015,3095.781,2.6743555987897745,4.198840869468569,-2.018404141903304,0.002592567167286657,32.21997626855924,1.5597659473370362,84.01704907053151
83,2008-05-06 12:50:20,B0005,83,10807.219,3.3513347692589686,4.2090401069219165,-3.7792507114042633,1.5161828106191497,25.371319727334306,3094.328,2.6430294964336345,4.198119631667182,-2.016777852675889,0.0015197601976623138,32.7120225448885,1.5594815668184234,84.00173086716403
84,2008-05-06 17:48:34,B0005,84,10805.906,3.3506128503723054,4.209243624615146,-3.7809289932617984,1.5232019688436385,25.937420351426873,3086.531,2.6584858447131823,4.198320288264955,-2.019500858990014,0.005375811737933425,32.945022147355694,1.55468935359061,83.74359751414073
85,2008-05-06 22:46:40,B0005,85,10655.937000000005,3.350128688133216,4.209412194077453,-3.7769672465646154,1.5157894861057812,25.854633339319907,3085.625,2.629782173759164,4.1980467610750285,-2.025028692484549,0.001299695920075446,32.857549597381336,1.5488741079890418,83.43035835418966
86,2008-05-07 03:42:15,B0005,86,10117.172,3.3508280926830882,4.208856368304407,-3.7814796718164394,1.5163584367988028,25.787542115810904,3067.203,2.6622967647315545,4.199047008209673,-2.017188769565156,0.003654247255878711,32.629663328789654,1.538236598942558,82.85736718133292
87,2008-05-07 08:28:34,B0005,87,10805.86,3.3506354280123993,4.2096723781735434,-3.7861373580329056,1.5170407216106059,25.344864067680145,3058.157,2.682380966742509,4.197669918520713,-2.0203529496154493,0.0013741929346254653,32.379859014262976,1.527914258251028,82.30135260370756
88,2008-05-07 13:26:13,B0005,88,10806.328,3.350922144041792,4.209166908560572,-3.7861841057200616,1.515911970809572,25.2776605000605,3058.812,2.6401894768922713,4.197600624105256,-2.016749317444538,0.0020536118932937353,32.68215852457039,1.5285252629756445,82.33426447360578
89,2008-05-07 18:23:54,B0005,89,10744.828,3.35125780661867,4.208895457764258,-3.791529502108569,1.5162075461675972,25.790973204291312,3058.578,2.693769409137257,4.197985718630326,-2.016964364118414,0.002233821019065787,32.99387423636739,1.522647325284378,82.01764839394087
90,2008-05-07 23:20:34,B0005,90,10804.797000000006,3.3528581730372933,4.209632701272167,-3.793788356541067,1.5164047927068265,25.936121509912226,3177.219,2.6920548172137724,4.222920057935785,-2.017087516284557,0.0015450426899526494,32.856295641052824,1.605818899130659,86.49769888680268
91,2008-05-09 17:26:51,B0005,91,10802.578,3.354145458071941,4.209028477452613,-3.798804009542813,1.5163802437836211,25.891013405303514,3082.937,2.629071246219689,4.200423045909808,-2.0177115857667665,0.0029495288044011506,33.33950238056361,1.5638491446744425,84.23699116610504
92,2008-05-09 21:53:00,B0005,92,10544.452999999994,3.348015808348912,4.209763047586473,-3.7814302641150186,1.5158720115211686,26.42800153627129,3074.266,2.631343871050918,4.198372063670128,-2.0160877086861952,0.0016903309192767824,33.35156485472646,1.5480915247767786,83.38820438085877
93,2008-05-10 02:46:38,B0005,93,10701.125,3.3529759174446823,4.208874914689389,-3.7704677067191414,1.5172764677295527,26.21556986443908,3066.0,2.6983970036642315,4.198353213898968,-2.0174325692631547,0.0017335297510131795,33.147486361012966,1.5323755631868592,82.54166152720488
94,2008-05-10 07:42:46,B0005,94,10805.813,3.3552183107405935,4.209803512518001,-3.7856876338390446,1.5173184400471975,25.960695609651008,3056.437,2.6338485871981514,4.197873789078739,-2.017976023705107,0.003201402568771493,33.007275861749356,1.5269528268489705,82.24956494324317
95,2008-05-10 12:40:29,B0005,95,10693.438,3.3540567989886063,4.208872213190271,-3.7831325853036097,1.516995519615858,25.838168915840225,3048.219,2.671566207861818,4.197955644238241,-2.016684455267326,0.0012207622759792553,32.91990812745461,1.5169573017136326,81.71115433925789
96,2008-05-10 17:36:13,B0005,96,10708.406,3.3543202199580766,4.209853693640944,-3.792785768996613,1.518783977132163,25.811823765569297,3039.218,2.6540810507928123,4.197918434710392,-2.0185074328810417,0.0027177292470912523,32.99903328622305,1.5118975960142693,81.43861246029738
97,2008-05-10 22:32:02,B0005,97,10805.297000000006,3.3538194889943185,4.2088630113100365,-3.8005026292725193,1.5172268211407054,25.866599042915986,3039.047,2.656849703962618,4.197739340034368,-2.0206154364574687,0.002966026743767936,33.03772281691292,1.5065638960681105,81.1513118362076
98,2008-05-11 03:29:30,B0005,98,10363.61,3.3536880148349315,4.208838075023042,-3.7962708461734964,1.5170991688718933,25.932238529516265,3030.375,2.6363048614501152,4.19785490446139,-2.0174212119307557,0.0019690360203288167,33.07740307192613,1.5015453526671363,80.88098717121403
99,2008-05-11 08:19:27,B0005,99,10805.094,3.353396374532837,4.209529411772671,-3.7967349999162745,1.5165247361360363,25.8627841242131,3021.0,2.69951692300468,4.197306756122815,-2.0224772834102507,0.002722369357879482,33.05467981523988,1.4908444050400238,80.30457886878683
100,2008-05-11 13:16:38,B0005,100,10805.5,3.354434207234332,4.209662720393985,-3.7954231603196398,1.5168608726403794,25.876664410701412,3021.75,2.698216006032282,4.197528212001444,-2.0179249554704706,0.0006217348755526608,33.11570360624461,1.485868384561201,80.03654470798278
101,2008-05-11 18:13:51,B0005,101,10806.844,3.354272833395381,4.209010138135633,-3.790160126869453,1.519976718551429,25.90081245653995,3012.265,2.6911707598773864,4.19743662221161,-2.018486701026112,0.002574506411845257,33.12942148982364,1.480413677976106,79.74272604140161
102,2008-05-11 23:10:55,B0005,102,10367.906000000003,3.3532627894758096,4.209286321889628,-3.7995718720122174,1.5165653062177906,25.961139619102717,3002.641,2.690162319231471,4.197717228550219,-2.0172029187594718,0.002304044135428048,33.130681310493344,1.4752095869031632,79.46240682056631
103,2008-05-12 04:00:32,B0005,103,10806.719,3.353429498656367,4.20906168640711,-3.7990338355492006,1.5193340460529852,25.847581583069786,3012.0,2.6355034454892072,4.192454851360723,-2.017032616337778,0.0013818757062667917,33.20069210329718,1.4859035988304024,80.03844153038008
104,2008-05-12 16:11:11,B0005,104,10043.172,3.3525780744031093,4.209837365677117,-3.8037651552224965,1.5154296477693314,26.343040591685405,3020.11,2.6594753656507684,4.202845001527377,-2.020648432189961,0.003790346438351921,33.78697527817091,1.4960918298136696,80.58723226653154
105,2008-05-12 20:23:51,B0005,105,10569.812,3.3528818658863946,4.2098269996566815,-3.7880092299940564,1.5160563377601,26.57680877670008,3002.172000000006,2.644554999824577,4.197952808231904,-2.018056806197647,0.0029141195307161565,33.673365085761986,1.4808005946928984,79.76356737393388
106,2008-05-13 01:16:51,B0005,106,9917.203,3.3549736761488096,4.209674359299608,-3.780497203202185,1.5179832296737448,26.497126053434993,2992.703,2.6719601666204564,4.198017952345714,-2.017916668624779,0.0007844165488200334,33.535818118317145,1.4697543268466824,79.168558341158
107,2008-05-13 05:58:50,B0005,107,10317.406,3.353783910785033,4.209167062707327,-3.78354069112842,1.5189534232829114,26.23246228056812,2964.468,2.6598211033173382,4.192162800008929,-2.027591717224413,0.005446235642757207,33.32269982188509,1.4539012274845928,78.31462853887025
108,2008-05-13 10:47:01,B0005,108,10806.109,3.352797565070414,4.208855011933893,-3.786992198738482,1.5170145395214125,26.000979471677365,2983.375,2.688360455508818,4.196993378341778,-2.017344770444764,0.0015596672777035013,33.346230327490304,1.4541462067235693,78.32782438583529
109,2008-05-13 15:43:41,B0005,109,10041.921,3.3534938324434367,4.2093630515127325,-3.779886472168926,1.5171631842182387,26.304406677546186,2975.297,2.6376728619288525,4.197603515102162,-2.017072416845675,0.002686593832583876,33.64948900485925,1.455023751906683,78.37509350133121
110,2008-05-13 20:27:29,B0005,110,10719.281,3.351842602525664,4.2099281798934305,-3.795520340383196,1.514829872720934,26.488314685413716,2974.9850000000006,2.645120521151077,4.196406678544622,-2.0179388823247932,0.0031991265142638165,33.79269513542102,1.449042163761236,78.05289427291893
111,2008-05-14 01:22:34,B0005,111,10804.719,3.352784743728,4.209625447385018,-3.7930416938652813,1.5175300717778244,26.360634597576503,2966.25,2.698012437629632,4.197098662004674,-2.029098489464331,0.003781794323562663,33.52446663707275,1.4386709371480566,77.49424644709048
112,2008-05-14 06:18:57,B0005,112,10805.687,3.3525597572322092,4.209994497945742,-3.784631939017424,1.525757781015469,26.01371119236736,2956.359,2.6928942772989077,4.196909312093871,-2.025048878675005,0.0013123608369275883,33.39042251934235,1.433445432156979,77.21277376203588
113,2008-05-14 11:15:12,B0005,113,10011.406,3.3516897442147413,4.209645673539432,-3.7881526416328097,1.5171026096730862,26.297723923750286,2956.344,2.6483923655058113,4.197105220217278,-2.0170494375017745,0.0017334904566314662,33.67370212742761,1.4333958900838095,77.21010517012333
114,2008-05-14 15:58:13,B0005,114,10806.625,3.3517133635514114,4.2095192868246425,-3.787652905735484,1.515794267996922,26.460055536819574,2956.406,2.6832134764261997,4.196244829545076,-2.017587381204539,0.0022931157457021885,33.91080564765892,1.42806487344776,76.92294908297353
115,2008-05-14 20:54:30,B0005,115,10805.563,3.3514036655318793,4.209686875098169,-3.7934031719292136,1.5183072117630427,26.522125341707824,2947.266,2.684960445221862,4.1968026018066595,-2.0245398824990146,0.0014033494395084456,33.7850680599871,1.4229203181741186,76.64583676775116
116,2008-05-15 01:50:38,B0005,116,10807.219,3.3518264434107543,4.209097023225327,-3.7849188788658266,1.5303759036625788,26.304507189511508,2937.984,2.669922120529456,4.196227405416926,-2.01689808000431,0.00328323198086081,33.61126807392732,1.417429032731308,76.35004777498811
117,2008-05-15 06:46:38,B0005,117,10805.547,3.3507643062775467,4.20966048778739,-3.7833729238324505,1.5163274901654349,26.033862750089828,2929.125,2.664105530655056,4.196558172556389,-2.0197651300783948,0.0026192373361047815,33.45598581472246,1.412409228794446,76.07965521102183
118,2008-05-15 11:42:28,B0005,118,10510.453,3.3505766058453985,4.209800153781022,-3.7783214303674972,1.515577852517811,26.173877726061654,2928.454,2.634098605983684,4.196870541112335,-2.0182280835485455,0.0010338439367061337,33.723267448788484,1.412578792940193,76.08878881159706
119,2008-05-15 16:33:24,B0005,119,10202.781,3.350429078451017,4.208986473959438,-3.7757654753765975,1.5153644485477458,26.58087845459433,2929.375,2.68378702970616,4.196795527524874,-2.0178512019397976,0.002279801917616979,34.050076369857344,1.4075983731469897,75.82051768100095
120,2008-05-15 21:19:13,B0005,120,10140.858999999997,3.3519051164645437,4.2094113854487585,-3.784466502357455,1.516547010397619,26.844678208638005,2946.031,2.660031949282934,4.189287343772767,-2.017223089332264,0.0036040078454246437,33.889346908026745,1.4333920485221476,77.20989824377314
121,2008-05-16 18:43:58,B0005,121,10340.672,3.3517957395366507,4.209579923728784,-3.803491370652066,1.515350957800192,26.650851656256684,2955.438,2.650011641082063,4.201144545237731,-2.0257290511470427,0.0022668920626443224,34.067648550088656,1.4382550176792908,77.47184287655712
122,2008-05-16 23:00:32,B0005,122,10700.062999999995,3.351648116958036,4.208897768601187,-3.789079576736508,1.5195806950484343,26.644530238931335,2937.625,2.6936969083341418,4.196925753814179,-2.01734921830549,0.003419658941394484,33.75168100943646,1.4173547174485526,76.34604477007024
123,2008-05-17 03:54:49,B0005,123,10628.938,3.3520081728180475,4.208949896486924,-3.772572137699855,1.5207341048328884,26.22137188976638,2929.078,2.697073130067154,4.196901090271507,-2.016959683770622,0.0025963216962809578,33.46482299584788,1.406981663677643,75.78729852409039
124,2008-05-17 08:47:46,B0005,124,10807.109,3.350690235802344,4.209016148652449,-3.7726433109881365,1.5197345840060683,25.981908446070978,2918.375,2.6806995515145213,4.196688955833435,-2.0173176445033945,0.002009419144474731,33.40210697922146,1.4012037783587625,75.47607178190572
125,2008-05-17 13:43:32,B0005,125,10722.515,3.3498557087920315,4.209823901420775,-3.77909637061834,1.5313014269745342,25.957258610228184,2919.812,2.6695398084864568,4.196339302740304,-2.0174893103299003,0.004647788990613573,33.410688917712235,1.3967008232726328,75.23351936621818
126,2008-05-17 18:37:55,B0005,126,10772.969,3.3487260291497885,4.209170290922202,-3.7805927268861135,1.5230131656868984,25.910664889466272,2900.422,2.671695307817951,4.196181412764837,-2.0162082324346313,0.0022916013939350667,33.38984948261314,1.391284788852726,74.94178378216989
127,2008-05-17 23:32:50,B0005,127,10745.718999999997,3.3472982873443136,4.209747743387126,-3.7967496368002682,1.5186121346915984,25.915316403584885,2901.375,2.661289185949965,4.195770804194879,-2.0178551648279797,0.002276420033202403,33.3700433438796,1.3862287677978349,74.66944037718937
128,2008-05-18 04:27:19,B0005,128,10807.094,3.346522932588962,4.209894860161395,-3.7808181797700295,1.5165697813872945,25.80295172183165,2901.187,2.667817533540102,4.195456241846729,-2.01649929452358,0.0016756334707971991,33.27215987470977,1.3804366761974138,74.35744841131499
129,2008-05-18 09:22:51,B0005,129,10113.641,3.347387991583747,4.2090419862189705,-3.7726316335985777,1.5169251648594961,25.798431586046714,2891.64,2.684008069130594,4.19654355365607,-2.0162911974216766,0.0022384407354535305,33.222444215660225,1.3752364150256224,74.07733548873459
130,2008-05-18 14:06:39,B0005,130,10585.812,3.344476114789535,4.2091512370452655,-3.79156342857451,1.5205284054622616,25.716243739071537,2882.906,2.6585256208771644,4.194357133255019,-2.0164165307282076,0.004913397668118928,33.26207748383125,1.3705128024895008,73.82289732324247
131,2008-05-18 18:58:12,B0005,131,10806.562,3.345621909727096,4.2089344930633095,-3.7824454903358253,1.5164980832411434,25.721597233349875,2883.265,2.6372250579822927,4.195863681881766,-2.0166833595676397,0.001179478056536671,33.312029905516525,1.3705085566270399,73.8226686191633
132,2008-05-18 23:53:33,B0005,132,10805.281000000003,3.344250467904019,4.20956126773023,-3.794059988721768,1.516413295532032,25.681959267638916,2882.969,2.6514257735606432,4.1955845546644195,-2.0156447128046424,0.0025249486819050103,33.25287943255863,1.3647355108681518,73.51170256067292
133,2008-05-19 04:48:55,B0005,133,10733.391,3.3434587647361527,4.209087989190457,-3.7912686790666448,1.5175773762130336,25.624925482393323,2891.656,2.676384659108382,4.188483624251573,-2.015672372070857,0.0023505638634883142,33.745054045019884,1.375392016895762,74.08571700903981
134,2008-05-19 17:58:12,B0005,134,10805.547,3.3475444317933105,4.2096620077990865,-3.7875831610983974,1.5170864422653372,26.214209031070983,2901.25,2.6949138502817815,4.200346502821317,-2.01575998810726,0.0021180176276842364,33.88841975386692,1.3861115151535393,74.6631245442362
135,2008-05-19 22:08:37,B0005,135,10751.266000000003,3.346596249241444,4.20979896478687,-3.78304355444368,1.5167435703240357,26.418135656045987,2891.703,2.6973343716306273,4.1981749992980655,-2.016014837696764,0.0015018865835744713,33.7353756996425,1.3698500035838939,73.78719555127383
136,2008-05-20 02:38:35,B0005,136,10805.625,3.347969939170728,4.209588279991649,-3.76450226475426,1.5168421439044522,26.041050682309145,2883.016,2.642540259937964,4.195715092938243,-2.0165238233233063,0.0014907630238953716,33.59131052719714,1.3647827949260758,73.5142495242232
137,2008-05-20 07:33:50,B0005,137,10806.672,3.3439377168826576,4.208963727299078,-3.787251026252032,1.5168162439768864,25.78429991090836,2873.453,2.699226257883075,4.195755769877104,-2.0182163733141314,0.002981994184247595,33.32366688599416,1.3543220466259964,72.95077959801873
138,2008-05-20 12:28:58,B0005,138,10502.453,3.3440394085174,4.209722877884705,-3.790423978004734,1.5169850101386546,25.89460433493637,2874.031,2.676480329780849,4.195911764444989,-2.016150778973011,0.0015383602403595874,33.691961507697364,1.3546417018378962,72.96799787853683
139,2008-05-20 17:19:03,B0005,139,10689.219,3.3441211905536,4.209676059278413,-3.7971023250598015,1.5232750856889004,26.21291162607548,2874.234,2.642142168479886,4.195824004004723,-2.0176181286216193,0.0030940952671648994,33.887639684793655,1.3547039213192407,72.97134934112401
140,2008-05-20 22:12:15,B0005,140,10436.453999999998,3.342940481283274,4.209570995056534,-3.8053775528158647,1.517847900730875,26.189195744166067,2864.984,2.644725254926797,4.196258226051591,-2.017297732143782,0.0056941514906116535,33.67308060941856,1.349314997503458,72.68107407422197
141,2008-05-21 03:01:06,B0005,141,10193.25,3.3423355342925554,4.209447384056193,-3.795650309241255,1.5185294890466194,25.925635492800915,2855.093,2.632270655366611,4.196612664794988,-2.017223266913469,0.0031481012336326926,33.411988203265814,1.3441891937970554,72.40497181525036
142,2008-05-21 07:45:45,B0005,142,10733.703,3.3409100193242898,4.208946514436026,-3.7904734461204876,1.5181430673344265,25.56161801380306,2855.625,2.6391006118876117,4.195850781215982,-2.0197342717689364,0.0017629793721903892,33.29926524979532,1.3389913790695755,72.12499067079483
143,2008-05-21 12:39:25,B0005,143,10647.812,3.3419417446795183,4.2097116328585535,-3.7799207541995568,1.5178865356009956,25.662187990962515,2855.594,2.637841830893275,4.1960023929619235,-2.016896104476736,0.005009392491167575,33.59980731390034,1.3389145230206971,72.1208508070922
144,2008-05-21 17:31:40,B0005,144,10621.235,3.340993070052495,4.208975288401353,-3.7933352746466817,1.5177913034806534,25.980230716549915,2847.437,2.668286095904868,4.196207586734141,-2.0199925086996786,0.0025365511428236684,33.61961195858585,1.3340066759761655,71.8564888195292
145,2008-05-21 22:23:21,B0005,145,9969.577999999994,3.3415110902495564,4.20900687681348,-3.7884468298188487,1.5187637743768865,25.8806869522218,2847.36,2.6490198126838553,4.195534582569042,-2.0167450744074586,0.0028787153794497824,33.3945201718652,1.3286444309174914,71.56765060826295
146,2008-05-22 03:04:11,B0005,146,10501.094,3.3394858458136367,4.209687609257486,-3.784529376109808,1.5159990878969725,25.489728914515275,2837.328,2.664058512378051,4.1957439573980455,-2.0163628111205263,0.004270068564987734,33.16734508187535,1.3231708992276219,71.27281792431958
147,2008-05-22 07:53:42,B0005,147,10570.735,3.338877397954293,4.209245312367315,-3.7821759620123343,1.5171763043828834,25.273691508203626,2837.281,2.6883611693898826,4.19586805747139,-2.0162121238671036,0.0023204014455349238,33.10962161613893,1.3181691588445197,71.00339835664494
148,2008-05-22 12:44:24,B0005,148,10804.765,3.340016083614076,4.209279196868547,-3.7717655072479284,1.5161278732560692,25.44947305264886,2838.515,2.6869753836302124,4.195347750909715,-2.0168197393548124,0.004169727934917151,33.46501751186519,1.3184664436640334,71.01941165230103
149,2008-05-22 17:39:02,B0005,149,10037.5,3.3394210742343233,4.209621674026962,-3.7834249844961874,1.518521397037986,25.781794240772307,2828.328,2.6507536817766586,4.196065828878837,-2.0187637742643867,0.0033179608221933095,33.4426191014044,1.318293040102702,71.01007124097441
150,2008-05-22 22:20:44,B0005,150,10555.125,3.3399130661961682,4.209303699708371,-3.7779504832267983,1.5168556207671993,25.68864253357384,2838.265,2.6646322789106516,4.184534803011309,-2.016191969154752,0.0021406905839278507,33.037928170775885,1.323872422244268,71.3106055768929
151,2008-05-23 17:12:57,B0005,151,10807.328,3.3530063390337426,4.209605959425042,-3.81681034390481,1.5153428761454104,25.5473433758295,2864.547,2.6400211837268666,4.201240476440081,-2.021651287065962,0.0028823561171506806,33.4949493613756,1.3601216766554785,73.26317762261326
152,2008-05-23 21:36:00,B0005,152,10790.062999999995,3.3407373419757564,4.2088907582184145,-3.7872296750349106,1.5168151961358265,25.858105200686058,2846.39,2.674198661305034,4.195703567262997,-2.017592416950431,0.0024155477323689854,33.491363029025784,1.3395306867947354,72.1540405700353
153,2008-05-24 02:30:34,B0005,153,10574.641,3.3388847884627486,4.2096990171081545,-3.808680533557909,1.5158612073699478,25.762271564177254,2837.969,2.696427051131168,4.195744519551191,-2.0171105982760715,0.004008579519805372,33.329808599922345,1.3290286565120697,71.58834698305493
154,2008-05-24 07:21:25,B0005,154,10074.109,3.3382781008008675,4.208965703024872,-3.796248138024393,1.516633073147013,25.665322106933754,2838.156,2.6928340297696836,4.196363050482315,-2.0165753451036377,0.003616989953114752,33.27302769298771,1.3236741274998955,71.29992439790138
155,2008-05-24 12:03:55,B0005,155,10423.047,3.338955474315249,4.209701588831816,-3.7867692993890456,1.5167523788162582,25.533014977562825,2829.843,2.681747855329962,4.1957929878569455,-2.0157688095228656,0.0028522205733032915,33.229879126701434,1.318633896753293,71.02843154047166
156,2008-05-24 16:52:07,B0005,156,10534.046,3.3390304483662616,4.209653239010418,-3.7781113837561264,1.5163355073761509,25.460985558962392,2829.625,2.696791414385091,4.195797286482793,-2.016274841649268,0.0012910201456034266,33.20860833999321,1.3134751321324272,70.75055383642601
157,2008-05-24 21:42:10,B0005,157,10266.812000000005,3.338754457820943,4.2089086808202625,-3.7777342736682513,1.518953414289241,25.497401087996412,2819.437,2.664695973142795,4.196349384378125,-2.016821101865832,0.004289580699201413,33.236115055926255,1.3132020634442203,70.73584494666221
158,2008-05-25 02:27:37,B0005,158,10568.109,3.337604125308679,4.209046572142359,-3.7874714491552637,1.517023783944142,25.448154568524693,2819.579,2.679191623358613,4.195609431921248,-2.0165933442123594,0.0019608791198133632,33.18660088296571,1.3077959946944353,70.4446461650727
159,2008-05-25 07:18:06,B0005,159,10798.344,3.338014963877101,4.209046904080791,-3.775235730316498,1.5173889983839928,25.331277760037743,2810.672,2.699983457940659,4.195339917236225,-2.018075144841628,0.001890284329441244,33.174058099115534,1.3030329186405918,70.18808229071344
160,2008-05-25 12:12:16,B0005,160,10279.047,3.3370508249552584,4.209068843248563,-3.783803356862587,1.5152369268741754,25.474169291837303,2811.485,2.666300786624286,4.1954020570061195,-2.018091528339797,0.0024103529115243262,33.253984518546055,1.3033573559038205,70.20555815721221
161,2008-05-25 16:57:49,B0005,161,10299.39,3.3372940334795382,4.209469599722886,-3.784137389052248,1.5155574937679006,25.517578140682183,2802.422,2.6308501373847837,4.195685302232799,-2.0177167019715503,0.0043239362691777465,33.3198093248819,1.3034100438655642,70.20839620292978
162,2008-05-25 21:43:40,B0005,162,10543.077999999994,3.336178999164467,4.20895331166291,-3.779054819049973,1.5196697389409588,25.507755071863212,2801.625,2.673348140468748,4.195561297751176,-2.0160479224870884,0.002138526794169908,33.33765795318198,1.2978870806495706,69.9109008817086
163,2008-05-26 02:33:39,B0005,163,10430.109,3.336674870115192,4.2096978774496145,-3.7792479031045296,1.5165147756345532,25.501142838576612,2802.031,2.632763831012711,4.196066962029683,-2.017067096348242,0.0014821450901276818,33.29076744042025,1.2980735056918902,69.92094269724848
164,2008-05-26 07:21:44,B0005,164,10154.094,3.33596846652155,4.208913317260355,-3.780306641791635,1.5160053819650112,25.47614046458346,2793.39,2.6687371180046218,4.196640912532072,-2.018208092691312,0.0016645655980570856,33.27568841807217,1.293463613844243,69.67263011532883
165,2008-05-26 12:05:07,B0005,165,10316.906,3.336460166393717,4.209819008906641,-3.77660287617465,1.515719101727346,25.50648704649774,2793.39,2.696396337945361,4.1956235749123225,-2.018933300007017,0.0026884191804450396,33.32067807371405,1.288003392619118,69.37851440175622
166,2008-05-26 16:51:13,B0005,166,10571.39,3.336584283248343,4.209558826223893,-3.7731541894181793,1.516568142177722,25.517452651606238,2792.485,2.6794834862925194,4.195862008850563,-2.0237906818969758,0.0026918488897051404,33.37314972896719,1.2874525221379407,69.34884167276275
167,2008-05-26 21:41:33,B0005,167,9892.375,3.335029160031238,4.209585024954352,-3.7907306154894886,1.5171069702248974,25.664855251476258,2802.016,2.6787137407179737,4.18482689434833,-2.017308526034403,0.001335599326393533,33.71351889594897,1.3090153642307354,70.5103277055252
168,2008-05-27 17:53:59,B0005,168,10212.234,3.3377109352902776,4.2097142451021625,-3.788459846791776,1.517059141115189,25.433646971948875,2820.39,2.655378369801326,4.201968615940368,-2.017696449416675,0.003306917134878647,33.86531768239223,1.3250793286429356,71.37561578838873
0,2008-04-02 13:08:17,B0006,0,7597.875,3.4691133844121107,4.204084967565013,-4.05918455376202,1.5169940262727513,25.318868966701046,3690.234,2.4757677568281857,4.179823027658306,-2.015537581193984,0.00043376246575117864,32.142777859921516,2.035337591005598,100.0
1,2008-04-02 16:37:51,B0006,1,10516.0,2.8896839546328406,4.207016122080002,-3.1989875752087076,1.519546173582518,27.09775038276125,3672.344,2.35152551190002,4.177288238505559,-2.0149020169266376,-0.00020764608327879694,32.29307515705474,2.0251402460314116,99.49898508143073
2,2008-04-02 20:55:40,B0006,2,10484.547,2.902852620346504,4.207290616886043,-3.218414661139416,1.5181998900195781,27.243309503530377,3651.641,2.4404797151065436,4.1781213228922995,-2.014434345552428,-0.0006575492150127537,32.24414709253608,2.013326371345464,98.91854698908898
3,2008-04-03 01:12:38,B0006,3,10397.89,2.954283687556596,4.2067161669272375,-3.292338720611327,1.5187139306884796,27.173138796303842,3631.563,2.4791558539003917,4.1785623580417175,-2.0142051662535234,0.0001981188152475248,32.14711742429942,2.0132846655407413,98.91649790372313
4,2008-04-03 05:27:49,B0006,4,10495.203,2.987838916965929,4.207282925709644,-3.3364609367943845,1.5191620385729852,27.058181783567154,3629.172,2.280187848173442,4.17824995156942,-2.013995769332238,-0.0011423311186216645,32.06687277315468,2.000528337624771,98.28975529491258
5,2008-04-03 09:44:35,B0006,5,10792.672,2.97043974861278,4.206904703786746,-3.3137967168040245,1.5191966203239775,27.010664589975644,3652.281,2.4392842568466446,4.193216523251186,-2.0151519685741275,-0.0015410535505561715,32.03447836207717,2.0138990759931645,98.9466850557287
6,2008-04-03 14:06:43,B0006,6,10789.985,3.008689176717321,4.206930372632538,-3.3744527275705107,1.5179240541064642,27.092063790042364,3650.828,2.2812068449406446,4.193732603145628,-2.0145081864690626,-0.0031490941234930576,32.11157496697372,2.013101105626967,98.907479256665
7,2008-04-03 18:28:47,B0006,7,10127.562,2.998519886214339,4.207160698723091,-3.351699173864526,1.518427066526674,27.295000789108386,3572.453,2.366410527029613,4.176826628115461,-2.0146816699579064,-0.0008455879137331849,32.112576242471775,1.9687898262728398,96.73038197560734
8,2008-04-03 22:38:27,B0006,8,10147.952999999994,3.0207768260705348,4.207043942482234,-3.3881796770645662,1.5191659409130356,27.231094729512908,3550.594,2.436020049578708,4.176369138969733,-2.015071955488147,-0.0009662247647393986,32.03566207329278,1.9681661764334244,96.69974087497759
9,2008-04-04 02:48:06,B0006,9,10162.094,3.0390725721586085,4.2067449161458885,-3.411369813597988,1.518590584643815,27.153987730434693,3551.25,2.1864377487643725,4.176897989902666,-2.0155176072270926,0.00013882260841396987,31.99527968872302,1.9572307917560536,96.16246466459876
10,2008-04-04 06:58:00,B0006,10,10119.375,3.0195588850622266,4.20701033665878,-3.3838900306758117,1.517645142822274,27.145539720170813,3530.25,2.3406023605912454,4.177579509962451,-2.014079047237871,-0.0021060459646946015,31.874127571841353,1.9455991514129352,95.59098009149795
12,2008-04-04 15:05:59,B0006,12,9586.875,3.3621186037175903,4.204804954593547,-3.877677512722722,1.5184590788469419,27.100618830315568,3491.016,2.4263021374140443,4.177996110793395,-2.0134697854511865,-0.000990785360248984,32.120959708576166,1.9347505044841131,95.05796547137973
13,2008-04-04 19:05:19,B0006,13,9952.359,3.074752946320282,4.2069602632522045,-3.4683026218266377,1.5185037625942268,27.346430051525438,3470.281,2.4753697700007034,4.176316409477926,-2.0148749194363664,-0.00032364926356916147,32.11021168908644,1.9232799539368028,94.49439554578115
14,2008-04-04 23:10:25,B0006,14,10758.031000000003,3.0848317935933975,4.206292828423885,-3.4889576433629683,1.5185480415776587,27.13044941257913,3470.0,2.342364523655007,4.1779924550101715,-2.0144081790374893,-0.0004261867664927878,31.989061278918154,1.911889930948487,93.93478209204011
15,2008-04-05 03:28:57,B0006,15,9921.75,3.07803209783664,4.206565620992792,-3.4845820081431578,1.519304676079667,27.16494621497475,3450.297,2.188400081882664,4.177439981618572,-2.014472686005532,-0.0010580730504302503,31.878814448635442,1.9010667141979305,93.40301690486008
16,2008-04-05 07:33:12,B0006,16,10000.25,3.070798895292604,4.2066154337879675,-3.4637426876418322,1.5195277815148243,27.122265060515833,3429.407,2.1206980945954057,4.17561570814845,-2.0146756268214814,-0.0037766213378683127,31.767450711024402,1.8891989948061458,92.81993331989463
17,2008-04-05 11:38:22,B0006,17,9936.031,3.073146565986219,4.206175319196726,-3.4648259352010413,1.5188857807864504,27.091186922536306,3409.484,2.369981457799298,4.177602520456299,-2.015931347705288,0.0009547908042232252,31.78991634963658,1.878278372248849,92.2833824005014
18,2008-04-05 15:42:11,B0006,18,9989.532,3.0971641571799156,4.205939141240403,-3.499632013614532,1.5181278042542183,27.064754224863968,3390.422,2.247991649924625,4.176354539745044,-2.01432419683381,0.0003362560415229371,31.82883467218067,1.8675697161520206,91.75724579573611
19,2008-04-05 19:46:36,B0006,19,10158.782,3.0902358811238777,4.206072421466277,-3.4835006927291863,1.5188514374619642,27.096833265509154,3390.281,2.4115317107898875,4.177450270459645,-2.015920256743369,-0.0022772410696178776,31.890449470827843,1.8675892574453767,91.75820589657847
20,2008-04-18 17:34:22,B0006,20,10289.312,3.2980447898876015,4.205991716092305,-3.8084806397361795,1.5196718103476223,25.621036972906786,3591.734,2.2033558468593775,4.174584178175673,-2.0202081897757225,0.0009741380235390647,31.51177053595285,1.979626548250818,97.26281070025072
21,2008-04-18 22:53:58,B0006,21,10283.077999999994,2.9623560721618856,4.2067372007029835,-3.3106686864075936,1.5182841537225407,26.018916084630686,3552.297,2.35887751155593,4.175224020262452,-2.0141161810049812,-0.0003149484747221053,31.874488497680712,1.9575499080884022,96.17814345585967
22,2008-04-19 04:12:06,B0006,22,10281.39,3.038201994743769,4.206267337538965,-3.425996614065579,1.5199279623491042,26.11363000720855,3531.578,2.218672914041916,4.177217300859919,-2.014039356997488,-0.0012008977604898057,31.53911453638972,1.9458150170787551,95.6015859814876
23,2008-04-19 09:29:52,B0006,23,10081.797,3.074718038034267,4.207142843027727,-3.4762145944957377,1.5189837157329604,25.760828939548123,3492.907,2.339723057947995,4.176681511062203,-2.014851230713757,0.000529325755565477,31.220866832188786,1.9242461121680094,94.5418647339628
24,2008-04-19 14:43:41,B0006,24,10797.328,3.1166539987988418,4.206429877497038,-3.5210925208592174,1.5189930467165789,25.50924394673222,3511.594,2.3997508208942735,4.190384318239257,-2.013606338093071,-0.0023840361465472604,31.119005145018026,1.9459811331421641,95.60974757905957
25,2008-04-19 20:09:47,B0006,25,10099.218,3.145175850676279,4.206921564718665,-3.5736937240670366,1.5180552220883505,25.50074158941563,3431.9370000000054,2.491410879472442,4.176973413125379,-2.014324216253238,-0.0016423681986834993,31.033244078156734,1.901407930553079,93.41978151219875
26,2008-04-20 01:22:53,B0006,26,10078.719,3.165288926552873,4.204812324834961,-3.600475741470342,1.5188124461127854,25.44745403999636,3431.125,2.1387303309558976,4.1734521552365464,-2.0138293357975146,-0.0013483637694533895,31.001249222460967,1.878674213680085,92.3028308415357
27,2008-04-20 06:35:39,B0006,27,10617.375,3.1585999408445216,4.206162698014965,-3.5916260454245297,1.518910836919328,25.351655963419258,3412.406,2.346064498302046,4.1764585468168685,-2.022139165928567,-0.00026012091102195506,30.921434744041356,1.8683061328264219,91.79342734506018
28,2008-04-20 11:57:08,B0006,28,10564.157,3.1800787857828134,4.205381133772882,-3.6158836080589976,1.5192072800408396,25.2638879248557,3410.688,2.327337743316428,4.17626102066065,-2.019521715890847,0.00022521118946577974,30.929360248207214,1.8560244070082998,91.19000283836426
29,2008-04-20 17:17:44,B0006,29,10143.984,3.187272499172172,4.205003143801726,-3.634273988175265,1.5216390490077822,25.323443940163475,3410.718,2.4863117233366316,4.172855540858831,-2.0145859231710013,0.0012030807811573936,31.00810965793079,1.8451997961855777,90.65816915777205
30,2008-04-20 22:31:18,B0006,30,10790.452999999994,3.2020554560840377,4.203251704766414,-3.6429691233258272,1.5257311251432188,25.304305905815063,3392.719,2.2921663510920895,4.1881878017349035,-2.01454229289152,0.0017843402447845862,30.96779499306422,1.857228890885317,91.24918141799353
32,2008-04-22 14:15:41,B0006,32,1674.484,3.77264930301967,8.083343544866112,-4.480833764270697,1.4831469913620094,23.82084266180423,3470.672,2.4343006861812118,4.189991619197343,-2.015096988943597,-0.002790026577360228,31.10097217303459,1.9247760889090635,94.56790349742867
33,2008-04-22 17:04:53,B0006,33,10113.656,3.1093763412324615,4.202120861189459,-3.5040748331325484,1.5231873158824103,25.536564067789637,3414.109,2.472619908000758,4.186982490201218,-2.0246589334484746,0.000219946169021966,31.307368922041046,1.8822317526092551,92.47761948322794
34,2008-04-22 21:56:21,B0006,34,10137.89,3.1626443017597925,4.201864317666194,-3.56856401225435,1.526956018024411,25.56741667631952,3395.219,2.403422072720937,4.1864831065416155,-2.014540253971324,-0.0013831277471471597,31.131339987164562,1.855276687885587,91.15326597829659
35,2008-04-23 02:47:55,B0006,35,10651.657,3.1806077746197734,4.2028686021710415,-3.5974004749593367,1.5202790759235252,25.15735403314838,3386.0,2.4006679782182205,4.187721936001791,-2.0140910758505797,0.0011594939858130299,30.828713779105055,1.8392508917181876,90.36588818710266
36,2008-04-23 07:47:54,B0006,36,10032.485,3.192399897100915,4.2020080862057165,-3.6237143492909194,1.5188192685377937,24.989538945227892,3368.187,2.3194299432177345,4.184171356892756,-2.0132183154407977,0.0012199865224596935,30.761533072057244,1.8185396073994429,89.34830346748316
37,2008-04-23 12:37:17,B0006,37,10574.297,3.1982284720629224,4.201677900975037,-3.6170718429558018,1.5223461586785663,25.180745399490828,3368.266,2.3401731734980076,4.186779863144672,-2.0142775706959855,0.000712613725765745,31.30305692941581,1.8134770059567056,89.09956824708976
38,2008-04-23 17:35:42,B0006,38,10461.735,3.2055381729712327,4.20163878277163,-3.6184452044994417,1.5224694324672676,25.292235216630523,3358.719,2.3829603510808774,4.186482965601712,-2.014866249205715,0.0010041973417186346,31.06432144678013,1.7971018450305436,88.29502550201761
39,2008-04-23 22:32:06,B0006,39,9993.062000000005,3.2128516923673693,4.201778926311602,-3.636268181299368,1.5228534841248562,25.12354763553037,3339.5,2.351855540704836,4.184741677172267,-2.014036681172477,0.0009279755162790197,30.96654665282149,1.7810046294120476,87.50413873759919
40,2008-04-24 03:20:23,B0006,40,10602.281,3.2151813877525415,4.201893244216743,-3.6385397346334627,1.5223133448880986,24.845898768603192,3331.265,2.3535104841115886,4.186114015167315,-2.013562007420154,0.0004104562259902084,30.826455697992966,1.7710130422682329,87.01323309187394
41,2008-04-24 08:18:41,B0006,41,10667.969,3.221237182213611,4.202091955147693,-3.649826602701682,1.519026518625429,24.745480280733183,3321.188,2.3948058223938364,4.186378094589789,-2.0146073733834746,0.0009332187923950495,31.080769482413952,1.7604712448170943,86.49529456915789
42,2008-04-24 13:17:56,B0006,42,10504.781,3.226823142796513,4.201996589667506,-3.6579210686447445,1.524058558680382,25.29969472858799,3321.844,2.4418858444380294,4.185742966026202,-2.0156412315711094,0.0014623495361316455,31.694287817425337,1.7502913788006587,85.9951384249673
43,2008-04-24 18:14:28,B0006,43,10246.781,3.232468571687962,4.202078104566653,-3.663250342263088,1.5254145928251492,25.719099276376973,3311.828,2.391848815367812,4.1849954235358595,-2.014135597110891,-0.0009765358148676846,31.875581783696685,1.7394925037732578,85.46456919285944
44,2008-04-24 23:06:34,B0006,44,10166.218999999997,3.2329595469160965,4.202221842381282,-3.6628486200461525,1.5217171473532471,25.607949607087512,3327.391,2.3166154227865463,4.175622772952551,-2.013918427729744,0.0005605769329787213,31.543288143901563,1.7546766553637203,86.21059538809914
45,2008-04-25 17:02:35,B0006,45,10804.922,3.3056995710837054,4.20183690205406,-3.7793272762446426,1.5191332498312022,25.15239521946869,3312.078,2.4110989960643794,4.191704957733779,-2.0164764928559697,0.0006125224393033973,31.420983409991024,1.7659390941842175,86.7639403894526
46,2008-04-25 21:32:20,B0006,46,10758.985,3.224144518665935,4.20176801838368,-3.652499186899819,1.520178296238574,24.956784398728235,3293.172,2.4510125175432287,4.185468369564667,-2.014424639912736,0.000726309956247418,31.15837149963786,1.7337887419624838,85.18433254632082
47,2008-04-26 02:32:41,B0006,47,10317.515,3.23786714300843,4.2020264962422305,-3.6795160676623317,1.5210805455659264,24.845753514136497,3275.328,2.471216186082459,4.184201889006967,-2.0136840343383655,0.0006105952606363766,31.15661421699882,1.713325912040734,84.17895486292434
48,2008-04-26 07:25:23,B0006,48,10805.734,3.2415481964497013,4.201731974579074,-3.6818257982073193,1.5205488693019396,24.759253545817227,3265.016,2.470968641396993,4.185838836583766,-2.015243276008703,0.0013481309742365592,31.206611383963253,1.7024077813673466,83.64252637451848
49,2008-04-28 17:20:47,B0006,49,9946.391,3.3304983741984855,4.2019364305263425,-3.852084607245219,1.5195918722671178,25.385815273810298,3328.937,2.4288023941361625,4.1729165619005535,-2.014822027548639,0.000883957804000857,33.61169282822636,1.82371946178183,89.60279954741002
50,2008-04-29 13:44:46,B0006,50,10063.547,3.108769944962185,4.2019802690229335,-3.4977976183423696,1.5219116345456263,27.380478585615847,3329.266,2.3551430866643166,4.186982012423103,-2.014147642384201,0.0013785124508379858,32.85630077141311,1.8081284050314708,88.83678132914206
51,2008-04-29 18:34:10,B0006,51,10376.172,3.1705581489494783,4.201868241940657,-3.5812607098712266,1.5249374688117034,26.646363956512182,3301.579,2.365933525789291,4.186537777937825,-2.0135457323415866,0.0013469218858249991,32.210981559158874,1.7757610945034283,87.246513912519
52,2008-04-29 23:28:20,B0006,52,9756.858999999997,3.198666493757404,4.201968483553752,-3.6189003007560423,1.5192599895213021,26.100358589607755,3283.563,2.3481961394586457,4.182282350256796,-2.0143501433980724,0.0011884652184539464,31.965090081650274,1.7447409841836798,85.72243699983238
53,2008-04-30 04:11:53,B0006,53,10610.906,3.213288865470046,4.2020894684143295,-3.6380744136956626,1.5191946628746977,25.649456483530546,3275.125,2.46945948630322,4.185961817428056,-2.013955993405398,0.0023455920246722457,31.744801840189538,1.729207034132373,84.95922454210778
54,2008-04-30 09:09:32,B0006,54,9978.078,3.230487674099927,4.202032914685855,-3.665907694313529,1.518911146559729,25.59348533692894,3265.656,2.4666715880697576,4.1836566973224585,-2.0143598768040447,0.0008097171102984877,31.876564068962466,1.7081086552553244,83.92262113192731
55,2008-04-30 13:56:29,B0006,55,10246.984,3.2367317080665323,4.2029650037863515,-3.6728332803135753,1.519466500765042,25.80802143843077,3266.093,2.4482931262785135,4.184390004467988,-2.0146981664689427,2.3587764193591595e-05,32.24289319481841,1.6975954237461768,83.40608610817466
56,2008-04-30 18:47:57,B0006,56,10437.047,3.241348430901042,4.201745105046002,-3.680117211757426,1.5190073835671705,25.690981294880917,3257.594,2.4745215382882586,4.184732708741646,-2.0150505202774576,0.0028840576269616946,32.07305565938816,1.6820634524029463,82.64297086813447
57,2008-04-30 23:42:27,B0006,57,10805.827999999994,3.249643836500577,4.201953884828614,-3.6817868852101214,1.5202036234216891,25.577958645380264,3248.593,2.469127855241356,4.185835940524748,-2.016431910751689,0.0008062258329325605,32.030140929891196,1.6714768322295086,82.1228301199745
58,2008-05-01 04:42:57,B0006,58,10805.375,3.252714889471868,4.201864866348314,-3.6937410845811742,1.5185150697706895,25.46098104903186,3238.766,2.4177173347922416,4.185703389994729,-2.013961242413253,0.001300028898722823,31.984935871368258,1.6607591387047655,81.59624948921793
59,2008-05-01 09:43:18,B0006,59,10685.968,3.252539866604192,4.20167085224603,-3.686688184656638,1.5195784471675724,25.436993851892336,3240.14,2.3775131079338427,4.184887437252902,-2.0142789765419593,3.3324869557570366e-05,32.23677365476226,1.651121015038069,81.12271017518528
60,2008-05-01 14:41:41,B0006,60,10588.64,3.255601614126972,4.201838951244605,-3.6892686004043425,1.519029943407328,25.938054463156547,3230.109,2.443723814618984,4.1845671326128535,-2.0170700253976435,0.0008339594777993074,32.56097148037261,1.6401349256190927,80.58294274458677
61,2008-05-01 19:38:17,B0006,61,10736.094,3.258534264087611,4.202695530287936,-3.6933604255028323,1.518653880888649,25.848663621482324,3229.7810000000027,2.4324278256917147,4.184590722398005,-2.0153270924031044,0.002267298724556321,32.48984985901219,1.6291999416165441,80.04568622012265
62,2008-05-02 00:37:22,B0006,62,9790.859,3.2615100283702536,4.202048923784108,-3.6978868847367,1.5202891571711172,25.889479643087075,3212.469,2.494085641889116,4.181227276564003,-2.0264444143525524,0.002587585651271363,32.42612199208859,1.6088496302961666,79.04583678923177
63,2008-05-02 05:20:24,B0006,63,10274.359,3.265132034578369,4.20263466163033,-3.7121319687649907,1.524258190853222,25.70387833670803,3213.219,2.382347172890769,4.182601669503782,-2.014269976996697,0.0017194503246426888,32.29984271249387,1.6035244898969248,78.78420253146665
64,2008-05-02 10:11:31,B0006,64,10711.063,3.264211000192049,4.201922758254661,-3.705504506616076,1.526392922791181,25.559248674341752,3203.578,2.406668297987779,4.183991041340736,-2.0248983473305704,0.0007053447084269127,32.610757585145336,1.5989712144027983,78.56049146190021
65,2008-05-02 15:09:46,B0006,65,10806.015,3.267944828089001,4.2019324312079265,-3.6967905925504496,1.5192260559878688,26.033525396777186,3195.125,2.4204142690378765,4.182425008087469,-2.0134062122749032,0.00037116990278515926,32.25699351958767,1.5876273123575604,78.0031440176547
66,2008-05-02 20:28:25,B0006,66,10481.047,3.2544469533294,4.202081808054388,-3.6867221313378074,1.5212935563033854,25.992986590762236,3195.3129999999946,2.4507845245525193,4.190985194174346,-2.014898941623113,0.0010117048958550698,32.47193402838835,1.5829719744686166,77.77441842886215
67,2008-05-03 00:50:52,B0006,67,10153.36,3.2698839798909396,4.201818733858601,-3.705916068394221,1.521233003827182,25.919135612812614,3186.297,2.3930328819230717,4.181860480163402,-2.014097659688176,0.0007636707747866177,32.40219271195366,1.567137636713563,76.99644735295674
68,2008-05-03 05:39:33,B0006,68,10662.468,3.2702997833218324,4.201981089851835,-3.710772416523735,1.5186489376166916,25.692906565192622,3176.438,2.3938995980718403,4.183449364094532,-2.01648199199959,0.0005527600059578974,32.30987415652578,1.5613446139713882,76.71182514739364
69,2008-05-03 10:36:35,B0006,69,10494.625,3.273667148356388,4.202659374028286,-3.708882263474569,1.5203626402499832,25.652455059158342,3167.593,2.4373294683003053,4.182943907496545,-2.014359351341952,-9.517952000869487e-05,32.35440526839345,1.5511711892790419,76.21198547768459
70,2008-05-03 15:30:41,B0006,70,10467.75,3.276020013972198,4.20164780091011,-3.7139202446334973,1.5203479555297505,25.71736135777053,3167.719,2.3705330061374523,4.182592999177517,-2.016181081460114,0.0015048652079400844,32.4731363791227,1.5406741606295171,75.69624653118686
71,2008-05-03 20:24:21,B0006,71,9904.406,3.2746012476426976,4.201931662195583,-3.713906926144234,1.5191083639598488,25.864876174531357,3159.077999999994,2.351294851260762,4.1775564354981025,-2.0224281819207026,0.004482527231908509,32.52334649341759,1.5253138744624433,74.94156650980108
72,2008-05-04 01:08:29,B0006,72,10805.656,3.2731662508052812,4.201986370700827,-3.7108207873256394,1.5192943001544128,25.698809219589723,3148.829,2.436845595522602,4.183199732433941,-2.015670909853089,0.0010131499204386121,32.518264823491045,1.5301570318067428,75.17952002501654
73,2008-05-04 06:07:29,B0006,73,10777.328,3.27892491810025,4.201881586225614,-3.7240225827517524,1.5189953579806983,25.687446717455636,3149.094,2.39030487147494,4.183585552184287,-2.0154336980599203,0.002939357955384793,32.5437072434024,1.5246566834474087,74.90927746753414
74,2008-05-04 11:06:02,B0006,74,10745.86,3.2778793040923904,4.201620779776264,-3.7220223141933277,1.5183978157408586,25.675400345041066,3140.547,2.4892160721496315,4.183170360974043,-2.014176241235146,0.005138941784565251,32.562223096007365,1.5145492986655427,74.4126824640059
75,2008-05-04 16:03:55,B0006,75,10806.781,3.282528323487574,4.201757286849718,-3.7240786297616295,1.519370785389264,25.668763538927504,3131.625,2.450611393803655,4.183501501534186,-2.0151247064734266,0.0019635914622084336,32.58978020040808,1.509391504602082,74.15927024943012
76,2008-05-04 21:02:41,B0006,76,10806.593999999997,3.2821691530410773,4.2018643305032475,-3.7249541026012265,1.5201371815158178,25.633776388554608,3121.907,2.4111946043456745,4.183243008796117,-2.0150071612077523,0.0010096976995750016,32.57089563557426,1.5039974333050705,73.89424928579005
77,2008-05-05 02:01:17,B0006,77,10429.547,3.2821563112618954,4.20177036634956,-3.722659239469784,1.5208625762015822,25.625938785360578,3122.125,2.4609139768640715,4.182038001412004,-2.0158858292130217,0.0015563666004580641,32.537854347094196,1.4935201918040188,73.37948251946334
78,2008-05-05 06:53:38,B0006,78,10807.094,3.2846723040099906,4.201750349741588,-3.7126007250396476,1.5201997802283505,25.457904643596315,3121.672,2.378420264362521,4.182440318401142,-2.0170367841185635,0.00120406950854599,32.65645090520509,1.4876323024497422,73.09019933714036
79,2008-05-05 17:40:16,B0006,79,10719.016,3.315305037032042,4.201796095184764,-3.75500778976295,1.5192170075794829,25.836963360909557,3120.86,2.3844697219937414,4.189962701965466,-2.015207980747731,0.0004792431384679534,33.180785234653264,1.5302876214401704,75.18593614163545
80,2008-05-05 22:05:32,B0006,80,10806.437000000005,3.276447092572885,4.201926818039459,-3.7165828196647213,1.5180297101958384,25.705316618203263,3103.828,2.448639661640692,4.181214475643097,-2.013340550431054,0.0013906428309179838,32.71220835503141,1.5040760088360112,73.89810985080334
81,2008-05-06 03:03:53,B0006,81,10805.265,3.2826435724173706,4.202109746188843,-3.727192287204725,1.5195332864665034,25.199061438892777,3095.094,2.362869757217078,4.182157933832856,-2.0143052426244057,0.001681226390227438,32.543943889007906,1.4887593608730894,73.14557385723607
82,2008-05-06 08:02:05,B0006,82,10208.062,3.2804947276742316,4.2017192249136555,-3.7178619152316905,1.518163005253035,25.244891582118854,3095.781,2.479712742728869,4.1802491747767325,-2.01522796444188,0.006848118425125903,32.6655410721976,1.4782779285546637,72.63060118809538
83,2008-05-06 12:50:20,B0006,83,10807.219,3.2862606278339714,4.201926859597692,-3.7203502596234315,1.5196045434514844,25.478299525410506,3094.328,2.4609902569842412,4.182775550999248,-2.0164424024266667,0.0002472528891452739,33.160922870564626,1.478459982215684,72.63954583009604
84,2008-05-06 17:48:34,B0006,84,10805.906,3.288103063162418,4.201876108488853,-3.7196598180974716,1.5197897213415825,26.03924515455654,3086.531,2.4794507375590507,4.182970513713943,-2.0141732645976056,0.001003005257382598,33.414445545408455,1.473214844899973,72.38184227571321
85,2008-05-06 22:46:40,B0006,85,10655.937000000005,3.2864892242104498,4.201796006870495,-3.7361043865059695,1.5201851824809516,25.97604259369371,3085.625,2.421513989921717,4.182588389688278,-2.0145333122938633,0.001953863417311998,33.3541679486525,1.4675164935067897,72.10187145326269
86,2008-05-07 03:42:15,B0006,86,10117.172,3.28561007295432,4.20180072733435,-3.7314326696173303,1.5198322885662567,25.919206758618333,3067.203,2.3927989623544175,4.180388252515709,-2.0150807231044525,0.002464932477340866,33.13634596100404,1.4516292657521335,71.32130179126342
87,2008-05-07 08:28:34,B0006,87,10805.86,3.2832134531371553,4.201611600487684,-3.7359698146172473,1.519187349144833,25.445615862630408,3058.157,2.410475236770924,4.182476201666448,-2.0151017082510445,0.0011413024919993738,32.92241762841388,1.4519237720967177,71.33577144710263
88,2008-05-07 13:26:13,B0006,88,10806.328,3.2849485831676315,4.201714765160048,-3.7365704864341165,1.5183389764551052,25.395678108430275,3058.812,2.4915333699239977,4.182567814531136,-2.015773418279684,0.0003841275623097243,33.20338483123576,1.4471484694777745,71.10115176336829
89,2008-05-07 18:23:54,B0006,89,10744.828,3.29127899623165,4.2018926754376515,-3.7308436109738667,1.5194792004322968,25.907732220074237,3058.578,2.444861994529003,4.182606347806988,-2.0165661835906454,0.001218107513799628,33.533950654066935,1.4468538105659885,71.08667461161282
90,2008-05-07 23:20:34,B0006,90,10804.797000000006,3.2913541777932447,4.201797518925969,-3.7302994526820052,1.520201034939838,26.05226931839347,3177.219,2.479017302613424,4.222516216835943,-2.0143333289759338,0.00029206186344975406,33.224088400657315,1.5935866593100128,78.2959380474406
91,2008-05-09 17:26:51,B0006,91,10802.578,3.313706111247205,4.201775391106608,-3.783602805806672,1.518304456917839,25.93431372564645,3082.937,2.4820670710190385,4.1909374470770855,-2.016338466932382,0.00020266112069095444,33.37083344726966,1.5463902376915637,75.9770882494014
92,2008-05-09 21:53:00,B0006,92,10544.452999999994,3.2844122662863153,4.201674132878917,-3.7334837603402944,1.5185261920907347,26.51775579342402,3074.266,2.452449045714353,4.183028520369727,-2.0145951136219593,0.0019503732302666096,33.43366634309322,1.51470559175661,74.42036144029748
93,2008-05-10 02:46:38,B0006,93,10701.125,3.2926353189052597,4.201830959999943,-3.7456372760155343,1.5192202336201115,26.296792336298168,3066.0,2.4198491932573414,4.1838942747302825,-2.0144018884289827,0.0005084867021221242,33.28676739403043,1.4989786083335404,73.64766488653811
94,2008-05-10 07:42:46,B0006,94,10805.813,3.2936425274094803,4.201992281469841,-3.753407683849187,1.5188649770233784,26.03904064199693,3056.437,2.4706823501191706,4.1839835007856605,-2.015270624937178,0.0007359350635753225,33.14347737377552,1.4831110745410492,72.86806282628963
95,2008-05-10 12:40:29,B0006,95,10693.438,3.2975249524469494,4.201883915537131,-3.7589381052953175,1.520441444540272,25.90252654964816,3048.219,2.413759774558071,4.183640209073579,-2.015800833534411,0.002124212914898989,33.11021541795579,1.4729664825468278,72.36963976177928
96,2008-05-10 17:36:13,B0006,96,10708.406,3.2971122960076675,4.201969977221339,-3.7456212649020735,1.5187484798968005,25.877092731363224,3039.218,2.4562499847243027,4.183387047926521,-2.0153848289913054,0.0017289535444482576,33.18991802149879,1.4627604396099307,71.86819749578868
97,2008-05-10 22:32:02,B0006,97,10805.297000000006,3.3000869841605884,4.201695282300284,-3.750365620802588,1.5223628180045232,25.93141642274133,3039.047,2.401794655879554,4.18356344388626,-2.017707476586292,0.0015255121086987376,33.26265398635676,1.4518364681062514,71.33148203630158
98,2008-05-11 03:29:30,B0006,98,10363.61,3.2982282177754296,4.201772117189957,-3.7574072516860855,1.518909244260414,26.008428132103052,3030.375,2.4087687236133313,4.18171248971767,-2.0198780169470747,0.0017135739999164965,33.299978841087025,1.4468670644030392,71.08732579778997
99,2008-05-11 08:19:27,B0006,99,10805.094,3.298656614783053,4.201969015097004,-3.763946782178309,1.5207170190793344,25.9304594999863,3021.0,2.4308118485818704,4.1832473219705815,-2.0197856871193367,0.0020383190496457725,33.31663547841367,1.441380399427779,70.81775553094546
100,2008-05-11 13:16:38,B0006,100,10805.5,3.300089635477575,4.2018966162936255,-3.762720455293621,1.5194994720462724,25.947381066960602,3021.75,2.398886415333129,4.183049768329545,-2.015287001210607,0.0021980860706101134,33.39150630507064,1.431210744960774,70.31810109956534
101,2008-05-11 18:13:51,B0006,101,10806.844,3.299869457743646,4.201708649732984,-3.7526750253731245,1.5197983595032618,25.97159894270595,3012.265,2.3814379490849835,4.1830924980863315,-2.013949066691416,0.0005566103878417646,33.41522427488497,1.4260247179525716,70.06330174681324
102,2008-05-11 23:10:55,B0006,102,10367.906000000003,3.2997744701611627,4.201967903302304,-3.755317908269853,1.5192846931004707,26.033603358388206,3002.641,2.459885297095542,4.181536580807847,-2.015065571425412,0.0018803136776330096,33.39690850726103,1.420487649966195,69.79125508434085
103,2008-05-12 04:00:32,B0006,103,10806.719,3.300219089371757,4.201778290985763,-3.763354669678761,1.5195124096451034,25.90982967799584,3012.0,2.4007285025453995,4.172034399629829,-2.0151971595728613,0.0022542409730723326,33.73731993653,1.4207006230355006,69.80171885557206
104,2008-05-12 16:11:11,B0006,104,10043.172,3.3087416652324673,4.201694216136269,-3.7551825062891337,1.5185838718623654,26.41227975974544,3020.11,2.472830716079143,4.188427549455566,-2.0180838913239434,0.008152353556458646,34.08965316576344,1.452255804330839,71.35208482113887
105,2008-05-12 20:23:51,B0006,105,10569.812,3.3025322242204087,4.201799253685489,-3.760096811017353,1.5198417028632139,26.686445558767225,3002.172000000006,2.467318928642863,4.181499335679726,-2.015157068463395,0.00019789529282717813,33.9987286593769,1.431557632772571,70.33514435633658
106,2008-05-13 01:16:51,B0006,106,9917.203,3.305263677487701,4.202607352676675,-3.7538021792064638,1.5193677622174524,26.606458183179758,2992.703,2.3692462667540997,4.179546243153898,-2.013917344838714,0.001392653144198631,33.907397114007345,1.415015751158943,69.52241030736464
107,2008-05-13 05:58:50,B0006,107,10317.406,3.3014087695778023,4.2017718095422545,-3.7552040488098104,1.5206788206136503,26.340043075472312,2964.468,2.4482618595124874,4.18101558225098,-2.026182069042455,0.005189848551175063,33.70518417605219,1.4097311506517451,69.26276785146193
108,2008-05-13 10:47:01,B0006,108,10806.109,3.302169236500692,4.20296129787524,-3.751361742414546,1.5194196399059967,26.10257345827895,2983.375,2.4598632768748825,4.182667734360821,-2.0154806588037197,0.0017804365403169887,33.7458832944166,1.404917318129309,69.02625512041874
109,2008-05-13 15:43:41,B0006,109,10041.921,3.30216118095718,4.201757124664383,-3.7523421815899587,1.5197973309107031,26.41341494885895,2975.297,2.497869764845928,4.179947555799937,-2.014398878088724,0.0004526100127092855,34.01657212624259,1.395164296571563,68.54707065486149
110,2008-05-13 20:27:29,B0006,110,10719.281,3.303253571552704,4.201859315713612,-3.752726383746223,1.518658755463436,26.584568753917836,2974.9850000000006,2.472236707252471,4.182316086490744,-2.015379938834276,0.0004074114617765993,34.175023374593785,1.3945343832614077,68.51612181802287
111,2008-05-14 01:22:34,B0006,111,10804.719,3.303313630472931,4.202267158759825,-3.752396012919458,1.519011179608572,26.46196190140926,2966.25,2.4278749904763077,4.18300582450457,-2.024938600791225,0.0027319664703010157,33.976109677640174,1.3893171179312644,68.25978766720687
112,2008-05-14 06:18:57,B0006,112,10805.687,3.301747522279584,4.201768683837636,-3.7534948764970397,1.5262421019042425,26.121216404378323,2956.359,2.4275905200235055,4.1825046060820625,-2.027018156432659,0.0013872942238959522,33.84150372451663,1.3838379472327809,67.99058560840852
113,2008-05-14 11:15:12,B0006,113,10011.406,3.3021979348725896,4.201625543524005,-3.7495282804531564,1.5178774150586074,26.409310711304133,2956.344,2.37337869163978,4.179533028548021,-2.014779909755338,0.0037299171946931393,34.1008464215818,1.3736814238195123,67.4915763306282
114,2008-05-14 15:58:13,B0006,114,10806.625,3.3024101704423128,4.201785610504049,-3.75004525139233,1.5202255764516366,26.554432319974733,2956.406,2.4248604132549767,4.18250512422575,-2.0151111715849144,0.0014127620211878914,34.34663683304219,1.3786059891863676,67.73352957654757
115,2008-05-14 20:54:30,B0006,115,10805.563,3.3022283025983,4.2018270229460235,-3.7486346943162476,1.5181379755035627,26.61726658220038,2947.266,2.426962848243194,4.1828227593786,-2.0151664181090267,0.0008856833378857151,34.216231530637586,1.3737600299108574,67.49543839713218
116,2008-05-15 01:50:38,B0006,116,10807.219,3.3021701395111345,4.202054742705047,-3.7574002083853717,1.5269261130356064,26.399750319384214,2937.984,2.417287750352038,4.182413969607667,-2.016248522283907,0.0022565477410673076,34.041617020161176,1.3682580583942712,67.22511609085237
117,2008-05-15 06:46:38,B0006,117,10805.547,3.3006994767472846,4.202074957625042,-3.7553916796956957,1.5179370111810109,26.124475808397165,2929.125,2.4185087281747166,4.182451170946608,-2.015018401452086,0.002945843089707679,33.890212870710734,1.3633024037317505,66.98163536881292
118,2008-05-15 11:42:28,B0006,118,10510.453,3.301645636776092,4.201911913537215,-3.7468249398162885,1.5184207238792458,26.26020263178304,2928.454,2.480937393224248,4.181305580928812,-2.014808414619914,0.0017870517833380544,34.116762412437,1.3580966140172601,66.72586503678076
119,2008-05-15 16:33:24,B0006,119,10202.781,3.302014761306187,4.201830029496174,-3.74663240885026,1.5178844872772068,26.670370279195048,2929.375,2.4078214169511205,4.1804870315884735,-2.0149941642208877,0.0009686723211606385,34.490493589415046,1.353269090999531,66.48867966571198
120,2008-05-15 21:19:13,B0006,120,10140.858999999997,3.303240846755316,4.201660395186249,-3.7548981889793307,1.51794309569389,26.950570586809867,2946.031,2.433234589649132,4.163570261072192,-2.014889154962298,0.0021530897065765533,34.23744800906639,1.3841605738237488,68.00643686533974
121,2008-05-16 18:43:58,B0006,121,10340.672,3.305883574157327,4.2018347977923,-3.7524398308967344,1.521093705672364,26.72454690095705,2955.438,2.440822893388958,4.190012868765637,-2.021897889619746,0.0009450807694683962,34.41428886050454,1.4051467790651473,69.03752897183544
122,2008-05-16 23:00:32,B0006,122,10700.062999999995,3.304878852070063,4.201909029650088,-3.765024779245602,1.5301241756548198,26.742962123720645,2937.625,2.396078253891397,4.182418011462176,-2.013990107965066,0.0022862143567549285,34.16445180476378,1.378719022627353,67.7390831241008
123,2008-05-17 03:54:49,B0006,123,10628.938,3.304375893859719,4.201652974757697,-3.7581799935246383,1.5259090007102982,26.311611774381017,2929.078,2.449306948268824,4.182070839014939,-2.0141794769710484,0.0017603003484055497,33.877146811272176,1.3682657783199066,67.22549538545536
124,2008-05-17 08:47:46,B0006,124,10807.109,3.3018889696032825,4.202116845735083,-3.7612193870723996,1.519845584856359,26.06284845842712,2918.375,2.384185417166802,4.182701902443236,-2.014245767720947,0.002448164539924058,33.839566254190565,1.3573151296618016,66.68746922672389
125,2008-05-17 13:43:32,B0006,125,10722.515,3.3019673787364305,4.201754715758656,-3.7605697616352387,1.5208653837890758,26.038273335849972,2919.812,2.4440756213040964,4.182270325485355,-2.013969299900083,0.0010573004756267543,33.818304796930946,1.3524934638801596,66.45057163278422
126,2008-05-17 18:37:55,B0006,126,10772.969,3.3015267018387213,4.20178318477522,-3.761798186882574,1.518978997862689,25.982571679078095,2900.422,2.4296014294774673,4.182394535290608,-2.014779898380345,0.0016960165224917886,33.812621135472135,1.3474099151661236,66.20080723318286
127,2008-05-17 23:32:50,B0006,127,10745.718999999997,3.3013445572178473,4.201810483095487,-3.751114478494223,1.520707959228092,25.98889751886105,2901.375,2.41022288115442,4.182061947471753,-2.014211676143238,0.0020320718333584533,33.79894614410012,1.3370075130842318,65.6897174696045
128,2008-05-18 04:27:19,B0006,128,10807.094,3.2997787610882314,4.201721119000679,-3.7559372442334014,1.520260319492972,25.873817245148032,2901.187,2.4098927032454966,4.182288987105723,-2.0146307921789908,0.008037676680716626,33.702723745621576,1.3312352966718526,65.40611751852576
129,2008-05-18 09:22:51,B0006,129,10113.641,3.299793545481923,4.201720993314495,-3.764214981537595,1.5192991867204761,25.866725578506443,2891.64,2.453938411405305,4.179662143533188,-2.013369705800471,0.0010416352989289336,33.63562651984647,1.3259303781727643,65.14547680110712
130,2008-05-18 14:06:39,B0006,130,10585.812,3.2986596717827004,4.201829001057363,-3.7643913523639103,1.5191267076110049,25.77918241614055,2882.906,2.3940396792395253,4.181392635232333,-2.0139825284473383,0.0013051127215942834,33.690724061796516,1.321578743867529,64.93167274597319
131,2008-05-18 18:58:12,B0006,131,10806.562,3.298883819023501,4.20180498945883,-3.7711630585050364,1.5217519034015525,25.779594856251975,2883.265,2.45134737470238,4.182099866234647,-2.0138921521532196,0.0019059149885720526,33.71317033815572,1.321225074066109,64.91429627717592
132,2008-05-18 23:53:33,B0006,132,10805.281000000003,3.2994453060638134,4.201964081312294,-3.767879659334081,1.5191379447852513,25.739149646920637,2882.969,2.475014603796582,4.182054276922838,-2.013710255019385,0.004822714606532057,33.65376593260611,1.3156485301862682,64.64031008911138
133,2008-05-19 04:48:55,B0006,133,10733.391,3.2999025261115977,4.2017094009740035,-3.7623165002978114,1.5186858302216113,25.68008908964709,2891.656,2.4569179775419294,4.168816046299314,-2.0145340492151043,0.0016790557813109385,33.983578066068176,1.3209025697502388,64.8984510278524
134,2008-05-19 17:58:12,B0006,134,10805.547,3.307842656052423,4.201660599756037,-3.7745278082743177,1.5186750486269274,26.173174882929104,2901.25,2.438240626221148,4.190149239555381,-2.01382438347875,0.0011291190058123485,33.816348135475515,1.3474328767273906,66.20193537828118
135,2008-05-19 22:08:37,B0006,135,10751.266000000003,3.3055297993253854,4.201683433557864,-3.773416650845095,1.5194444033228698,26.412927199212106,2891.703,2.4946397780995584,4.187196878135145,-2.0133154561700204,0.0015509192623282008,33.60692030225909,1.3260128072353616,65.14952669744675
136,2008-05-20 02:38:35,B0006,136,10805.625,3.3010107898362406,4.201900338190367,-3.7775445664037823,1.5185640427854767,26.01498124223845,2883.016,2.4367455144223555,4.18232296515852,-2.0139168871011672,0.00178074624019554,33.47350597721994,1.3101186784831063,64.36861797633368
137,2008-05-20 07:33:50,B0006,137,10806.672,3.299499283842209,4.201731577620456,-3.7738067195182934,1.5189720316241349,25.743698100268983,2873.453,2.4858689968085326,4.1822817387062585,-2.0142276812428177,0.0011362898765440136,33.209178727620106,1.30521620229393,64.12775001365068
138,2008-05-20 12:28:58,B0006,138,10502.453,3.300640608510676,4.201804218145283,-3.7659976981313297,1.521510676878905,25.849366387166373,2874.031,2.3957550201907916,4.181394192711236,-2.0140803684449082,0.001125807644408657,33.58088963686094,1.3004061951355774,63.89142523000749
139,2008-05-20 17:19:03,B0006,139,10689.219,3.3014523020307163,4.201878359716502,-3.7664642206897034,1.5253220062558357,26.160906049591357,2874.234,2.4504684570147006,4.182109437180301,-2.014831579693271,0.003538590469666894,33.76400861956033,1.300235735841116,63.88305024124815
140,2008-05-20 22:12:15,B0006,140,10436.453999999998,3.3017135841297534,4.201838427416867,-3.7695784683360736,1.5182664575482043,26.149674507929515,2864.984,2.3942028718004007,4.181210531150237,-2.014857985605384,0.0007121321492493882,33.57003564415372,1.2895066722480755,63.35591097744968
141,2008-05-21 03:01:06,B0006,141,10193.25,3.2997696570652626,4.201774820147272,-3.772696541391716,1.519523982279382,25.88741440866421,2855.093,2.4303844034459368,4.180183763169455,-2.013906118562721,0.0020706037950560794,33.272050895552354,1.279253057384795,62.85213141239902
142,2008-05-21 07:45:45,B0006,142,10733.703,3.298725121814035,4.201841193794755,-3.7717136551873143,1.5193322149440278,25.497625818790674,2855.625,2.4755630989048205,4.181641969595387,-2.01480412850878,0.001176065085161298,33.12740933210319,1.2792078171714618,62.84990867482796
143,2008-05-21 12:39:25,B0006,143,10647.812,3.299455252020041,4.201820075591181,-3.7729149181527832,1.5195881012546288,25.5837511055969,2855.594,2.446712151873903,4.1818501497507565,-2.014522533445452,0.0019702593856607345,33.439116773449626,1.274036760902923,62.59584486293798
144,2008-05-21 17:31:40,B0006,144,10621.235,3.3003894787191608,4.201815160235378,-3.763320626966718,1.5216068550572994,25.901434373433876,2847.437,2.4607112018206894,4.1817089329030335,-2.0149438038428857,0.004049537026825638,33.482874768414376,1.2741273923001468,62.600297755550194
145,2008-05-21 22:23:21,B0006,145,9969.577999999994,3.300733298984257,4.2016698016977765,-3.768968092746883,1.5190401800722073,25.812500717956773,2847.36,2.4619788522973796,4.178725976011113,-2.0150039133931816,0.0014280969271294325,33.22136307064441,1.2637639426440779,62.09112179860495
146,2008-05-22 03:04:11,B0006,146,10501.094,3.2987609244400855,4.201854366050775,-3.7650021548950647,1.5179843483915292,25.418015652812915,2837.328,2.4999079970509284,4.181148894438262,-2.015129426588159,0.0037301935665104953,32.98562738901426,1.2581373688955233,61.8146775481072
147,2008-05-22 07:53:42,B0006,147,10570.735,3.299608040225267,4.201788249320559,-3.76625461075654,1.5196117699154,25.184158283341244,2837.281,2.4061574188511727,4.181246648937272,-2.0157490612295734,0.0014360032513640252,32.970182781539556,1.253259864055301,61.57503647520722
148,2008-05-22 12:44:24,B0006,148,10804.765,3.2991534317207654,4.201808636248183,-3.7680620418827333,1.520159905734956,25.35578191720396,2838.515,2.40921365026611,4.1821248744689274,-2.014223314502266,0.008808612211148337,33.31018716138479,1.2532313315493426,61.573634619019614
149,2008-05-22 17:39:02,B0006,149,10037.5,3.2994126295802615,4.201735384834022,-3.7693140171606307,1.5183067725709938,25.68149669765411,2828.328,2.4705399687343235,4.179545017207998,-2.0163352495806492,0.0018528412705641154,33.23406652671602,1.2480874960313577,61.3209082142838
150,2008-05-22 22:20:44,B0006,150,10555.125,3.3001197034334897,4.201941787024512,-3.774311795673955,1.5183954308985603,25.591813739883985,2838.265,2.4996841687041944,4.164241788212258,-2.01499403966668,0.0006572950596480301,33.117656712920734,1.2534354284944844,61.58366228941904
151,2008-05-23 17:12:57,B0006,151,10807.328,3.3269496018541194,4.20193379990356,-3.8207854425526673,1.5197908587854374,25.497613624329297,2864.547,2.4839695531514434,4.189238693156103,-2.0181368086516467,0.0011420403060800586,33.78417036686004,1.2898048773266901,63.37056235911395
152,2008-05-23 21:36:00,B0006,152,10790.062999999995,3.30255370190612,4.201865908278174,-3.7795049535926117,1.5232226460366054,25.84421874752408,2846.39,2.4675402264113453,4.180842923747738,-2.0142774492167734,0.0006389432339644004,33.806439563441614,1.2635402021758835,62.0801290046241
153,2008-05-24 02:30:34,B0006,153,10574.641,3.302315430096961,4.201787473923707,-3.783566014109638,1.5187569686225868,25.742753320720922,2837.969,2.4946438160388325,4.18123823034649,-2.0138128429431967,0.005781248307535802,33.63735785291911,1.2479761706842853,61.31543858862738
154,2008-05-24 07:21:25,B0006,154,10074.109,3.3012187343323354,4.2017437511643605,-3.778045283866205,1.5196312987707965,25.638392621114672,2838.156,2.4577382116375843,4.1798277092808815,-2.0149177563869873,0.0023397381848139728,33.58195933847606,1.2321202877943334,60.53640895934027
155,2008-05-24 12:03:55,B0006,155,10423.047,3.3007794733708193,4.201762552830957,-3.7844105060535296,1.5183713340434388,25.49563276443761,2829.843,2.40986495422137,4.180792839927961,-2.0149300788502975,0.0010089516629164148,33.56245583951572,1.2271137666213534,60.290429069070264
156,2008-05-24 16:52:07,B0006,156,10534.046,3.3001076045445026,4.201785741226195,-3.783966177604957,1.5189676752326033,25.428938070318736,2829.625,2.479418189447868,4.181365190126037,-2.0147963353542564,0.000859480585004194,33.5111267532655,1.2217397581377356,60.02639382954212
157,2008-05-24 21:42:10,B0006,157,10266.812000000005,3.3009241894129024,4.201919560571855,-3.7904069692079725,1.5197901961562135,25.452360068893437,2819.437,2.434585389303289,4.180594670510683,-2.015518745222527,0.001199208658635817,33.53675907012135,1.211102678915174,59.50377393250057
158,2008-05-25 02:27:37,B0006,158,10568.109,3.300976187109429,4.201732878916651,-3.7852383299729215,1.5189873798161668,25.399233871624016,2819.579,2.425682710641569,4.181424135030176,-2.0147884579094577,0.0016688329956906312,33.49803069556778,1.2056159765131735,59.23420182680926
159,2008-05-25 07:18:06,B0006,159,10798.344,3.301620255727303,4.201886584230645,-3.7829070124674815,1.5208523527887805,25.2820272954604,2810.672,2.417924401749313,4.181921994951423,-2.0146138657111945,0.00267138921983699,33.516977262709986,1.2008936262717274,59.002183793913154
160,2008-05-25 12:12:16,B0006,160,10279.047,3.301302176469802,4.201754101022374,-3.7878786914446536,1.5181107742572388,25.41799675980421,2811.485,2.4541577949851603,4.179593598747663,-2.0148417510809367,0.002105455435076752,33.531923269271225,1.1905903985558335,58.495966655222006
161,2008-05-25 16:57:49,B0006,161,10299.39,3.301915384586722,4.201712312513253,-3.7843489852839536,1.5191382342108168,25.454072385369944,2802.422,2.463616101176541,4.180557596235595,-2.013981544237104,0.0030546197767952537,33.567636169584304,1.185179251041941,58.23010670462684
162,2008-05-25 21:43:40,B0006,162,10543.077999999994,3.3017323661121236,4.201956439749408,-3.7858512135022657,1.5189757328553397,25.429946661301248,2801.625,2.470375229475307,4.181414159913002,-2.014023708028726,0.0020243726684846712,33.60493096509702,1.1796706818144624,57.95946024028492
163,2008-05-26 02:33:39,B0006,163,10430.109,3.303220076248094,4.201709609217771,-3.78787942201836,1.5205651404243992,25.42050671654486,2802.031,2.4357634426689945,4.180815073540562,-2.016504705213686,0.003941121782864298,33.54281440778599,1.1745952836753915,57.71009629390571
164,2008-05-26 07:21:44,B0006,164,10154.094,3.302289699470916,4.202177831755399,-3.7928876825609925,1.517804067339829,25.397105626124826,2793.39,2.481190011798763,4.1697037841892834,-2.0192733708647617,0.002247664734570795,33.472459360982775,1.15381833159625,56.689285192545555
165,2008-05-26 12:05:07,B0006,165,10316.906,3.3018242995261127,4.20176385561649,-3.7913311497766347,1.517932231331495,25.419424201944214,2793.39,2.491537251958465,4.180283727512206,-2.014625681416588,0.0020222968056506606,33.58210389885497,1.1644009557372264,57.20922960804411
166,2008-05-26 16:51:13,B0006,166,10571.39,3.304408100521819,4.20175644608898,-3.790433217834476,1.5185435324136218,25.432459537239456,2792.485,2.40904100737121,4.181170015245673,-2.016243208356173,0.0003659402321130544,33.6634605108384,1.1587974947916069,56.933920933434955
167,2008-05-26 21:41:33,B0006,167,9892.375,3.303560314065407,4.201706683800265,-3.7931687120611355,1.5202223510203254,25.57546236674736,2802.016,2.475767645530351,4.1575524997258,-2.013736316594881,-0.000423769574389527,33.730546074122294,1.1749748834769171,57.72874675283711
168,2008-05-27 17:53:59,B0006,168,10212.234,3.3144498387779717,4.201881752705908,-3.8054224311359532,1.5196958170684782,25.30089012739764,2820.39,2.4160441724133666,4.188511527828155,-2.014876364498059,0.0032206172427055937,33.8912822372509,1.1856752327929356,58.254475229690506
0,2008-07-07 12:26:45,B0018,0,8122.844,3.4476511473865226,4.202872264991999,-4.034444944556543,1.520641431268088,24.42229248876264,3434.891,2.4721608434600437,4.188195942647034,-2.012995081928318,0.001459080605681204,31.773285281389256,1.8550045207910817,100.0
1,2008-07-07 18:20:14,B0018,1,10804.766,2.9685854954975253,4.2018954565543405,-3.326249394558189,1.521728826844694,25.545536174167466,3425.485,2.4114381994148304,4.186703558364525,-2.012643873951446,0.0031077708566253433,31.924891594728642,1.8431955317089987,99.3633983664338
2,2008-07-07 23:23:14,B0018,2,10806.391000000003,3.0007459097531988,4.201918359663014,-3.376134513513652,1.5232310701999145,25.446466159720142,3410.375,2.394395968141027,4.188811210133346,-2.0118244627327857,0.0021731033544040283,31.31691283374216,1.8396018424355423,99.16966895859797
3,2008-07-08 04:26:02,B0018,3,10805.953,3.0220629037841675,4.20209280278357,-3.4126693627826135,1.523339135307488,24.873840724794903,3404.719,2.3999481734774424,4.188875360300162,-2.0135271229076634,0.0019898436251189404,30.821190751176527,1.8306736044962053,98.68836350412234
4,2008-07-08 15:56:37,B0018,4,10806.594,3.081310778261303,4.202264581050834,-3.494189677345426,1.5221130288823264,25.184745587136256,3417.641,2.3851461229395867,4.189908817357781,-2.014479287336525,0.001791496299138119,31.95346971511436,1.8327002069419656,98.79761404357093
5,2008-07-08 19:56:07,B0018,5,10804.844,2.8920212868007713,4.201938151381219,-3.1900654194476274,1.5227928787861116,26.83090280704791,3411.766,2.3716770708389117,4.190509582057232,-2.01246830059768,0.002663054224170818,32.02311236185272,1.8285288846046388,98.57274546289774
6,2008-07-08 23:55:29,B0018,6,10806.235,2.8889259226774757,4.202031413758956,-3.1959371431389942,1.5209581609964342,26.612686159872126,3399.516,2.4964491577040793,4.1903241054041,-2.0129654127777004,0.0024302706501015303,31.634533158077694,1.8212011895697924,98.17772243450524
7,2008-07-09 03:54:41,B0018,7,10807.531,2.934228742554025,4.202110790305647,-3.2577406267266666,1.5222785130884682,26.181469651247287,3388.75,2.4374506721131883,4.190302498850287,-2.0253396376938984,0.007315177847634387,31.288194921595714,1.8151700106433282,97.85259228744275
8,2008-07-09 07:53:44,B0018,8,10807.063,2.933503829884343,4.202314658583246,-3.2517094613293422,1.5256448801187532,25.91755929599645,3380.406,2.4152206992194847,4.188517549229078,-2.0164107237206794,0.0013308719123062843,31.11122470608501,1.8042980520967649,97.26650430627024
9,2008-07-10 13:33:27,B0018,9,10805.891,3.154394449334329,4.20201657959594,-3.6103236695156684,1.5222605457402503,24.489490921475447,3404.141,2.377432309524995,4.191794143442699,-2.0137948590788683,0.0019160597964111145,31.13166983979621,1.8231002302844226,98.28009634752517
10,2008-07-10 17:32:45,B0018,10,10806.031,2.919401031183828,4.201840621952644,-3.2231431209359425,1.521425733991496,26.146821020863474,3396.141,2.3887487262583647,4.190699409462101,-2.0130992718348324,0.0028767662739353694,31.51305775907457,1.8121253520255494,97.68846014740458
11,2008-07-10 21:31:56,B0018,11,10642.983999999997,2.935169525749225,4.202606356465971,-3.253803882663408,1.5216922652726015,26.252986903576208,3384.094,2.432289857016922,4.1902633112754275,-2.012646457499825,0.002628201879030579,31.31102568785445,1.8046916382117766,97.28772183488542
12,2008-07-11 01:28:11,B0018,12,10771.188,2.9623564102346562,4.202230505968771,-3.2977483371204106,1.5236979623373044,25.853699304554265,3370.656,2.497495633221204,4.18970538556629,-2.011939908405691,0.003204989680715983,30.893964711700164,1.790844349786295,96.54123910288773
13,2008-07-11 05:26:22,B0018,13,10794.406,2.992034431213861,4.202035375774965,-3.34147442757836,1.5219024838273782,25.419542407670075,3357.797,2.478768686108376,4.188354430914051,-2.013704827395307,0.0038464738146169104,30.540598970902945,1.783470722841926,96.14373996680884
14,2008-07-11 11:25:49,B0018,14,10808.672,3.170863201975345,4.202278101475768,-3.6114842114091554,1.5202277874505141,24.304660185191814,3363.015,2.3858494078680206,4.193543208571066,-2.0130040542547274,0.001982013280312633,30.82566018736547,1.7809386125310702,96.00723839592447
15,2008-07-11 15:24:31,B0018,15,10788.828,2.991394578819033,4.202071863838541,-3.3254470127618836,1.5214963059625977,25.891404452355065,3357.734,2.372854084449551,4.190238041929225,-2.0147841532663255,0.0020341106534608818,31.451400678644536,1.771209039672698,95.4827343988009
16,2008-07-11 19:22:48,B0018,16,10689.594,3.000667324114639,4.20206920947581,-3.3326871676553105,1.5208861052326526,26.338798726333607,3344.187,2.4086912736769084,4.19075698083662,-2.0129355983090056,0.0030576354902658847,31.518847747922937,1.7686303996707076,95.34372449488482
17,2008-07-11 23:19:12,B0018,17,10670.672000000006,3.01251531260669,4.202872821213387,-3.3609357256565073,1.521640690832857,26.07003491744081,3339.969,2.496331992137246,4.189715378549557,-2.0117266911103093,0.005725980789228198,31.11237289077096,1.7536304801917124,94.5351054693852
18,2008-07-12 03:15:14,B0018,18,10656.266,3.046738513507221,4.201899958978779,-3.417324167012539,1.521532696203014,25.562018261524052,3327.641,2.4199896352919668,4.187635645163932,-2.012077515518729,0.003541070186068654,30.586452588663985,1.7462197416415093,94.13560571253055
19,2008-07-12 08:14:20,B0018,19,10808.235,3.208933728707651,4.202011186724678,-3.664647871289196,1.5216292576175,24.239098701090988,3312.844,2.3587321881999297,4.191004692440202,-2.011349710066744,0.0036253848491611656,30.242913021104116,1.7376647337053737,93.67442042482638
20,2008-07-12 12:12:13,B0018,20,10806.719,3.0369083632672687,4.202046016992615,-3.3989753526176085,1.5212122013448677,24.743544206187746,3302.031,2.4458096660548825,4.1906972904216495,-2.0122749284189503,0.0031433432763886223,30.10270376338569,1.7315166735475835,93.3429894181155
21,2008-07-12 16:09:54,B0018,21,9702.0,3.0617732562417372,4.202601924739715,-3.4341819517579415,1.5216283918351525,24.96960156651026,3305.547,2.3808537751929744,4.185877977731026,-2.012448687975656,0.002668820853540544,30.251184852221932,1.7085949894470602,92.10732212762565
22,2008-07-12 19:49:15,B0018,22,10806.313,3.0752576679585832,4.201832985640351,-3.456076236102611,1.5236335660922196,24.775220976126924,3289.562,2.436955746154759,4.188109147549676,-2.012334644346066,0.0029159205825874746,30.212407704391104,1.711469957068211,92.26230652733616
23,2008-07-12 23:46:44,B0018,23,10767.172000000006,3.0864152941941394,4.2021779631347185,-3.466023434782026,1.5210036638123925,24.743273709867076,3283.797,2.4671365731790713,4.188302415854336,-2.0122688936966697,0.0037528750707342844,30.125011009636175,1.7075021373272627,92.04840841029782
24,2008-07-14 10:07:05,B0018,24,10806.14,3.283270022030334,4.202782981789953,-3.8027164219694853,1.5204674693781157,23.451833761379476,3325.235,2.4129371999368505,4.18962510592865,-2.0125131739991478,0.0019453368756264665,30.22428629982563,1.7492382064360228,94.29832579006579
25,2008-07-14 14:05:10,B0018,25,10645.781,3.0446180357697537,4.202686300075377,-3.3922249588412887,1.52132242397212,25.23866382689419,3317.547,2.3497771039810256,4.190150750158746,-2.0129844574191207,0.0029083838216241334,30.976376254737342,1.7327697147429955,93.4105386440806
26,2008-07-14 18:00:28,B0018,26,10554.906,3.0530800860238743,4.202559878916513,-3.4068630357438208,1.5218214082130348,25.942576564414136,3311.766,2.4904700018477026,4.189151018945234,-2.013596799411644,0.0037961984514900287,31.41570291330098,1.7222313328292376,92.84243318688938
27,2008-07-14 21:54:09,B0018,27,10479.375,3.0878376675098855,4.202406016545651,-3.4585205777910204,1.520963835007389,26.097017175204584,3305.218,2.4650908929255406,4.189631312089484,-2.0157162812456435,0.0037891536387384367,31.383299841535273,1.711846298984729,92.28259445182906
28,2008-07-15 01:46:29,B0018,28,10522.063,3.099810529931678,4.202669833243475,-3.476664400513548,1.5210538195928498,25.923942041376847,3295.453,2.363133281953362,4.187690359657657,-2.0125462740568847,0.0035498928055129487,31.167937826253635,1.699267835126687,91.6045117993578
29,2008-07-15 06:42:54,B0018,29,10764.344,3.2469993826522137,4.20232082917396,-3.7107399641053087,1.5222083950267566,24.89634801754428,3287.0,2.4790616361836206,4.190215357888677,-2.012800439982786,0.0016492704051233778,30.994690437264207,1.6940366439243106,91.32250757005568
30,2008-07-15 10:39:41,B0018,30,10556.078,3.117448888611463,4.2022760738659315,-3.504758304498899,1.5213852052464167,25.529668879010824,3276.922,2.491905723274248,4.189776104976122,-2.0132684044986244,0.002190147303883702,31.055317978554886,1.6819027078768087,90.66838862255429
31,2008-07-15 14:32:50,B0018,31,10546.687,3.1311077416456694,4.202265282124915,-3.5111521906195162,1.523732564061691,25.707749149739985,3268.687,2.4337177596826547,4.189846430994002,-2.013231862286827,0.002422460444844895,31.373945543706103,1.6769770618433686,90.40285579078848
32,2008-07-15 18:25:42,B0018,32,10477.203,3.1282011949858446,4.20202711310134,-3.5085205704036566,1.5219232168189651,26.05899080017432,3260.594,2.4424506461535755,4.188109551881256,-2.0132145295965795,0.002215230640040344,31.56128410753226,1.6655229306478936,89.78538391580942
33,2008-07-15 22:17:17,B0018,33,10498.592999999993,3.137168133817904,4.202272193519664,-3.529018731618291,1.5204106799092305,26.018613481994876,3258.812,2.4383419399858552,4.186368648390758,-2.0141222933728917,0.003993572160097532,31.318474723902874,1.6571924575832084,89.33630290434469
34,2008-07-16 03:12:45,B0018,34,10717.0,3.2864399855365596,4.202977554282689,-3.768692327538457,1.521643348316844,24.92442022306288,3243.422,2.4157245398944123,4.1901657245031085,-2.0127023314619743,0.00307811413825585,31.104012325043946,1.6482241555294048,88.85283766459536
35,2008-07-16 07:08:04,B0018,35,10584.766,3.1465855130636466,4.2026405731594165,-3.546790523849352,1.5207744658196736,25.472278015626834,3236.515,2.323395712524894,4.189966178473989,-2.0131406541163614,0.0023451184424322356,30.989730398009076,1.6387701497987262,88.34318900203323
36,2008-07-16 11:01:05,B0018,36,10525.641,3.1473587405483796,4.202742856853121,-3.5445606912027214,1.5229772064029052,25.361434715128922,3230.734,2.4985039496028567,4.188259618341401,-2.0140330003394356,0.004150949798063808,30.967851972472324,1.6276486907262062,87.74365089051547
37,2008-07-16 14:53:00,B0018,37,10644.125,3.177936797919733,4.2021695480544015,-3.579600367893411,1.521176510959079,25.44207618553034,3222.093,2.350237238739749,4.1897400575765795,-2.012673084048405,0.003092327602219437,31.285342046153826,1.62215370227252,87.44742581978934
38,2008-07-16 18:46:45,B0018,38,10452.516,3.1642683536317118,4.203074123957366,-3.558369550896654,1.521466963532307,25.831018575864743,3220.344,2.3337740352348813,4.1862359225351335,-2.012635202899368,0.006196969805765551,31.41096207271253,1.6140066510467586,87.00823275398015
39,2008-07-18 14:26:49,B0018,39,10810.453,3.3259276713449832,4.202093467622683,-3.8503963651032453,1.5199814876276574,23.918488508769663,3250.75,2.317647291087635,4.189625262426538,-2.01318368468478,0.002701103444968023,30.755137125871208,1.6760516154424623,90.3529666185232
40,2008-07-18 18:23:50,B0018,40,10481.562,3.084356175292055,4.202657839852154,-3.4494205303039718,1.5217576801284174,25.50617247150571,3239.344,2.492394514304757,4.186586244011676,-2.0121931540017886,0.0036285932240811758,30.977446633931525,1.649300642552199,88.91086916860135
41,2008-07-18 22:15:11,B0018,41,10423.218999999997,3.139417089797943,4.202129035892022,-3.5432384844038793,1.5212369666727195,25.35253952946816,3222.25,2.372828310153791,4.189366482043888,-2.012774153678253,0.007641409109865343,30.800512192698992,1.63238299185809,87.99886865838727
42,2008-07-19 02:05:17,B0018,42,10475.094,3.141019742020337,4.202616376614602,-3.5522376465849317,1.522755692243538,25.10028019162854,3206.157,2.3560703177076867,4.188553804618968,-2.012946778665685,0.007676009080476515,30.616192795676138,1.6164159719025777,87.13811496336645
43,2008-07-19 05:55:59,B0018,43,10589.359,3.1522813600839314,4.202894234508199,-3.5649861119634103,1.522215762681402,24.870900772580274,3197.969,2.4644431530094417,4.188764708195774,-2.0135827897679706,0.0028721856858407295,30.399839302766903,1.6109028378249377,86.84091169427205
44,2008-07-19 10:52:05,B0018,44,10781.75,3.309558367087685,4.202748231427938,-3.7994548262761327,1.5211872286178671,23.95456335101015,3181.625,2.4195167274486726,4.188636968174337,-2.013020303951627,0.0029491869283430608,30.38386825126278,1.5954638693695657,86.00862431802415
46,2008-07-29 17:16:52,B0018,46,4582.969,3.7134307419735997,4.239428421397782,-4.4309543625722085,1.5175297061795243,23.04165740184246,3302.36,2.3422406504312434,4.188466199744378,-2.023314533825632,0.0073633480208382,30.576239500422748,1.726707440085764,93.0837321813855
47,2008-07-29 19:30:58,B0018,47,10184.938,2.9112028773941705,4.2029195082692,-3.202262860695824,1.5213207204756583,25.5157207896412,3285.812,2.3755467142668496,4.189570916346704,-2.012680983917414,0.0032934948283157364,30.705906284556665,1.7165673917429753,92.53710017973063
48,2008-07-29 23:18:07,B0018,48,10230.265,2.9743184260591353,4.203139846413382,-3.3006506392494632,1.5227642525989409,25.40320261606661,3260.016,2.4146291375325917,4.189584987657955,-2.0115911942512583,0.004286680782742665,30.62583594950684,1.6958235570934848,91.4188368861919
49,2008-07-30 03:05:37,B0018,49,10213.875,3.0289195177136716,4.203749475441674,-3.38063453683454,1.5227201475862766,25.318880573273052,3240.031,2.3844645496129964,4.189371286385834,-2.01260531537844,0.004183898934495341,30.597357068657974,1.6777783190792557,90.44605014567585
50,2008-07-30 06:52:31,B0018,50,10311.718,3.059349843868466,4.202830115761399,-3.4215870166257587,1.520581551174286,25.191562555105925,3232.265,2.398646371281655,4.187606340824144,-2.0134407767806635,0.0023580257907636596,30.528493896066262,1.6606586897774192,89.5231613273491
51,2008-07-30 16:34:24,B0018,51,10348.609,3.2533149080208177,4.202965990964641,-3.7322743713518856,1.5221281494984158,24.747111933662097,3232.031,2.4557130111721626,4.188829347125095,-2.0130995106645164,0.0026733379256400546,31.203754246103966,1.6664109274827466,89.83325424846362
52,2008-07-30 20:23:41,B0018,52,10321.062,3.085873016759977,4.202854561659717,-3.458234902434346,1.5237986455117545,25.88385482750118,3209.5149999999994,2.323665882820083,4.189202115880737,-2.0125662318740924,0.003914352341410376,31.172639449335037,1.6468336174407805,88.77787622525443
53,2008-07-31 00:11:53,B0018,53,9193.328,3.0855478178334477,4.20257603975531,-3.470591673949992,1.5223092381200034,25.930672938405944,3196.125,2.488054079510012,4.186778882107656,-2.026718552407948,0.010979300984551101,30.96825922704022,1.6257639928779952,87.64205017595725
54,2008-07-31 03:41:03,B0018,54,9182.5,3.127784747719783,4.20220407911023,-3.519920481261985,1.5344989186510136,25.664791638383633,3172.562,2.3306937114568003,4.187888599491238,-2.013261835361458,0.014305956605835403,30.821704306343133,1.6121577411874595,86.90856130635962
55,2008-07-31 07:09:40,B0018,55,10354.437,3.117243929319058,4.202711819371193,-3.505595601485566,1.523434404005164,25.283565840567434,3172.735,2.389399831578687,4.18915752014188,-2.0186878439171223,0.0025621455991493543,30.765219721637393,1.6057366823755344,86.56241342693627
57,2008-08-01 17:14:25,B0018,57,1855.656,3.780765305111553,4.2995855570950186,-4.50882765791034,1.4988251400712354,23.048627666451832,3238.109,2.4864200723178747,4.191289655270872,-2.012371641203182,0.004131966284108246,30.809988428281613,1.673645314879889,90.223247227783
58,2008-08-01 18:41:59,B0018,58,10140.906,3.0620726700657723,4.20266470401767,-3.4204960917439764,1.5221209144325523,25.6746395923991,3191.063,2.4673631110639858,4.190628233635541,-2.013097827670719,0.002969131609571257,31.039033590700278,1.6404348572349936,88.43293042409496
59,2008-08-01 22:26:52,B0018,59,10145.0,3.095946797426005,4.203043725427581,-3.4802354646382616,1.5203342149135015,25.705201487299274,3165.828,2.375173080957567,4.189158279329032,-2.0125787987088013,0.00394248906687806,31.04176453157222,1.6132653317422077,86.96826954654632
60,2008-08-02 02:11:23,B0018,60,10279.453,3.1087396872870987,4.202958302431799,-3.497315833213884,1.5218321390906,25.584315806002166,3140.407,2.371626022111289,4.185868202467219,-2.015019692764474,0.0034682912763662715,30.959784195511766,1.5920964324686278,85.82709177386076
61,2008-08-02 05:57:44,B0018,61,10325.594,3.1241605690632133,4.202875007553949,-3.518287317913336,1.5224028363024653,25.501256299429965,3131.922,2.463955873060647,4.186906972044146,-2.020734675534358,0.004803683972892686,30.843513277103145,1.5866011820698824,85.5308525821416
62,2008-08-02 10:56:20,B0018,62,10650.234,3.302798463779262,4.202518392664299,-3.794915161339253,1.5281070031243014,24.494524405493824,3121.109,2.475545296633258,4.189576283423886,-2.012930230685489,0.0015615748555885284,30.797157400797865,1.5800766490336253,85.1791265910117
63,2008-08-02 14:48:33,B0018,63,10332.937,3.150893801599478,4.202568175672952,-3.5534488567829263,1.5210611777098464,25.3635549759085,3105.265,2.3791563087604626,4.189808713646982,-2.0135210876274656,0.0030432402930327023,30.984434580754094,1.5641732953289167,84.32180503052695
64,2008-08-02 18:35:13,B0018,64,10377.406,3.1470765780569647,4.202624450973894,-3.5461625998872806,1.5205850671334133,25.4527637681023,3091.25,2.4776158338943337,4.188889298039903,-2.013049747683001,0.0038725843255058953,30.967899275139946,1.555618272193922,83.86061892347928
65,2008-08-02 22:22:24,B0018,65,10348.781000000003,3.166512576633262,4.203141234641119,-3.577567186154941,1.5229156123490215,25.391621024053098,3076.703,2.4205549690097223,4.188220838257245,-2.01215000710487,0.0037249670985359342,30.976616345195186,1.5402045278637397,83.02969133503282
66,2008-08-03 02:08:53,B0018,66,10396.875,3.165340481652366,4.2028605868375335,-3.5776697673721505,1.520869575568991,25.343311446661343,3062.328,2.415388497112405,4.186454063976498,-2.0124985987201267,0.0037645779343444034,30.89768961926806,1.5321613015959863,82.59609528835993
67,2008-08-03 07:07:32,B0018,67,10796.922,3.3225554783696905,4.2029202734968285,-3.8153493905848683,1.5255246577589898,24.46304825674001,3050.563,2.3974205597873093,4.1895672733133145,-2.013303363874512,0.0032327560058023484,30.81568822237933,1.5316232403693415,82.56708936300427
68,2008-08-03 11:01:03,B0018,68,10328.156,3.1647781328875033,4.202717145969419,-3.5757248902225864,1.5232140138257526,25.113825678212983,3034.672,2.497752653580319,4.1892977641056035,-2.0127782408337165,0.0041669753720565235,30.726188079151118,1.5222595950771978,82.06231187124104
69,2008-08-03 14:46:29,B0018,69,10485.125,3.183265533659721,4.202230202462968,-3.6014884506300264,1.520685266921395,25.01841375065976,3031.25,2.3726090777895896,4.186793087812023,-2.011894643612056,0.004069757272822615,30.76818712651005,1.5065267126851283,81.21418011653458
70,2008-08-03 18:34:29,B0018,70,10265.563,3.1791602068688216,4.203173880925448,-3.596319247083891,1.520156267862873,25.083400556730766,3011.343,2.36844257542991,4.188594535127793,-2.0125266173463885,0.0038292070941918738,30.775415173787835,1.5014219556532926,80.93899172887186
71,2008-08-03 22:18:31,B0018,71,10387.077999999994,3.1791792156011787,4.203378551338715,-3.5932804494349058,1.5225797071613465,25.063963924614146,3003.0,2.331968556073514,4.186295492358637,-2.0121939690963395,0.0033564516364867365,30.761821976538275,1.4963534117486457,80.66575552659644
72,2008-08-04 14:09:07,B0018,72,10678.531,3.3326771830478013,4.204052050450068,-3.8578735683871583,1.5293238562855787,24.012888073721715,3045.187,2.4057755306304176,4.187384370589753,-2.0205100517708847,0.010952486582947282,30.913721930762733,1.5334262000312422,82.6642837170715
73,2008-08-04 18:00:55,B0018,73,10383.266,3.1449283444986724,4.203103651800376,-3.5314683561386455,1.536047031556956,25.547225374528853,3028.469,2.4720838848798987,4.188929264481706,-2.0131819742858483,0.0022373072205481145,31.228215653165606,1.523845267514426,82.14779265683784
74,2008-08-04 21:47:14,B0018,74,10374.842999999993,3.1655438410213557,4.203208116707701,-3.5763495338026696,1.521512065657254,25.573544371551275,3012.937,2.342731326096539,4.1852697593324315,-2.013496073486494,0.004404973809935046,31.261679783387308,1.5011920994261239,80.92660058779416
75,2008-08-05 01:33:10,B0018,75,10405.703,3.1676664124058926,4.20228120560863,-3.572443577923696,1.521677206464041,25.48016572856392,2998.875,2.4198650452188226,4.18799771486628,-2.0122733205325782,0.001780177000886265,31.18408593575448,1.492417671450291,80.45358675534857
76,2008-08-05 05:19:22,B0018,76,10340.515,3.179891954236092,4.2029191401455,-3.6002842522833878,1.5233976219723375,25.42239082688843,2983.547,2.438879997223475,4.187899339921793,-2.013027320256293,0.003198488331731842,31.001432353085377,1.483323851940123,79.9633550923934
77,2008-08-05 09:50:52,B0018,77,10715.234,3.3291423159308855,4.202818753024203,-3.824584704284191,1.5214491108947004,24.406211878601937,2966.86,2.430465824271706,4.1882916128809375,-2.012954260463709,0.0033492168235809095,30.981374033120872,1.4807376792294196,79.82393911352555
78,2008-08-05 13:41:40,B0018,78,10396.641,3.182897165800991,4.203694836682205,-3.5871660355638757,1.5200749554645283,25.261305257060375,2954.797,2.4907267597860656,4.187409532380725,-2.012741175686338,0.003924536033092068,31.088687926688607,1.4735077809902477,79.4341881367415
79,2008-08-05 17:26:58,B0018,79,10412.625,3.195933755916512,4.202703303959949,-3.608196410697763,1.5215082431035611,25.442110123070492,2945.735,2.3678328028644775,4.188656943531829,-2.013377348559974,0.002327705686226338,31.336420133762665,1.46801928526661,79.1383130775639
80,2008-08-05 21:12:24,B0018,80,10393.5,3.1808828759301218,4.202371235103818,-3.590006273756836,1.5204528848902166,25.475101660981416,2941.375,2.3532703553328904,4.188198669984733,-2.013211476410487,0.0035939400914024445,31.22599987103565,1.4580923557119019,78.60316993136419
81,2008-08-06 00:57:26,B0018,81,10401.437,3.188408952508814,4.203206788665526,-3.6092514625801555,1.5228159155917425,25.307439939152406,2923.953,2.362897904778893,4.184528192003684,-2.0142936610392694,0.004826343280178228,31.037323488688802,1.4478660988891399,78.05189058362433
82,2008-08-06 05:53:58,B0018,82,10810.0,3.330725008639057,4.203846224766009,-3.8267582961531246,1.5215630106883564,24.228766655243138,2921.031,2.420200016704328,4.1927676322495895,-2.013245286480298,0.0030147593152949946,30.811349225731828,1.4527808777541982,78.31683758563824
83,2008-08-06 09:45:37,B0018,83,10428.437,3.193289128864028,4.203134188181427,-3.6115199004130396,1.5246280669463703,24.963204935100002,2902.75,2.472605886588914,4.187873640279204,-2.0138967840468363,0.00188911652035422,30.932223179746046,1.4425356364492432,77.76453481817188
84,2008-08-06 13:30:36,B0018,84,10419.094,3.203524499925966,4.202603243160275,-3.635405518453947,1.5210704875056607,25.16228062347318,2897.875,2.483165462226557,4.1880559282136725,-2.0132739002306224,0.0014032197731020648,31.215527070380897,1.4392712877203313,77.58855957432074
85,2008-08-06 17:15:22,B0018,85,10352.953,3.204504077613363,4.203115915060355,-3.633138654442405,1.5206694844618083,25.473037712821245,2892.094,2.4341986830086237,4.188063095530185,-2.0131642650090824,0.0030231667836495995,31.400797084337558,1.4286475681888218,77.01585371768061
86,2008-08-06 20:58:55,B0018,86,10296.766,3.200904668646634,4.2026495322294055,-3.628238174046095,1.5210267846661543,25.473217443634713,2886.921,2.497859027600416,4.185913481526783,-2.012453716602352,0.0024527231990189072,31.259213269721236,1.4249026750004896,76.81397317526904
87,2008-08-07 16:13:02,B0018,87,10289.437,3.333908101104736,4.202812507013382,-3.8650101474619176,1.5198275896249756,24.10483300906097,2942.531,2.3747408457948316,4.187259539606346,-2.013506755621097,0.0031177160092426474,31.134701292957466,1.4698115324524124,79.23492994106556
88,2008-08-07 19:56:43,B0018,88,10371.906,3.154978443626896,4.203121346196286,-3.560431495545415,1.521345909217846,25.452975839922793,2912.469,2.3589340839760866,4.187670932765983,-2.014872086495032,0.002504583669096718,31.246879695988095,1.4525819651050202,78.30611455790711
89,2008-08-07 23:40:59,B0018,89,10237.156000000003,3.1638644830777243,4.20322353008349,-3.5760385691476957,1.521528565231957,25.338235649853683,2895.594,2.4413266342198545,4.187836103953847,-2.0126300040805116,0.0016023425232613384,31.027558674438325,1.442834198908794,77.78062979024362
90,2008-08-08 03:22:43,B0018,90,10366.422,3.184112183718743,4.2029308737102555,-3.61234134501153,1.521627730346561,25.051202036186005,2884.406,2.311419659807122,4.18719517574786,-2.012054810012164,0.0024115620742285447,30.931917385258963,1.428376058807949,77.0012171290454
91,2008-08-08 07:06:26,B0018,91,10387.703,3.180685711270606,4.203192770006549,-3.6063568756853694,1.5212309913270652,24.857491491420344,2873.766,2.4953159238201255,4.183339938829854,-2.011816454093025,0.003922239513771784,30.667082236656018,1.4154547844370715,76.30465417051595
92,2008-08-08 17:08:38,B0018,92,10808.578,3.331270367633027,4.203657566485503,-3.8380439403065476,1.5231978110829993,24.14870072035666,2893.375,2.4398479869382084,4.192209704853633,-2.0147251295387147,0.003202237339106182,31.226789107710772,1.454576670077708,78.41364556121901
93,2008-08-08 21:00:10,B0018,93,10353.906,3.1684207940704123,4.202851879740705,-3.583972565372209,1.522045674999504,25.453269592318446,2884.9839999999967,2.376538319699514,4.1866224559264715,-2.01362953818943,0.0022908479361973973,31.387733116648285,1.4283179548274056,76.99808484662279
94,2008-08-09 00:43:42,B0018,94,10326.266,3.1779730198063016,4.203036522259961,-3.595672667640784,1.520957729380056,25.57251082982669,2870.234,2.3722299202290382,4.186945959000922,-2.0143431411678145,0.002742773505057746,31.505666838292886,1.4197026883204058,76.53365112635747
95,2008-08-09 04:26:32,B0018,95,10329.797,3.182893386164084,4.202699143699648,-3.6057009484624816,1.5220387861054403,25.65567263165318,2864.11,2.361475505115684,4.1874400308161395,-2.013805013275104,0.002494763805785208,31.5462258449116,1.4155606630306516,76.31036189749955
96,2008-08-09 08:09:19,B0018,96,10225.578,3.185888323028725,4.202132510889835,-3.6099213769677596,1.5208927020827216,25.542185816511246,2846.64,2.317937855025735,4.1845980039811215,-2.0140103653857673,0.003657732380165694,31.389977882297476,1.405680035419228,75.77771480684933
97,2008-08-09 13:01:49,B0018,97,10555.171,3.3292595706536177,4.203800521423536,-3.819453299600238,1.5228901531633015,24.65390943265731,2839.532,2.3372859753156225,4.186742025132256,-2.01313706710909,0.0021603358076119307,31.385433749863733,1.4084461071166137,75.92682882066349
98,2008-08-09 16:47:55,B0018,98,10318.984,3.1825968886440275,4.202486057204443,-3.591113925276393,1.5222516067763308,25.392539559644987,2832.703,2.3528810264952194,4.1871520936423146,-2.0146560328783325,0.003971959499767635,31.423707199142058,1.3968547782872414,75.30196086484692
99,2008-08-09 20:30:00,B0018,99,10242.609,3.190847485258167,4.203445628839536,-3.6060623804885976,1.5219295050511932,25.446963800887378,2827.077999999994,2.4646122144537173,4.187096292904282,-2.013905602750019,0.003500477982654989,31.435368910968148,1.3935670371440676,75.12472457747809
100,2008-08-10 00:10:42,B0018,100,10148.125,3.2060879874358847,4.202891384704809,-3.6291452874022956,1.5202355296310675,25.550044778754145,2821.531,2.4684655225527004,4.187367312766795,-2.0129862192992305,0.0019150019110163161,31.542375291159843,1.3893644292809475,74.89816944965945
101,2008-08-10 03:49:44,B0018,101,10333.687,3.2072600886498277,4.203095752943368,-3.637912819290177,1.5206152239465969,25.560938902561947,2805.156,2.4092923539400735,4.18534593452204,-2.0130373888261315,0.0035633455174765133,31.52669677306915,1.3785651415666713,74.31599902402239
102,2008-08-10 08:43:19,B0018,102,10501.25,3.3303620216109935,4.20206279696643,-3.8208384484922937,1.520391723943627,24.66855691720926,2814.906,2.477625480372779,4.186646524222555,-2.012440412153309,0.0025270257598763997,31.435921914290372,1.384901110085747,74.65755983684312
103,2008-08-10 12:28:09,B0018,103,10317.235,3.2078646709649923,4.20267699398556,-3.6309691484460576,1.5210094894384405,25.378329503723524,2801.156,2.335608852853518,4.184730834033599,-2.014185743260078,0.0023090961991655713,31.475238112886494,1.3703251814242443,73.87179740348331
104,2008-08-10 16:09:41,B0018,104,10206.859,3.1975827131925616,4.203826360237285,-3.6147315013489987,1.520620141001233,25.490176768563206,2794.187,2.441999086782534,4.187175976285891,-2.014463667770562,0.002745502446135923,31.5817445550721,1.3733464385229082,74.03466800917732
105,2008-08-10 19:49:16,B0018,105,10173.703,3.207313652510434,4.203161411020839,-3.631913403809718,1.5217530957759633,25.519272260346444,2785.391,2.4651687831472158,4.186108406696249,-2.0133489214151132,0.003537652556034693,31.647958536134297,1.3679487285504814,73.7436870486498
106,2008-08-10 23:28:10,B0018,106,10078.407000000007,3.210259960268952,4.2027125732168695,-3.6455373738952264,1.5203623470568937,25.65782286764763,2779.5,2.370892032033162,4.183460397462309,-2.013428528654807,0.00777136119727041,31.662032275252905,1.3567141087089647,73.13804864100184
107,2008-08-14 10:05:53,B0018,107,10653.719,3.332481557759816,4.202970107730749,-3.874364185211413,1.5226328070468524,23.343285627002313,2899.234,2.461879783248223,4.187091541628412,-2.01277944734302,0.0026017060660145164,30.434500875864142,1.4604310209194575,78.72924322020762
108,2008-08-14 13:54:59,B0018,108,10418.265,3.1415816755392143,4.203744225498938,-3.5275473531125288,1.5210395015477098,24.967082308519945,2894.922,2.4247066368907255,4.18736921126964,-2.0200047420918392,0.009113413153803115,31.017997058077018,1.4500998937104097,78.17231049614925
109,2008-08-14 17:39:49,B0018,109,10094.985,3.145229166421281,4.202335936360702,-3.5446829679100693,1.535629224526357,25.573348127075526,2888.25,2.4447222974031386,4.187597633155394,-2.0133646895300226,0.0037645837135773905,31.39483761465523,1.4381406901824496,77.52761106852412
110,2008-08-14 21:19:09,B0018,110,10110.108999999997,3.1574167419561268,4.20330985503628,-3.5582225653772324,1.5208779036555315,25.545704002011487,2873.906,2.443569395327192,4.187608979498198,-2.0145941601021073,0.004329207944597547,31.24511885640641,1.4283681980964316,77.00079337204485
111,2008-08-15 00:58:33,B0018,111,10105.172,3.165833264534804,4.203179984201726,-3.575442597430164,1.5215916047779678,25.35196919383656,2847.406,2.4666000274194886,4.186194120124063,-2.0124706482591095,0.00414847549756057,31.05306925187263,1.4147874517552432,76.26867945054364
112,2008-08-15 05:24:05,B0018,112,10466.765,3.3228211495310784,4.202562976491467,-3.816270726939115,1.520878799757341,24.306296956106422,2849.281,2.4272514813701016,4.186991375693876,-2.0131822133527364,0.004724226515961871,30.88589263299331,1.413889163393182,76.22025431993113
113,2008-08-15 09:09:00,B0018,113,10183.125,3.1767953624021548,4.204210716962248,-3.5802733736761847,1.5223444646961142,25.04791563153191,2833.688,2.4762628371779,4.185443351643291,-2.0130225462243683,0.0013113732243447548,31.053992379018933,1.3989331662177225,75.41400306782735
114,2008-08-15 12:48:53,B0018,114,10023.328,3.1865279423288704,4.202376618036477,-3.602019350986794,1.5204353822191614,25.39894282334293,2826.453,2.3607989727330003,4.186308413669027,-2.0189079388265974,0.0025506726829285183,31.492840068071885,1.3953322584033976,75.21988452127043
115,2008-08-15 16:25:59,B0018,115,9974.5,3.1734992170073526,4.202638726430576,-3.573674737571567,1.5205101814478572,25.887841606934128,2818.312,2.377011586588198,4.187179397572641,-2.012765928007659,0.007811398672227585,31.93832684630049,1.390046129540245,74.93491870022228
116,2008-08-15 20:02:08,B0018,116,10062.969,3.1757345650870934,4.202951503258163,-3.569944785978592,1.521105650837743,26.10841222140624,2812.7189999999973,2.4567563196678455,4.1854460754417,-2.0130424938927276,0.0028245095443000727,31.74562722135923,1.3860271454209647,74.7182624023947
117,2008-08-16 00:51:25,B0018,117,10809.453,3.3305353666696114,4.203237378174695,-3.8039741409021475,1.521125868539587,24.72407785161255,2803.5,2.3277314025979847,4.193052368415502,-2.012206599766764,0.002422871753456174,31.31018499405759,1.388215260193751,74.83621978461461
118,2008-08-16 04:41:15,B0018,118,10501.516,3.1756332437306507,4.203131632988233,-3.5726125929378547,1.5206566294095132,25.23968918098469,2783.25,2.4537913827403948,4.186241953638429,-2.012141821898546,0.003192129137073553,31.127360345471814,1.3761826562394497,74.18756347033406
119,2008-08-16 08:25:37,B0018,119,10463.781,3.1926273733035355,4.2034430204969295,-3.6148848366792565,1.5227346296964221,24.983659236998836,2776.391,2.3475608877759067,4.186011006323472,-2.01231372073967,0.003924964064534741,30.985550813719595,1.3647168898640165,73.56946436346267
120,2008-08-16 12:09:15,B0018,120,10340.328,3.188456885948682,4.202657460212684,-3.6054524433063038,1.5233725973383139,24.85258610041868,2766.516,2.3558347560196564,4.18675624032869,-2.0131811880616888,0.002101974331477834,30.899653280757406,1.3589854739373584,73.2604939074654
121,2008-08-16 15:50:39,B0018,121,10076.125,3.191082078316965,4.203092140987594,-3.6100298777208812,1.5220080307564599,24.773634709858584,2751.516,2.3791102362944754,4.1831553230638425,-2.0132734649228214,0.002880850510536099,30.706123644966482,1.3462308764008801,72.57291620112974
122,2008-08-18 11:25:33,B0018,122,10815.375,3.3305674151316507,4.203011750737204,-3.874766240393479,1.5216553098975782,23.375868750307735,2848.859,2.444740635238248,4.191989955143364,-2.013950042532596,0.0031832258024873626,30.47122187456595,1.4268427818454643,76.91856089045949
123,2008-08-18 15:16:36,B0018,123,10255.922,3.1528086511131885,4.203185027597145,-3.544059628401568,1.521215409170189,24.891081474259465,2840.016,2.431867772331712,4.185628679672912,-2.012375320433943,0.0020467170443975663,30.939221783021114,1.4064481483279663,75.81912240991063
124,2008-08-18 18:57:53,B0018,124,10173.578,3.1631079548977405,4.203194635783857,-3.5612051488524465,1.5210477447301756,25.20368568012635,2817.375,2.344037291947413,4.186834478731371,-2.0124205467796688,0.0033289159470451285,31.111640631561894,1.3934907492075153,75.12061203027417
125,2008-08-18 22:37:25,B0018,125,10016.75,3.155033155693838,4.203408305101649,-3.5569909323134596,1.521536864602344,25.23904482462839,2809.234,2.456436863057259,4.186613091061155,-2.0131578787415245,0.003253304712230313,31.037910219908994,1.3882493512249316,74.83805757157408
126,2008-08-19 02:14:12,B0018,126,10050.266,3.176948620891282,4.203070618530517,-3.5887209551282897,1.5230259659424346,25.133053833512577,2791.187,2.395547668334432,4.183907160253637,-2.0123169807019234,0.004023509653083662,30.967950840538833,1.3701878338420928,73.86439323920165
127,2008-08-19 06:41:07,B0018,127,10633.282,3.32078152194539,4.203447994730693,-3.8193395314988616,1.5216834377644481,24.147820442416382,2794.016,2.4536749172979215,4.18533882899107,-2.0152254170182307,0.0030324690133305163,30.93996203578424,1.3796951665608619,74.3769166650052
128,2008-08-19 10:27:54,B0018,128,10097.844,3.1862929955549997,4.202597283988021,-3.596278814055823,1.521558251417876,25.12735529609495,2774.719,2.3062728144586413,4.185280284017658,-2.01421415925087,0.011629893425885716,31.295019295352862,1.3686586323935683,73.78195670433692
129,2008-08-19 14:05:26,B0018,129,10083.016,3.168863204192718,4.20355409015183,-3.572776342565241,1.5226115192976604,25.6594793246311,2777.844,2.3471092023857154,4.186281579801858,-2.0128415184323125,0.001790405186493135,31.81846533166901,1.3627371779096438,73.46274160714678
130,2008-08-19 17:42:47,B0018,130,10090.813,3.1756695524084324,4.204756237994802,-3.5833326921636672,1.523990448179298,26.045548508382414,2781.125,2.4884289104730986,4.185356132672309,-2.014392678620289,0.004782655629114369,32.00067162597675,1.3634051133928073,73.49874882306875
131,2008-08-19 21:20:19,B0018,131,9930.265,3.1947620970735233,4.203717503977368,-3.612512571743115,1.5215290976307694,26.00215346022804,2760.906,2.3992178234155577,4.181406543107895,-2.012835608795986,0.004238943215349039,31.73992229230571,1.3518646035305233,72.87662042753458
132,2008-08-20 02:06:37,B0018,132,10440.172,3.327416602885117,4.203240633615815,-3.821018440638059,1.5197423901620675,24.827762393081734,2753.25,2.2786338886500292,4.185252405343103,-2.011864019911752,0.003419727085108473,31.52613649688221,1.3547969729652622,73.03469925709389
133,2008-08-20 05:49:31,B0018,133,9985.172,3.1744676224724424,4.202842541373347,-3.584746455118629,1.5207526729711982,25.37597644051525,2742.843,2.3655846763383734,4.185763363191996,-2.0128686821286053,0.003082458417792545,31.27624493654335,1.341051440640485,72.29370201580872
0,2009-02-13 19:35:35,B0026,0,10806.079,2.832776795265265,4.202087184399668,-3.0711430147814576,1.5210667967813098,27.491919620285874,6515.422000000006,1.98069037313681,4.185453870728775,-4.027935564812271,0.002538134600464907,32.764485625071856,1.8132504303869899,100.0
1,2009-02-14 01:02:23,B0026,1,10807.328,2.9246526016841714,4.201800406214022,-3.196598874168277,1.5188620532080546,27.32074949672835,6516.219,1.9296821070764223,4.191986600147927,-4.029362314258353,0.002675384267946554,32.560591865941106,1.8149760087078302,100.09516491996486
2,2009-02-14 05:53:30,B0026,2,10806.312,2.950410883770796,4.202590791366118,-3.224705889644605,1.520930837350663,27.361389878771373,6489.5,2.169258771295841,4.19141376026019,-4.027846247982629,0.0022300953649009077,32.70948277164228,1.8135354175561993,100.01571692273905
3,2009-02-14 10:44:11,B0026,3,10807.906,2.9973752315258375,4.2018763992449575,-3.296027590611385,1.5200041244206388,27.601206488801058,6471.25,1.898741105703338,4.188502919522219,-4.028749226179444,0.0031754521995803935,32.89402601565415,1.815149273310334,100.10472039005329
4,2009-02-14 15:34:35,B0026,4,10800.765,2.9731465276425744,4.201993794143828,-3.273301036900925,1.5195805140047465,27.5560338652473,6466.672,1.9095478812878097,4.191429313781171,-4.028704122042971,0.002372958802629003,32.88851048708752,1.8142913014068198,100.05740359976684
5,2009-02-14 21:00:31,B0026,5,10773.265,2.9958003675226386,4.201858302742679,-3.284921216334164,1.5185016522026362,27.483089825071854,6410.672,2.0442560844271522,3.9865474622465253,-4.028710959917574,0.004266984341373865,31.60887613480477,1.3863373424430125,76.45592242584694
6,2009-02-18 13:12:53,B0026,6,10764.344,2.8849872666842904,4.202694701543434,-3.1370831281453335,1.5181937890602635,27.309402384402443,6474.156,1.8584184081271529,4.1842030048921135,-4.028058491701451,0.007320773684125001,32.4909596779559,1.8165277958816064,100.18074533112986
8,2009-02-18 22:20:01,B0026,8,9102.89,3.332430691295955,4.202183958735513,-3.743932693127008,1.5183175619851816,28.527652725059767,6460.75,1.9288388497995346,4.189253474215399,-4.028495234172356,0.0024839459442753376,32.63416073863936,1.8085638576011063,99.74153747836787
9,2009-02-19 02:41:52,B0026,9,10559.0,2.973629811457723,4.202226090456463,-3.2546875881533177,1.521091978409914,27.471980359822368,6448.907,1.935441772448038,4.190404777859946,-4.027850787866815,0.003353708617280294,32.646683898798194,1.804936077644182,99.54146693675217
10,2009-02-19 07:27:48,B0026,10,10581.078,2.984531055157063,4.202372950858189,-3.274243245052643,1.5211351653068614,27.52843405854803,6447.125,2.0842440571468894,4.188068725985081,-4.03024351282461,0.0049785783479378365,32.95341147758712,1.8049315924982108,99.5412195828348
11,2009-02-19 12:49:48,B0026,11,10564.297,3.0194646976638975,4.202757427090655,-3.3254110633626706,1.5205898776616324,27.84553677808042,6431.219,1.8964443776301838,4.137907749692748,-4.0277523093513175,0.0035022633535197072,32.14122281811958,1.717679232699393,94.7292885700736
12,2009-02-20 12:08:44,B0026,12,10670.063,2.96014879721541,4.202775404275562,-3.241818151787191,1.5259771005400848,27.23010445674317,6442.203,2.0399077334404954,4.186123854255208,-4.028862296598938,0.002465421576114108,32.73498021932445,1.809804813280106,99.80997566308871
13,2009-02-20 17:32:10,B0026,13,10422.984,2.9984653712668656,4.20261708253693,-3.2903580516745143,1.520222364403462,27.833972253494277,6427.079,2.1312634408664395,4.1900980869893365,-4.027646271570473,0.007179850996485138,33.0777254348539,1.806556213274488,99.63081673660085
14,2009-02-20 22:15:30,B0026,14,10580.156000000003,3.0166436371234946,4.201942008053539,-3.3166842693346408,1.520187846478655,27.9024692717537,6417.156,1.8782785619868927,4.18806162606315,-4.029328017656563,0.0061861294480158755,33.067457381369145,1.7938155707698507,98.92817565122589
15,2009-02-21 03:01:18,B0026,15,10479.5,3.0076314714353134,4.202067105911768,-3.2942604460344587,1.5182314031394977,27.777276852327695,6398.907,1.9640553148703692,4.1883484559434,-4.029272047274109,0.005741252990129893,32.902717226956746,1.799304949381792,99.23091257713247
16,2009-02-21 07:45:07,B0026,16,10589.297,3.0257151283362127,4.201825814994342,-3.3160113739909387,1.5200624531353446,27.68879231661925,6384.75,1.9028600928182506,4.18723267594963,-4.028750889542927,0.0039839523366369525,33.04143942038261,1.7842197448470132,98.3989698800854
17,2009-02-21 13:06:17,B0026,17,10748.938,3.0365924218482068,4.202022144021714,-3.326511162483801,1.5208505167345172,27.80239625420814,6284.063,2.066791178782658,4.116319031433004,-4.027668196882973,0.005249192243253369,33.28920270851618,1.6818819918515189,92.7550857656527
18,2009-03-02 18:52:27,B0026,18,10225.11,2.9079423803915856,4.203084357142175,-3.1413407702818965,1.5235531668030058,28.31329904657268,6370.937000000005,2.1735697218309302,4.1829771605808554,-4.027827958238032,0.0037481053878815466,33.31828122927918,1.8007519383961936,99.31071341380414
19,2009-03-03 00:07:20,B0026,19,10270.453,2.9602739974322856,4.202653065693642,-3.2205903131037648,1.5215577769055075,28.09713693269282,6359.812,1.8699981350012518,4.188680037627242,-4.02962982115965,0.00515289392316887,33.24546150252619,1.795972684272296,99.04713955528987
20,2009-03-03 04:47:03,B0026,20,10255.313,2.9553031060736643,4.202713794989016,-3.2213343315301035,1.5213907964433204,27.964173585934454,6346.156,1.834360851438286,4.189566172290167,-4.028266984927104,0.002527081159935938,33.19381621015531,1.7931026940553298,98.8888607996988
21,2009-03-03 09:26:17,B0026,21,10284.375,2.975299581249589,4.201977126513724,-3.2540241868870248,1.5200313246981927,27.862827225518917,6328.172,1.8588013920189892,4.191202777072821,-4.029480151507068,0.0037213046467527502,32.950371591621256,1.8010267542068712,99.32586939039028
22,2009-03-03 14:05:44,B0026,22,10313.407,2.9949295499050885,4.202641570101522,-3.288554864215493,1.5229408616967404,27.64347468228405,6326.062,2.1656553710973343,4.18738502716279,-4.028789778263289,0.00353301902756691,32.98142836772341,1.7824572301269948,98.30176793321245
24,2009-03-05 15:57:39,B0026,24,7543.469,3.430961370310281,4.202409837925387,-3.906619865547418,1.5200611109817919,27.36130959129505,6352.843,2.161441726851442,4.187376898822461,-4.028805091889541,0.00591276904559493,32.285643510120714,1.7959303030608789,99.04480224927262
25,2009-03-05 20:27:37,B0026,25,10274.11,2.9866017165076384,4.202264884807924,-3.2695123614777497,1.519762771162303,27.140579379785628,6309.172000000006,1.8357784756785414,4.187719914558781,-4.028118554798276,0.004736714019873918,32.40988062398286,1.7783142127341003,98.07328226330914
26,2009-03-06 01:06:35,B0026,26,10359.328,2.980175205124189,4.204153011333796,-3.2529044548962847,1.518605255501646,27.155323832349467,6284.297,1.7730752055194368,4.187714468300498,-4.032124737768037,0.00542191560161902,32.395070835603484,1.771719092984802,97.70956417788777
27,2009-03-06 05:46:35,B0026,27,10312.172,3.002160250415568,4.20206545317209,-3.2944740487375097,1.520046432467429,27.067975971835228,6265.969,1.8034969218504175,4.1886348865652785,-4.029296562552747,0.004076928573911276,32.48055490141574,1.7790749489536772,98.11523654644776
28,2009-03-06 10:25:28,B0026,28,10450.047,3.0276617227202913,4.202124785727075,-3.3234059059565335,1.5206176460014107,27.020317442985014,6266.641,1.8019162984387032,4.188731148597371,-4.029143714811075,0.004842197764890287,32.39831599080119,1.7733229782464675,97.79801777672812
29,2009-03-06 15:42:28,B0026,29,10603.313,3.053531528083009,4.202948231476456,-3.3626339476129306,1.519812521229973,27.39029288041659,6198.75,2.094755756018166,4.16813557610843,-4.028758416480095,0.003813682948653234,32.5316653403438,1.768754111010884,97.5460466667801
0,2009-02-13 19:35:35,B0027,0,10806.079,2.919266786110106,4.214718602709106,-2.2580306043594067,1.4974570691937723,27.572556781407965,6515.422000000006,2.4407952016086623,4.201942981365258,-3.9783143078898098,0.003323509431851215,33.531461449042084,1.8233077742149364,100.0
1,2009-02-14 01:02:23,B0027,1,10807.328,2.9935673827421247,4.214620127189335,-2.2577161510149906,1.496094409669627,27.426506912059374,6516.219,2.4193060956450503,4.206957767652323,-3.9768925426133843,0.0033952109005791044,33.768115475386416,1.8142384651167962,99.50259033464357
2,2009-02-14 05:53:30,B0027,2,10806.312,2.978398844179535,4.214626348821452,-2.2580492242842714,1.4976200554671404,27.367887358203696,6489.5,2.4982363525248754,4.206087528624208,-3.9768476817269596,0.004058825730750291,34.0575363030056,1.8128596793130867,99.4269703091488
3,2009-02-14 10:44:11,B0027,3,10807.906,3.025996574835,4.2146997692151595,-2.2582507546107364,1.4951163728455084,27.683525850245356,6471.25,2.4798358184535396,4.206597549468143,-3.9770011933599085,0.0032144239681810545,34.34311925332076,1.8144242446739973,99.5127794842665
4,2009-02-14 15:34:35,B0027,4,10800.765,3.0195156758771398,4.214699222693123,-2.257560424957145,1.4948643273674942,27.711883966676037,6466.672,2.4669313816061296,4.206708529635488,-3.975861081535826,0.0026358337984817106,34.3900563067441,1.812800333853042,99.4237154850931
5,2009-02-14 21:00:31,B0027,5,10773.265,3.0260064406089318,4.214591094775216,-2.2584143358132294,1.4954629097975392,27.621253412790008,6410.672,2.492471012096456,4.182675464297748,-3.976047513456661,0.004539629204396564,34.16207101391941,1.7946038703195293,98.42572360512388
6,2009-02-18 13:12:53,B0027,6,10764.344,3.016401946410429,4.214587608217131,-2.2579628740533155,1.4951983522368864,27.457331771062783,6474.156,2.4232193266263646,4.202445131277022,-3.976869439992001,0.0038870252283919613,33.65117316898919,1.816519171293833,99.62767652191762
8,2009-02-18 22:20:01,B0027,8,9102.89,3.385830471846611,4.214642748985721,-2.256549827004724,1.4952106345773697,28.662816373135662,6460.75,2.4791120561344835,4.207150334625055,-3.9771945719805046,0.003203472704923935,33.993154419553875,1.8198335565190242,99.80945522500127
9,2009-02-19 02:41:52,B0027,9,10559.0,3.017822101489728,4.214671315701383,-2.257977731242096,1.4980731471537578,27.648509159182588,6448.907,2.4281027036480562,4.206634870908589,-3.9769324995805095,0.003644913267306345,34.121102900157744,1.816980986440728,99.65300494718
10,2009-02-19 07:27:48,B0027,10,10581.078,3.013774931864697,4.214635129128317,-2.2565065501574497,1.4983258057526017,27.71423443658919,6447.125,2.4202095510772232,4.206620391551443,-3.9758459422284784,0.003066801674998059,34.521504581092735,1.8047602710768988,98.98275522101453
11,2009-02-19 12:49:48,B0027,11,10564.297,3.013253213606789,4.214726892600006,-2.255823058946468,1.4962397804797338,28.045747000161104,6431.219,2.3998890148152445,4.194991220811618,-3.9761066659419098,0.003852509395055512,33.91883669839733,1.8021778881408677,98.84112345853586
12,2009-02-20 12:08:44,B0027,12,10670.063,2.999638026048905,4.2147330111339185,-2.254390992470537,1.4974644696546866,27.380863355757604,6442.203,2.483742346997907,4.2023598960429815,-3.97580379555999,0.0041516587874309285,34.203791109857484,1.810054375611175,99.27311237350108
13,2009-02-20 17:32:10,B0027,13,10422.984,3.0365459515107287,4.2146455849417475,-2.2561556579494124,1.4955263595091475,27.991728113587282,6427.079,2.382935984422233,4.206738745019596,-3.976485689239373,0.008933045446703994,34.48622307207774,1.8191618703574552,99.77261634507832
14,2009-02-20 22:15:30,B0027,14,10580.156000000003,2.9921705272634203,4.214728469001911,-2.256752849978386,1.4996158446504082,28.03845869109343,6417.156,2.4903839742860163,4.205268152663341,-3.976936142536244,0.013919280025734757,34.40141739485763,1.806344581230731,99.06964730671929
15,2009-02-21 03:01:18,B0027,15,10479.5,3.0450920233867587,4.214604037737042,-2.2574954222449084,1.495410171179515,27.909322877981694,6398.907,2.39789040439265,4.205946910651655,-3.978429203873616,0.005657378060216962,34.3150259504104,1.8120006378747944,99.37985585867364
16,2009-02-21 07:45:07,B0027,16,10589.297,3.00992365072994,4.214871418357896,-2.2583771503832955,1.4961857048169753,27.82249628303924,6384.75,2.41937557251393,4.205053312485709,-3.9781812521692537,0.008687490936460632,34.450526992415796,1.809238569578753,99.22836918510693
17,2009-02-21 13:06:17,B0027,17,10748.938,3.027174449911604,4.214683893057999,-2.2550195038018845,1.4957546950622185,27.923175717822673,6284.063,2.444119634453687,4.181855642136106,-3.976050497666082,0.0048115513778526995,34.741504044616725,1.7820717716005336,97.7383959418394
18,2009-03-02 18:52:27,B0027,18,10225.11,2.975368339696841,4.2146891286696375,-2.2565372548896483,1.4976820117696215,28.435350059384103,6370.937000000005,2.395925863485738,4.20282058770571,-3.975790795970914,0.006022897300786533,34.663008920131865,1.8145504562341046,99.51970160470563
19,2009-03-03 00:07:20,B0027,19,10270.453,2.9497831151957885,4.214694270784029,-2.2558687516072933,1.49873424641319,28.25597239488237,6359.812,2.408349641748691,4.206436642050531,-3.978211822678376,0.003494223099227473,34.47643463041281,1.809153485164282,99.22370269842409
20,2009-03-03 04:47:03,B0027,20,10255.313,2.9753713950004608,4.214705667259592,-2.2578318353269284,1.4981560841857748,28.10277979814242,6346.156,2.399239705167686,4.20638281753962,-3.975995723123535,0.00319249131673547,34.45771838499012,1.8065551508093707,99.08119607438306
21,2009-03-03 09:26:17,B0027,21,10284.375,2.988320674531281,4.214674046083129,-2.2556700769201563,1.4969747358667453,28.018127977648717,6328.172,2.378335964879865,4.2054658678946755,-3.9770352078730906,0.004540074797142588,34.276431502022604,1.802401655959492,98.85339608863094
22,2009-03-03 14:05:44,B0027,22,10313.407,2.992704339489463,4.214684663145326,-2.2548368629494036,1.4973979795919405,27.785336494387973,6326.062,2.437999478526856,4.206584936190674,-3.9760554400518497,0.0062928096652375524,34.35292925698558,1.7964331683322998,98.52605214200834
24,2009-03-05 15:57:39,B0027,24,7543.469,3.501787524195586,4.214675943560965,-2.254513581398787,1.4980205271536933,27.318376966501937,6352.843,2.484818012933219,4.202786069304105,-3.9743844585266417,0.004005736341078889,33.64812848797218,1.8088036930508289,99.20451821852443
25,2009-03-05 20:27:37,B0027,25,10274.11,3.0093340133696276,4.214791980017841,-2.2544818483114346,1.4982017688321,27.288837445898064,6309.172000000006,2.456168013420922,4.206301818692852,-3.975516779186955,0.0061507531757700375,33.75077258934032,1.7915527748749653,98.25838512899206
26,2009-03-06 01:06:35,B0027,26,10359.328,3.0136401874752794,4.214707833516967,-2.258487483263082,1.4959552033306986,27.28298872748812,6284.297,2.4697995830050976,4.205750597989692,-3.9768226550322385,0.006435201489942423,33.72038549007088,1.7853375192239571,97.9175070973781
27,2009-03-06 05:46:35,B0027,27,10312.172,3.03280122813153,4.214656080119211,-2.2565488797972355,1.4976223159743314,27.197780853852997,6265.969,2.491582666091738,4.20589200120434,-3.9771390967306828,0.0049998578208822675,33.812030459081335,1.793209210325309,98.34923295368567
28,2009-03-06 10:25:28,B0027,28,10450.047,3.0512291732031436,4.214841213465693,-2.255649676066845,1.4977697340643843,27.146854822454806,6266.641,2.3944859739266695,4.205560793070628,-3.9746886011207567,0.00897085631713148,33.79680193008211,1.7873097711102113,98.0256759931699
29,2009-03-06 15:42:28,B0027,29,10603.313,3.0193682678348357,4.2147369365180225,-2.25916155292876,1.4965465067426262,27.496716007814644,6198.75,2.4249816079125552,4.186200185347402,-3.9731771319705014,0.005915341113398426,33.92036482801563,1.7700926253324452,97.08139516350145
0,2009-02-13 19:35:35,B0028,0,10806.079,2.8814484282295205,4.200041032574582,-2.2356097502160317,1.5055653101634718,27.46874317220577,6515.422000000006,2.6151397684307285,4.181907184700754,-2.003545780105601,0.003953073598938974,30.261078788805897,1.8046847720100736,100.0
1,2009-02-14 01:02:23,B0028,1,10807.328,2.700394734086562,4.200039837498785,-2.1861060083296824,1.5036822600062185,27.48786431190017,6516.219,2.578716047628789,4.186798367560072,-2.0005429484896995,0.007679245805984592,30.023214006195516,1.8047833214525881,100.00546075658437
2,2009-02-14 05:53:30,B0028,2,10806.312,2.6834673582852595,4.200343902216926,-2.1732375431624877,1.504746450349824,27.37862941989798,6489.5,2.679890873914289,4.186905629206883,-2.001716318999832,0.0026433737140248567,30.21665562692593,1.797618668222458,99.60845772640143
3,2009-02-14 10:44:11,B0028,3,10807.906,2.743846258079864,4.200216571383405,-2.22923792883321,1.5031750093588738,27.69584937860347,6471.25,2.674600586599544,4.1855363847405656,-2.0013061408259385,0.0029380177679172244,30.363564779968748,1.7929913687761174,99.35205286733084
4,2009-02-14 15:34:35,B0028,4,10800.765,2.7424530452657176,4.200037325118692,-2.2289961920577825,1.5030159937202152,27.72630989215193,6466.672,2.655983638577288,4.186483098548598,-2.003132431573937,0.004413434213121981,30.383708693138953,1.7919180081592216,99.2925765181344
5,2009-02-14 21:00:31,B0028,5,10773.265,2.893880521797591,4.200314820159368,-2.236398670845004,1.502001099526505,27.441559803681642,6410.672,2.5587601304544574,4.167593667891115,-2.0003822656473735,0.00527894202997255,30.151543075778466,1.775026135903797,98.35657525534266
6,2009-02-18 13:12:53,B0028,6,10764.344,2.867026965266345,4.200111045082272,-2.237538747352037,1.5032150654111374,27.281424706621248,6474.156,2.684075980505414,4.183182085400848,-2.0009566453567627,0.004455450538189413,29.942877366572425,1.7920487852223415,99.29982305033482
8,2009-02-18 22:20:01,B0028,8,9102.89,3.6327616990923426,4.200551423728197,-2.237019000637909,1.5015537780729462,27.712570342259376,6460.75,2.692955180725203,4.1836584764239335,-2.0032399141635833,0.0029396928561688128,30.159672019699293,1.790475801581265,99.21266192028747
9,2009-02-19 02:41:52,B0028,9,10559.0,2.750205890015816,4.200105824363631,-2.228046195083026,1.5040791616366247,27.697575183177722,6448.907,2.664091579679959,4.186132992895621,-2.0048267623571854,0.002281299292246033,30.18503729745987,1.7868365091987264,99.01100385573334
10,2009-02-19 07:27:48,B0028,10,10581.078,2.733798539040588,4.2000744158714385,-2.2052488327234263,1.5062533442257806,27.77263834426661,6447.125,2.599501054239839,4.18607245667024,-2.0036009637765297,0.0025771990386505204,30.557366977302667,1.7871529619962185,99.02853892902704
11,2009-02-19 12:49:48,B0028,11,10564.297,2.8984590682902343,4.200001194630109,-2.2368123726951867,1.5042450850998532,27.862896402270046,6431.219,2.5987712023407274,4.177617061522188,-2.004912384137109,0.005262647908366891,29.87809290999813,1.7816340617009505,98.7227292729107
12,2009-02-20 12:08:44,B0028,12,10670.063,2.886237069608154,4.200116152986351,-2.237209095662689,1.5069699183911653,27.24280355438783,6442.203,2.5683373423176117,4.183570268917493,-2.007057616844831,0.004231529539215724,30.329541918405045,1.7850235136604733,98.91054334504626
13,2009-02-20 17:32:10,B0028,13,10422.984,2.685914113036767,4.200512619287304,-2.1489488260740033,1.5027231290680874,28.077432823135304,6427.079,2.571655326217227,4.186886063009724,-2.002345592887727,0.0056377270822839595,30.67805955282036,1.7803865429693038,98.65360258934827
14,2009-02-20 22:15:30,B0028,14,10580.156000000003,2.685118444876326,4.200044677797561,-2.148499549146016,1.5036989435099106,28.130101514422655,6417.156,2.5464403411304843,4.186431294608572,-2.0042056776412545,0.003986600909576778,30.61748146501738,1.7789060856417256,98.57156846624048
15,2009-02-21 03:01:18,B0028,15,10479.5,2.678049190304575,4.200099848794508,-2.1393375575688793,1.5033882162220213,28.008160535724386,6398.907,2.5488905698718844,4.186605296553263,-2.005381985851277,0.003913446348392992,30.47693232752601,1.7738387518973049,98.29078071743177
16,2009-02-21 07:45:07,B0028,16,10589.297,2.681522250285655,4.200294032498383,-2.139872450838562,1.5032817147724955,27.93123265293994,6384.75,2.592227961453642,4.186411251128915,-2.008651720668571,0.005140040512136122,30.59851621920085,1.769682881523146,98.06049837457529
17,2009-02-21 13:06:17,B0028,17,10748.938,2.9249776106337677,4.200224188390678,-2.2365769291399857,1.5052238652927052,27.804351930107355,6284.063,2.598546956085325,4.1643364768914175,-2.003317125586951,0.004532886198049818,31.100240402928506,1.7408787283206992,96.46442167191854
18,2009-03-02 18:52:27,B0028,18,10225.11,2.8731894719981903,4.200042803917241,-2.2364071555279232,1.5060228224496404,28.3045248128492,6370.937000000005,2.6924907199800523,4.183279934429277,-2.0076002242955377,0.0033873420104242563,30.938169249041685,1.7648189744011906,97.79098276734058
19,2009-03-03 00:07:20,B0028,19,10270.453,2.7492057603930755,4.200484708430919,-2.2155296160843516,1.5063856867237195,28.338880714307447,6359.812,2.6173421756941537,4.185224082214954,-2.0035478824784314,0.003129703051341058,30.779624907003203,1.7617857390844023,97.6229071364142
20,2009-03-03 04:47:03,B0028,20,10255.313,2.709496640729355,4.200114581797793,-2.172237591403333,1.5061652326945216,28.19633864684736,6346.156,2.6240203066915697,4.185772001736481,-2.0037779278104373,0.00311192032402325,30.70960684046627,1.75770610357021,97.39684906924003
21,2009-03-03 09:26:17,B0028,21,10284.375,2.717158904904557,4.200179480186695,-2.1790743084031865,1.5039750704172734,28.111510258994713,6328.172,2.63525875804135,4.185968902546653,-2.0020973714849553,0.005108476771780937,30.47705959403915,1.7519375960601256,97.07720834308378
22,2009-03-03 14:05:44,B0028,22,10313.407,2.7276046163290406,4.200028135902856,-2.183917973721043,1.503863207251285,27.861189933998737,6326.062,2.540126038881981,4.185740020171981,-2.0081929501788918,0.0031152716245573613,30.54925924889458,1.7521244035832177,97.08755959810567
24,2009-03-05 15:57:39,B0028,24,7543.469,3.7239424832419235,4.200766167826743,-2.237359879683241,1.4980853475284563,26.93409389667083,6352.843,2.5784590711144535,4.1838351172655095,-2.0032214377942505,0.00482089823549462,29.858081061792472,1.7597714133989641,97.51129065265594
25,2009-03-05 20:27:37,B0028,25,10274.11,2.6841664861230217,4.200027310835244,-2.1300753340092142,1.5050753519230535,27.384649014653206,6309.172000000006,2.6156681128542663,4.185613308228973,-2.004916509907621,0.004467728139745615,29.92749751367273,1.7483011320324189,96.87570700145854
26,2009-03-06 01:06:35,B0028,26,10359.328,2.711568840166098,4.200465443089235,-2.1564988957318363,1.5056634369284432,27.379403013069133,6284.297,2.6736673087239393,4.186072517005326,-2.0052175769933474,0.007882581084872718,29.887309173794996,1.7411482627836237,96.47935693746213
27,2009-03-06 05:46:35,B0028,27,10312.172,2.748474356426687,4.200524576621551,-2.1966355998740625,1.5047722755968853,27.290042513175024,6265.969,2.6531966228276134,4.186079245979765,-2.0045790903634986,0.004056280310501597,29.974612767860144,1.7363833316311177,96.21532572124045
28,2009-03-06 10:25:28,B0028,28,10450.047,2.7412725411006087,4.200091320861303,-2.186738794533911,1.5042357284147896,27.247634874540225,6266.641,2.5306280538039845,4.185739001637966,-2.0106987182265015,0.0028456839768755578,29.928807475767645,1.736559066269527,96.22506341289356
29,2009-03-06 15:42:28,B0028,29,10603.313,2.952062513667257,4.200243689290868,-2.2360818458414746,1.5046146821709936,27.406002515770446,6198.75,2.651385292787423,4.167590440976821,-2.0051316277429905,0.0051030876956673,30.029795182593666,1.7172335652295245,95.15421152010136
0,2009-04-07 16:58:34,B0030,0,9888.75,3.021820265546222,4.201826908582906,-3.2901963915166523,1.5183069019734772,45.42371660764962,1723.281,2.1401060472348874,4.191571549203586,-4.027659504109606,-0.0007868077489712377,54.113241117794225,1.7815548749509116,100.0
1,2009-04-07 20:14:29,B0030,1,9764.735,3.125027324490124,4.201819578124616,-3.4348081839908544,1.5188129431205704,45.57575640522429,1705.906,2.1657237815883463,4.191314909952094,-4.0263997172904,0.0005981133953777508,54.157828260748424,1.761969227822918,98.90064306166639
2,2009-04-07 23:28:03,B0030,2,9742.437999999995,3.161116174719925,4.202478584557948,-3.478683803637385,1.5185260717394684,45.63280912752357,1697.688,2.095376108282347,4.191510310362352,-4.027127991303563,-0.001594860757599507,54.212018750385205,1.751755031874225,98.32731264718929
3,2009-04-08 02:41:07,B0030,3,9674.14,3.174680203830736,4.201855404954993,-3.5064267790537977,1.5194067003842593,45.65819164482254,1686.094,2.12524665517798,4.191406236830394,-4.027089196239373,0.00020936411371284372,54.19837692352459,1.7381688070362076,97.56470774351537
4,2009-04-08 06:28:36,B0030,4,9801.422,3.3173941180029534,4.202138412428903,-3.702088737702508,1.5187311836689443,44.936662721176226,1678.563,2.0759632130565406,4.1809364775885,-4.026801519572001,-0.00019692796860968457,54.14161744851121,1.7506745293461339,98.2666632367623
5,2009-04-09 10:54:17,B0030,5,9517.672,3.1043783386287,4.20183073332771,-3.39231489460315,1.5195366370862275,45.6377432711598,1677.469,2.0440070679316857,4.191416983179895,-4.026685043731495,-0.0003961802022008918,54.21167948917778,1.7491047649061158,98.1785511913749
6,2009-04-09 14:03:18,B0030,6,9500.375,3.160018772586096,4.201819431389904,-3.4830812752007585,1.5190843196931838,45.64791040909879,1666.093,2.173948548947525,4.19167898729129,-4.027008162529609,0.0012292703677715302,54.18634900836399,1.7252544028765475,96.83981263412302
7,2009-04-09 17:11:50,B0030,7,9474.375,3.2074548149493527,4.202864891315949,-3.551810622303182,1.518392112090036,45.723639856603405,1654.328,2.1712631392036204,4.191660740391253,-4.026835815972069,-0.0007190799526456637,54.15360140656882,1.7112621367644252,96.05441633177742
8,2009-04-09 20:19:45,B0030,8,9446.969,3.224504767672062,4.202787169146938,-3.568337335547963,1.520129527029822,45.731067802273145,1643.812,2.1722790601698723,4.190518218566902,-4.027530832099604,6.463182257801e-05,54.168189231806274,1.6990418392711273,95.36848194574652
9,2009-04-10 00:02:46,B0030,9,9648.516,3.3537009143883725,4.20263205113959,-3.766742214119789,1.5196802023441105,45.03022509129146,1652.266,2.1399140868464497,4.18494757447594,-4.026804684381526,0.0002587364015666509,54.22057063412252,1.7185770039532977,96.46500526685438
10,2009-04-10 13:17:58,B0030,10,9315.61,3.1996205087803253,4.201881010825935,-3.537067985981954,1.5201950347792519,45.676897394476796,1648.672,2.112329336316492,4.19138696373963,-4.028658336876764,-5.4386711688319114e-05,54.24400266886001,1.70324722921867,95.60453361087745
11,2009-04-10 16:23:10,B0030,11,9290.016,3.2343680648631636,4.202001797829823,-3.5813353471094413,1.5209033481661716,45.6873061113965,1636.969,2.1141726056716275,4.1916098999207785,-4.027635336965244,-3.662130729819738e-05,54.24150010859244,1.689458044662304,94.83053642727984
12,2009-04-10 19:27:45,B0030,12,9274.812,3.247480086239904,4.2018716278596555,-3.5971577202528846,1.5205158558340854,45.666532500667245,1625.187,2.1697054636701996,4.191138031319589,-4.028103263729137,0.0007633648614528158,54.183697227073836,1.6756136292719177,94.05343909589577
13,2009-04-10 22:31:53,B0030,13,9327.077999999994,3.26245228232741,4.2026481548837795,-3.632324187987426,1.520363428579008,45.68166527470184,1622.016,2.0502203248956845,4.191251588829171,-4.0291043008663845,-0.00020336028221777343,54.228866401573256,1.6718407140871654,93.84166256081396
14,2009-04-11 02:12:36,B0030,14,9473.437,3.372278268216847,4.202384464951461,-3.7968445913265647,1.520622346163776,44.989982142684745,1638.422,2.056845844411806,4.17866916142942,-4.027517719449719,0.00014967081296308286,54.15865206479903,1.7233056681204446,96.73042870306917
15,2009-04-13 10:20:08,B0030,15,9249.172,3.1281616194561943,4.202031056425659,-3.4064658066975575,1.5200898478680769,45.662861949075335,1646.438,2.0026548733538236,4.19028213835832,-4.028208252016326,0.0008772235570089911,54.242750421230845,1.709207290507283,95.93907628325947
16,2009-04-13 13:24:13,B0030,16,9276.188,3.199527899984999,4.20169722753457,-3.5393365936224668,1.5183240273436533,45.66545977051779,1634.765,2.098247338071892,4.18930659174196,-4.028530108942317,0.0003336214553142062,54.26601179807604,1.684001734344571,94.52426967151216
17,2009-04-13 16:28:34,B0030,17,9297.734,3.2412876261900236,4.202632327629348,-3.5873622213236045,1.5184200848519467,45.637274839353786,1622.016,2.095250035916422,4.189336480826855,-4.028059956110559,0.0012011416906636968,54.24164371768822,1.66898698813004,93.68148080064202
18,2009-04-13 19:33:04,B0030,18,9333.438,3.2563704468984036,4.202615221973897,-3.6099140035565314,1.5182857079437055,45.685109334224585,1616.25,1.9652225177027667,4.1879616710018945,-4.029736567587315,0.0005223927726711554,54.32282816477177,1.6620689362837142,93.29316540583743
19,2009-04-13 23:13:50,B0030,19,9377.641000000003,3.362436353339254,4.2028261255567605,-3.7708784652759677,1.5196133661676585,44.97702270793838,1622.218,2.1649300939348857,4.183473493335224,-4.02892193533513,0.0007621949361175212,54.27566161448939,1.6687049625248174,93.66565049369004
20,2009-04-14 11:01:49,B0030,20,9200.078,3.250255088215731,4.202807067998972,-3.5967296206286936,1.5180982791645288,45.649512451703814,1619.656,2.1107101939003567,4.189021310957518,-4.028238890396407,0.0010776037840459023,54.346520622463046,1.652762183550463,92.77077045387124
21,2009-04-14 14:04:40,B0030,21,9216.281,3.2766819905552893,4.2018299728741395,-3.6426033381890712,1.518355339928798,45.71583530012687,1605.484,2.154272422860638,4.188208290959306,-4.029657303351485,0.0007478351109079817,54.369563893787316,1.648481366235244,92.53048499450041
22,2009-04-14 17:07:34,B0030,22,9244.75,3.2886927669363035,4.202093562849094,-3.6554964949615543,1.5191970833928123,45.69109327271774,1600.75,2.056878607135279,4.188944596283129,-4.028147301835234,0.00035745634528035913,54.38101073340462,1.6307406443132095,91.5346850799722
23,2009-04-14 20:10:51,B0030,23,9233.563,3.291040264749679,4.202737544137789,-3.65845901363842,1.5177889183866569,45.70986032805625,1595.0,2.0619330487714467,4.189721988537926,-4.027460243343909,0.00046012588963197494,54.366222070376075,1.62323023017929,91.11311994944955
24,2009-04-14 23:49:38,B0030,24,9306.797000000006,3.385397309619764,4.202694083095638,-3.7876801552595305,1.5180519401571781,45.05699430148575,1612.422,2.182829076635093,4.182121595717829,-4.028374864371009,0.00048626331454628216,54.36082826974155,1.6541906540394393,92.85095156471218
25,2009-04-15 15:26:47,B0030,25,9228.125,3.2714549845666423,4.202663344866224,-3.6173107247292675,1.5188321916472998,45.69915773281681,1598.969,2.152270345667462,4.18953881832451,-4.0280399278365575,0.00015012443566113953,54.329082038301124,1.638514396616985,91.97103157780263
26,2009-04-15 18:29:47,B0030,26,9122.188,3.2947461411000987,4.202187384841594,-3.661194911151401,1.5190295308749,45.68348070965939,1592.187,1.9853664248869802,4.18877344296717,-4.028759921717576,0.0020082664928365124,54.350797312061744,1.618847673357618,90.86712377592204
27,2009-04-15 21:30:55,B0030,27,9176.562999999995,3.2927606699859817,4.201837580155611,-3.6597903376534506,1.5181098408765579,45.6252010227337,1577.484,2.085108474542319,4.187364248433742,-4.028912968695677,0.0014800577774969916,54.30570319180817,1.6134212267751404,90.5625332938227
28,2009-04-16 00:32:43,B0030,28,9170.625,3.3052864996762636,4.201963386471485,-3.680346772512757,1.5190363883279434,45.69198463973793,1571.547,2.1156809695842997,4.188843927084549,-4.028240237923387,0.00020204579670861887,54.311769035681074,1.6066443601761986,90.18214273194742
29,2009-04-16 04:10:05,B0030,29,9317.781,3.3898570349047565,4.202860757458556,-3.8039622363988244,1.5189607538362897,44.94065637768161,1578.484,2.0858806041580396,4.184536605382707,-4.0292228155278815,0.0005341350957084978,54.31694947968931,1.6138387876938998,90.5859712987155
30,2009-04-16 10:41:20,B0030,30,9136.687,3.3047081721679894,4.202158676323464,-3.678383558599024,1.5184326980172482,45.655812691237195,1574.469,1.9452863886535996,4.188530465383751,-4.028629666143592,0.0008757216237683139,54.37602664745592,1.596329501327274,89.60316203402148
31,2009-04-16 13:42:26,B0030,31,9163.844,3.3045030387463634,4.202099085200665,-3.6806050984868253,1.5182244331000088,45.6823782046167,1568.281,1.9166604901616162,4.188200529397757,-4.028807042725253,0.0017244489688656864,54.40922760509475,1.5890785867406987,89.19616280607038
32,2009-04-16 16:43:53,B0030,32,9143.156,3.3077763353435334,4.204009519013557,-3.688771802658076,1.5181209890608152,45.69604997299652,1561.422,1.9272509897554042,4.187743893425592,-4.027678632162258,0.00019360866792722796,54.43118438830086,1.5805481432309574,88.717342668129
33,2009-04-16 19:44:53,B0030,33,9074.094,3.3130048100555425,4.202743847894834,-3.688351560031561,1.51991925575576,45.7963018259265,1554.234,2.051939170845275,4.1898269490660445,-4.028626046511251,-0.0004863640898333398,54.42543761419732,1.5846131054270807,88.94551201914241
34,2009-04-16 23:20:24,B0030,34,9387.891000000003,3.3914195583481455,4.202562979550614,-3.7964056978030203,1.5182138691408094,44.956817441707656,1573.734,2.0447593292567268,4.183231697201542,-4.030594809378983,0.0005358834776928994,54.40878572720797,1.5936651221220735,89.45360844784446
35,2009-04-17 10:13:13,B0030,35,9124.89,3.3024578406312184,4.202771918672518,-3.6679670213621667,1.5183757796128827,45.629366392097026,1566.578,2.1123670299751245,4.187178870202528,-4.029376137378532,0.0011516362003643117,54.42284720424547,1.5849874126960888,88.96652216450875
36,2009-04-17 13:14:01,B0030,36,9101.484,3.32480610486125,4.202152795440652,-3.6910702148304635,1.5204230206635978,45.625444218582054,1550.047,2.029028311417829,4.188109008087897,-4.02789957320431,0.002182040333721505,54.38754363122996,1.5787064969416462,88.61396969235345
37,2009-04-17 16:14:10,B0030,37,9133.031,3.3214409500892463,4.20194923171495,-3.686212894355529,1.517314434468883,45.69063679114315,1543.64,2.0574175231777425,4.188695408653485,-4.027280488641001,0.0014808367056352084,54.45246463683033,1.570705516096967,88.16486868754158
38,2009-04-17 19:14:44,B0030,38,9029.031,3.325537672022999,4.202870723289487,-3.6941482843115856,1.5172752581508142,45.66864061344696,1536.781,2.068863283525511,4.18874384592953,-4.027633935183195,0.000172026667901443,54.41109814733754,1.562780404428482,87.7200262760103
0,2009-04-07 16:58:34,B0031,0,9888.75,3.143775939213786,4.214585601954567,-2.257060457540958,1.4960255450075617,45.13937848363857,1723.281,2.4703791051999655,4.206499027366964,-3.977675278876834,0.0013441287397587707,53.97231092767106,1.8328583629543174,100.0
1,2009-04-07 20:14:29,B0031,1,9764.735,3.156150507792646,4.214787612796752,-2.2568673236029313,1.495511743485397,45.340622907624535,1705.906,2.432998201540817,4.206542652746716,-3.9778181212183674,0.001388631365358068,53.99108510894419,1.8139835002945137,98.97019524032507
2,2009-04-07 23:28:03,B0031,2,9742.437999999995,3.1566634170888923,4.214639643746328,-2.2557636969404187,1.4950893689887719,45.40017892832246,1697.688,2.455290559392926,4.206636701109276,-3.977299190367607,0.0012237431001445548,53.996608338848425,1.8044387333514835,98.4494366734904
3,2009-04-08 02:41:07,B0031,3,9674.14,3.1810116273932745,4.21464295062849,-2.2562634427106194,1.496618391829057,45.41314566755848,1686.094,2.379788594335936,4.206755471453542,-3.978022092833197,0.0019526644022268577,53.954262670522155,1.802147684291295,98.3244379771102
4,2009-04-08 06:28:36,B0031,4,9801.422,3.3604730354813577,4.214649397587198,-2.2555699705612877,1.4957183759801636,44.59097825616227,1678.563,2.3704531055353044,4.172458299789621,-3.9767159781784978,0.0007310241436229694,53.973288387308486,1.7715647509798835,96.65584568817216
5,2009-04-09 10:54:17,B0031,5,9517.672,3.1250804238998358,4.214639435539118,-2.258452226019373,1.4968056739807845,45.38997674136611,1677.469,2.479852487101495,4.2067410088524975,-3.9771843837683436,-0.00028470823587591326,53.88993125496472,1.8139928165779542,98.97070353292577
6,2009-04-09 14:03:18,B0031,6,9500.375,3.163308564324321,4.214625462959636,-2.2558709785126467,1.4954936963483005,45.4323122037273,1666.093,2.4765516954388933,4.2068100656143335,-3.9770974674013813,0.0034950031885560436,53.87262295937195,1.8013261041198854,98.27961290016943
7,2009-04-09 17:11:50,B0031,7,9474.375,3.18304304746687,4.214608908252088,-2.255555002833678,1.4953337271922187,45.44461079692405,1654.328,2.359674470455269,4.206952621072369,-3.9768622317890006,-0.0005880407744395051,53.81893583109196,1.7883722583933568,97.57285639413756
8,2009-04-09 20:19:45,B0031,8,9446.969,3.1483214753662105,4.214822533099875,-2.2570079968934107,1.4966456945227835,45.471819209753185,1643.812,2.4195090802038206,4.206832562039922,-3.9791104324571194,-0.0006256190501035624,53.82033376097016,1.7765401657373159,96.9273022752165
9,2009-04-10 00:02:46,B0031,9,9648.516,3.3947408501096348,4.214562395050868,-2.254143934033556,1.4968255758253766,44.60652171658323,1652.266,2.3489668209281325,4.193946956737359,-3.978347529374349,-0.0010874786116113592,53.821133604090825,1.7856209131823229,97.4227441286923
10,2009-04-10 13:17:58,B0031,10,9315.61,3.1326015067113424,4.214616626244962,-2.2540556963157217,1.4980131637311123,45.49236252359181,1648.672,2.3997094392914415,4.206655556995042,-3.9771521389968303,-0.0005179713142655227,53.81794815350033,1.7813634036685941,97.19045615708568
11,2009-04-10 16:23:10,B0031,11,9290.016,3.1700516286932228,4.214606818143102,-2.2535329561861346,1.4974355016609675,45.481486771431456,1636.969,2.4168059304515817,4.207198543313955,-3.977691809263504,-0.00031108791098065635,53.80194299620242,1.7684898383971241,96.48807971973132
12,2009-04-10 19:27:45,B0031,12,9274.812,3.189732418567668,4.2145833500500665,-2.2554537820491993,1.497257372598474,45.47861599108777,1625.187,2.471072287476068,4.206978754188053,-3.977537552103438,-0.001873169665873956,53.75880729814269,1.766505238291406,96.37980075252737
13,2009-04-10 22:31:53,B0031,13,9327.077999999994,3.214150528519236,4.214673021105222,-2.2551236014017215,1.4972423612580368,45.48086884575751,1622.016,2.4044472636058316,4.20675228195214,-3.978111649265431,-0.0019110207790176733,53.78850848662172,1.751740527921767,95.57424421482304
14,2009-04-11 02:12:36,B0031,14,9473.437,3.4260229204500985,4.214617236615351,-2.2544369533815134,1.498247268390293,44.613726059187655,1638.422,2.4059387688210077,4.168980783747018,-3.977751186219502,-0.00038177137737480354,53.8368863785077,1.7352349314055016,94.67370564349227
15,2009-04-13 10:20:08,B0031,15,9249.172,3.15694434534249,4.214724716533047,-2.253844981359929,1.497033281926158,45.39877060215698,1646.438,2.386904670931757,4.207227268504839,-3.97681234987642,0.0004080663527147944,53.773379186088945,1.7782778274549178,97.0221083853188
16,2009-04-13 13:24:13,B0031,16,9276.188,3.156573722768325,4.2146923805413765,-2.2553088659255147,1.4995202391032854,45.4599287973747,1634.765,2.3650342661568575,4.207303258469689,-3.976912066880602,-0.0010155926122537079,53.77386924606414,1.7649894859707393,96.29710192804082
17,2009-04-13 16:28:34,B0031,17,9297.734,3.173382163666823,4.214757322420362,-2.2529724122731065,1.499567263714914,45.48051607680656,1622.016,2.4186775515647607,4.207353806036226,-3.9786886477737884,0.0009277629617384309,53.754659591825344,1.762591283533551,96.16625698739179
18,2009-04-13 19:33:04,B0031,18,9333.438,3.2011428503359802,4.21462642362399,-2.2534536027563012,1.498073483429455,45.46413290587621,1616.25,2.360775838409723,4.206667054740019,-3.97903376287443,0.0002704688389542206,53.766677549195336,1.744314576121582,95.16908733253044
19,2009-04-13 23:13:50,B0031,19,9377.641000000003,3.4188015123145137,4.214600436184715,-2.252777013970582,1.4981897089707463,44.60342298627181,1622.218,2.4505597087782616,4.198651200144167,-3.9780140451348855,-0.0002627284743440295,53.731744909320135,1.7628373753518478,96.17968365599154
20,2009-04-14 11:01:49,B0031,20,9200.078,3.202170659088763,4.214676644037526,-2.253780042337947,1.4991206808441635,45.47330957979588,1619.656,2.3428829070219703,4.207348617133544,-3.9779736389102816,-6.675195362322442e-06,53.77927288646249,1.747857930947971,95.36241131751515
21,2009-04-14 14:04:40,B0031,21,9216.281,3.199394456576314,4.214589095807575,-2.255920129335648,1.5032079794921187,45.51817869282438,1605.484,2.411955819284382,4.2072481474909695,-3.9784996176795904,0.00016408495912041446,53.77940592279519,1.7441167338864993,95.15829314138718
22,2009-04-14 17:07:34,B0031,22,9244.75,3.2237249802456045,4.214732905912986,-2.2544912949991915,1.498365477268629,45.507404676870806,1600.75,2.3413222526109294,4.207149488755062,-3.978808047093823,0.001292763200131917,53.7498055148608,1.7268422932817387,94.21580675215431
23,2009-04-14 20:10:51,B0031,23,9233.563,3.2199012548957855,4.214678107524061,-2.2541396029876726,1.4981401947784971,45.50459155886418,1595.0,2.328244465576847,4.2072173595407625,-3.9775428897202,0.001472605857913956,53.75572683773813,1.7203093493042265,93.85937201013846
24,2009-04-14 23:49:38,B0031,24,9306.797000000006,3.4509509094190145,4.214608275657068,-2.2543302049957563,1.4990766502011919,44.61918652534829,1612.422,2.318164845471509,4.196145238330935,-3.9805743604314343,-0.00033744302510461553,53.7542876562008,1.7394245516699778,94.90228960552429
25,2009-04-15 15:26:47,B0031,25,9228.125,3.188727974240158,4.214659560008391,-2.255134800285027,1.4975207612560135,45.4946083841906,1598.969,2.4548236850102603,4.2069462617112805,-3.979162923764102,-0.00010401984862474699,53.711431807207,1.7367384416372014,94.75573654462947
26,2009-04-15 18:29:47,B0031,26,9122.188,3.2384274611241772,4.214661915539616,-2.2526345026102548,1.4975222264400787,45.479198364066384,1592.187,2.3584309858697914,4.207372373768093,-3.978306860506898,-0.0012343201163544065,53.69342764953342,1.716963468448543,93.67682212394375
27,2009-04-15 21:30:55,B0031,27,9176.562999999995,3.2310219460359155,4.214610127937783,-2.2529728838859113,1.498247802034015,45.457271511345006,1577.484,2.4660401403368404,4.206841499612997,-3.977319747335911,0.0023885964497716784,53.61958378565316,1.7127773558366357,93.44842953799619
28,2009-04-16 00:32:43,B0031,28,9170.625,3.258144815257937,4.214632793260707,-2.2517995768708254,1.500338138180495,45.447487245018,1571.547,2.442554361335084,4.207073830058116,-3.978351078081253,-0.0007856884123706902,53.633628437869824,1.7061083466554066,93.08457113431247
29,2009-04-16 04:10:05,B0031,29,9317.781,3.47801802466434,4.214598151715912,-2.2551606681537772,1.4991057428643932,44.573099203521984,1578.484,2.455972935605985,4.202288246181564,-3.977915936469046,0.0006476350430282945,53.64298219337473,1.713732696207521,93.50055251651949
30,2009-04-16 10:41:20,B0031,30,9136.687,3.2595396514359183,4.214710096589217,-2.2527457270156845,1.4988285852430592,45.45949860959236,1574.469,2.3451886335989784,4.2068098855652165,-3.979004823352766,-0.0005359838169886397,53.640194623026446,1.7093475797926974,93.26130236476443
31,2009-04-16 13:42:26,B0031,31,9163.844,3.2473384552240327,4.214695764732519,-2.2521699713678043,1.4995754713584188,45.465513569894625,1568.281,2.3048157078228537,4.207132897125494,-3.9789940224296374,-0.002785939291192321,53.65373339276206,1.6901000454115587,92.21116478893373
32,2009-04-16 16:43:53,B0031,32,9143.156,3.245421459670538,4.2145888576536,-2.2525050929528865,1.4988256408105733,45.476443020759035,1561.422,2.327904771892418,4.207018144824621,-3.977360849056161,-0.000803782731406179,53.65355338521763,1.6946883343387664,92.46149994957385
33,2009-04-16 19:44:53,B0031,33,9074.094,3.251013523070628,4.214649280634254,-2.2549084739007306,1.4982717597012114,45.49391710636721,1554.234,2.3672431402232186,4.206967994384534,-3.98157731389867,-0.0021179755950894007,53.647830742878845,1.687010991299212,92.04262726444287
34,2009-04-16 23:20:24,B0031,34,9387.891000000003,3.4902346760901866,4.214648221637246,-2.2556126328131945,1.4976885001981577,44.60299996049325,1573.734,2.32931910043758,4.198742074510769,-3.978371819312698,-0.00013831878756091233,53.654715008055895,1.6957069027070075,92.51707262168145
35,2009-04-17 10:13:13,B0031,35,9124.89,3.2391281462384707,4.214625574073866,-2.254909876504041,1.4987015011091525,45.467258311672076,1566.578,2.3136169782429055,4.206906802432806,-3.9792781650234965,0.0004421767681534127,53.66098543950281,1.687696889615565,92.08004959506135
36,2009-04-17 13:14:01,B0031,36,9101.484,3.2468398004374643,4.214685103490466,-2.2544460332932537,1.498105385704121,45.46155635528227,1550.047,2.464103908062826,4.20664698001037,-3.979799695817293,0.0004194401026205966,53.59867010741405,1.6819617127259294,91.76714069792261
37,2009-04-17 16:14:10,B0031,37,9133.031,3.273932091359464,4.214616643650958,-2.2514247010336947,1.4978417409264808,45.46730601909401,1543.64,2.450218643464606,4.206935457661614,-3.978467204430153,0.001218907102783235,53.628910349751585,1.6750033888978846,91.38749740585563
38,2009-04-17 19:14:44,B0031,38,9029.031,3.275757349092261,4.214604410590948,-2.2529252414740175,1.497141982110276,45.490060720610764,1536.781,2.4650879684691613,4.207096999865798,-3.9775318525247547,0.0010226274780877642,53.61379694880726,1.6672987794846676,90.9671370785689
0,2009-04-07 16:58:34,B0032,0,9888.75,3.162072147481652,4.200037296236637,-2.2379985184784625,1.504273478852866,45.09332295910928,1723.281,2.6672646952717707,4.187844886919987,-3.993584927278223,0.0015127124644952277,53.49862731805315,1.8940319526948572,100.0
1,2009-04-07 20:14:29,B0032,1,9764.735,3.1720378457639606,4.200375872567214,-2.2378631369455793,1.5039127709572893,45.305654102608436,1705.906,2.653980741191812,4.187701456265651,-3.994420868734206,0.0012837813797894058,53.56355547229223,1.8747686491853095,98.98294727910267
2,2009-04-07 23:28:03,B0032,2,9742.437999999995,3.1840954684935587,4.200145860142314,-2.237919934850487,1.5025677502898402,45.32502514009919,1697.688,2.614778884516638,4.187956631748198,-3.992737735565066,0.0017161804656120666,53.636497641934646,1.8654947184112376,98.49330766342055
3,2009-04-08 02:41:07,B0032,3,9674.14,3.180188784075154,4.200410667596602,-2.2367899591040117,1.5026193542025008,45.3444384896063,1686.094,2.611753951946988,4.187837270519941,-3.9948661162805594,0.00040717823626788244,53.66821955000141,1.8527398169018068,97.81988177473463
4,2009-04-08 06:28:36,B0032,4,9801.422,3.4228128225208074,4.200182815163489,-2.236891424313727,1.5025415796074013,44.72116540432172,1678.563,2.6899647104301128,4.176580463554566,-3.9943122416105044,0.001708441430192,53.78514931831166,1.844174397003866,97.36764970516715
5,2009-04-09 10:54:17,B0032,5,9517.672,3.2367625871411607,4.200013742904958,-2.2338361895715853,1.5035536689638505,45.36661012607671,1677.469,2.6352220172441965,4.187717629562103,-3.994189778619774,0.0009693359917359237,53.80370465565283,1.8430238477512753,97.30690367335109
6,2009-04-09 14:03:18,B0032,6,9500.375,3.215617005936897,4.200195029594952,-2.237801397257184,1.5029971017279522,45.37716338098021,1666.093,2.616116680441599,4.1875582845369195,-3.992661318532081,0.0012858070277202214,53.860865202701575,1.8302818174911863,96.63415735341918
7,2009-04-09 17:11:50,B0032,7,9474.375,3.2151951802063854,4.200012581017682,-2.2373900707543024,1.5026218693985731,45.378949666013796,1654.328,2.6377575512804055,4.1878149871796655,-3.9925014219671766,-0.0031257014604457478,53.86937461780675,1.8173838456081814,95.95317771816786
8,2009-04-09 20:19:45,B0032,8,9446.969,3.231988685828954,4.2001777875407,-2.2363406091267657,1.5042954887965543,45.381661463020585,1643.812,2.6425811435343314,4.1878814798124315,-3.994253875500499,0.0013400939842073787,53.919241142689074,1.8057992981104682,95.34154350147841
9,2009-04-10 00:02:46,B0032,9,9648.516,3.45624574128552,4.200015485375659,-2.2424913931513,1.4994446696791446,44.741963711241645,1652.266,2.6868552360676885,4.180429711622443,-3.993279981032099,-0.0014889906843565941,54.04736439027926,1.8149829605049186,95.82641717963276
10,2009-04-10 13:17:58,B0032,10,9315.61,3.2640305482204788,4.200016080676529,-2.242032915127593,1.4989117847012896,45.39714673501506,1648.672,2.6740516269543457,4.187435297570574,-3.9928213513263473,0.0016267295925668302,54.07432799473692,1.7995150369321797,95.00975072631708
11,2009-04-10 16:23:10,B0032,11,9290.016,3.2766486075093217,4.2002069142078575,-2.2428323679179445,1.4991044477848867,45.38548423560667,1636.969,2.6712280977184064,4.187467933100937,-3.9936307443005115,0.0038627008274447795,54.13198237630402,1.7866516942518147,94.33059942361265
12,2009-04-10 19:27:45,B0032,12,9274.812,3.2778228663776456,4.20049683085484,-2.2453718989539233,1.4991853056366167,45.38435192632286,1625.187,2.6834486699239664,4.187491241001438,-3.9933041077525164,0.0030013386583011147,54.1706485784692,1.7735550719416031,93.63913155837535
13,2009-04-10 22:31:53,B0032,13,9327.077999999994,3.2874001215970754,4.200022664245512,-2.243291583908351,1.4994461622376558,45.40427025281304,1622.016,2.670098200587867,4.1874322769983605,-3.9940797199332114,0.0014240302884510813,54.230275057026425,1.769995333364443,93.45118654656628
14,2009-04-11 02:12:36,B0032,14,9473.437,3.4730660903338397,4.200333987742052,-2.2414786632550343,1.5003996546776743,44.76824437312004,1638.422,2.6512994484308834,4.174276691190384,-3.9939678062045267,0.00211788380601706,54.344649105313806,1.799526080374287,95.01033379156534
15,2009-04-13 10:20:08,B0032,15,9249.172,3.2539505047564936,4.200296447298915,-2.2421321200341717,1.4997247464824237,45.420023428162914,1646.438,2.6257034386294866,4.186860433427951,-3.994597299462833,0.00171086722647622,54.34024033975075,1.7968530684449833,94.86920565877432
16,2009-04-13 13:24:13,B0032,16,9276.188,3.269366631224893,4.200242918261915,-2.237210829444426,1.502906914332878,45.395112846336765,1634.765,2.6363985091733704,4.187242083144707,-3.99403993642454,0.0001165466879612154,54.383818324015124,1.7838265504081745,94.18143911828516
17,2009-04-13 16:28:34,B0032,17,9297.734,3.2751739090029925,4.200100835889439,-2.237918325567723,1.5038951342686422,45.42111461591665,1622.016,2.6091385279000474,4.187348698823322,-3.996695123471853,0.001878510603219966,54.44223460892958,1.7696444491040102,93.43266076298941
18,2009-04-13 19:33:04,B0032,18,9333.438,3.275998837341745,4.200202942806919,-2.238847890973373,1.502160872387062,45.42740175266363,1616.25,2.6928273258727593,4.187458308694366,-3.996085886074777,0.0009533628343327387,54.47793957059441,1.7512940457049684,92.4638068124036
19,2009-04-13 23:13:50,B0032,19,9377.641000000003,3.4756196941133264,4.200327766652792,-2.237394996023301,1.5039886640362439,44.77235822737192,1622.218,2.6580053475407666,4.18032452902128,-3.9941183811183705,0.002640804918085652,54.522884319691855,1.7697554297961993,93.43852025717753
20,2009-04-14 11:01:49,B0032,20,9200.078,3.300170091032598,4.200545640151047,-2.240024407312273,1.5018927258615693,45.44121869740602,1619.656,2.622656733898926,4.187278944270903,-3.99420296582248,0.00027940867379329083,54.63737439274004,1.7547726933914918,92.64747043442296
21,2009-04-14 14:04:40,B0032,21,9216.281,3.3073277252701394,4.200331213067831,-2.238658307254575,1.502986029656241,45.45701909779596,1605.484,2.6579673401898325,4.186871482774904,-3.9942076761239322,-0.0006333733548199719,54.626766126568995,1.7389166355812984,91.81031149485844
22,2009-04-14 17:07:34,B0032,22,9244.75,3.3172695371123195,4.200000777819079,-2.2355538096303706,1.5029988732358992,45.45478198629672,1600.75,2.62449780009349,4.187368946542894,-3.9938232398252884,-0.0020744273359697553,54.64310926864166,1.7337200518764075,91.53594528379759
23,2009-04-14 20:10:51,B0032,23,9233.563,3.3148081300480636,4.200374894909837,-2.2417522972204473,1.5031281414791793,45.454573095061825,1595.0,2.6693549937573904,4.187171328295389,-3.9947546221632204,0.0012452126846412897,54.70581681215588,1.7150972597500092,90.55270991124215
24,2009-04-14 23:49:38,B0032,24,9306.797000000006,3.480193676422003,4.200343421762055,-2.237373378654365,1.502248583124278,44.80195940335337,1612.422,2.6245992054256915,4.179483481777926,-3.9935521542972516,0.0008661686052773623,54.73634803491553,1.7462926148815636,92.19974416993927
25,2009-04-15 15:26:47,B0032,25,9228.125,3.316893946019892,4.200170346438644,-2.2364184010042325,1.5022106986104733,45.43783097493817,1598.969,2.6829848740711117,4.187057003834118,-3.9950865002613853,0.0017493587339206494,54.729006905014316,1.719149261914565,90.76664517029576
26,2009-04-15 18:29:47,B0032,26,9122.188,3.347075544718072,4.200392883411656,-2.2390424215709075,1.5019745107857616,45.42563310496795,1592.187,2.6671246169170018,4.186996418231206,-3.9949368262887304,0.0029029926987244646,54.73589338579687,1.711582246191498,90.36712626501539
27,2009-04-15 21:30:55,B0032,27,9176.562999999995,3.3426122573298236,4.200402598777626,-2.238519098582103,1.5035137974023107,45.40238293915166,1577.484,2.6334454972272856,4.1871621368173555,-3.9949029619473433,0.0030505218567754874,54.73540508711326,1.6951051195225901,89.4971764922323
28,2009-04-16 00:32:43,B0032,28,9170.625,3.3409943961120234,4.200247031954918,-2.2388501141480917,1.5027500147860524,45.41299032224968,1571.547,2.6133538721871226,4.187124475593186,-3.99441842582716,-0.000644345960708234,54.74865999209295,1.7005124371100973,89.78266890854626
29,2009-04-16 04:10:05,B0032,29,9317.781,3.481449122964779,4.200753184280377,-2.239025248936683,1.504069711486168,44.75680826911207,1578.484,2.647938106735209,4.181856074494181,-3.9933943376990633,0.0024583516966073405,54.78747299373422,1.7080989351250158,90.18321642856695
30,2009-04-16 10:41:20,B0032,30,9136.687,3.3332329966539977,4.2003753865658595,-2.2410347579062164,1.5034224965264853,45.426863607474424,1574.469,2.6715941703662405,4.18690867607217,-3.9945059330621557,0.0009777946664947625,54.781382520592445,1.691435430587127,89.30342638520577
31,2009-04-16 13:42:26,B0032,31,9163.844,3.353725458302861,4.200057999438772,-2.239109179444401,1.5041809956253176,45.39896576010375,1568.281,2.6462614968063676,4.186886051758731,-3.9949900066471686,0.0008586417537280709,54.78435229628446,1.6844494328889932,88.93458373246202
32,2009-04-16 16:43:53,B0032,32,9143.156,3.3497256540034517,4.200073123443131,-2.2371003753566154,1.5033822262213579,45.41222198091578,1561.422,2.6718636231921065,4.186961283097403,-3.9944555852207273,0.0008078766421049594,54.845012944023324,1.664037581688075,87.85689065701649
33,2009-04-16 19:44:53,B0032,33,9074.094,3.364072824990759,4.2006004797626195,-2.237771636479985,1.5021479498700097,45.42116339567744,1554.234,2.6372752376377897,4.186797536056034,-3.994950149647624,0.0003270290264657244,54.84412055277582,1.6686372014231974,88.09973871079816
34,2009-04-16 23:20:24,B0032,34,9387.891000000003,3.483004736559571,4.200450191624026,-2.2378779289081896,1.5025515784535566,44.77974280069445,1573.734,2.6027515790201994,4.180871809929545,-3.9939090960595336,-0.0004538951829893893,54.916794359881244,1.6899344075625968,89.22417624254611
35,2009-04-17 10:13:13,B0032,35,9124.89,3.3395618098365136,4.200342815366655,-2.238950607607068,1.50310075421008,45.43249146044236,1566.578,2.6344496446331838,4.186876840985748,-3.9956769444125584,0.0031454037894103255,54.90429470994109,1.669431712846442,88.14168686389633
36,2009-04-17 13:14:01,B0032,36,9101.484,3.3598916741667675,4.200283454697339,-2.2382140684310254,1.5019606421990837,45.40225231920624,1550.047,2.612265282912701,4.1866310585931235,-3.995326411032614,-0.0010781432331686787,54.85304065526831,1.6634226761839213,87.82442523301565
37,2009-04-17 16:14:10,B0032,37,9133.031,3.3441038821934193,4.200213564556935,-2.2357240571602635,1.5026185601249193,45.43633871670618,1543.64,2.6874948249577777,4.1868719484291095,-3.9933417260498723,0.0005040802090653307,54.870101858468004,1.6436152195947373,86.77864263357209
38,2009-04-17 19:14:44,B0032,38,9029.031,3.3756987339013866,4.200629875559105,-2.240219675152678,1.5007187112957086,45.431506683537506,1536.781,2.6076358711453813,4.186758471539941,-3.992853792791997,0.0011578976243076559,54.9152115205818,1.6358000873538245,86.36602381635555
0,2009-06-19 18:25:58,B0033,0,10804.687,2.942623280710145,4.209411224532954,-3.1780189678565427,1.5147872839464023,27.00218749949012,3260.531,1.9816234331870684,4.191105953862248,-4.027610772655682,0.0012239145172062258,32.82332257180906,0.6895699007862814,100.0
1,2009-06-19 22:58:30,B0033,1,10804.797000000006,3.300000249825261,4.209881849428991,-3.6937831315974754,1.512386147929767,25.489236477153455,3265.75,1.287217552704193,4.19762922160552,-4.028150816942063,0.0013754928034409725,35.79329539654299,1.1610848192311252,168.378117708908
2,2009-06-20 02:55:25,B0033,2,10742.266,3.1937451838958064,4.2096139101069445,-3.606366431016505,1.5143925081486354,25.66638181947046,3264.109,1.92499373482904,4.199816411135521,-4.027874138842302,0.005999157112787059,36.38266836733648,1.2529393053824995,181.69866520476558
3,2009-06-20 06:51:23,B0033,3,10680.516,3.178954174486059,4.209180209833066,-3.595504774551329,1.5135098722556084,25.60178268537945,3253.531,1.9480187400221975,4.2005663942344365,-4.033138447887385,0.003173522307824234,36.45901475182768,1.302918002447558,188.94647242605961
4,2009-06-20 10:46:08,B0033,4,10805.453,3.1699053456485653,4.208894476429297,-3.5776215801034517,1.5147204310154103,25.27803792735921,3242.578,1.891347070952385,4.200743805234223,-4.028549406404835,0.0011907176612640303,36.279780573622936,1.3218773211472525,191.69591358903327
5,2009-06-20 15:18:25,B0033,5,10807.953,3.157479244597626,4.209906115632094,-3.5692706844699353,1.514035284607968,25.077177150377622,3234.625,1.1932458808760276,4.197576934147749,-4.029060240993913,0.0012234808875597027,36.16552578493363,1.2884694418301417,186.85117206551004
6,2009-06-20 19:50:37,B0033,6,10807.078,3.164073308863679,4.209665359075645,-3.5811306308679627,1.5132425192475003,25.107706801429142,3235.36,1.9170515174362301,4.20050246544483,-4.028435536553458,0.0002512950478151137,39.93652051985124,1.713169326386719,248.440270440064
7,2009-06-20 23:47:06,B0033,7,10808.171000000002,3.030932756387636,4.208888561070802,-3.3964513404803647,1.5135680053165457,25.33291531043187,3236.125,1.9084502918482382,4.199260915072752,-4.027703797647405,0.0025156394444598175,38.25328053802186,1.6560966776720512,240.1637130309325
8,2009-06-21 03:43:37,B0033,8,10806.641,3.1090953029013035,4.209657189299307,-3.5132567676400597,1.5133455121283617,25.26420210676513,3230.25,1.9529802665635712,4.200453230054564,-4.029010576937479,0.001943913403446106,37.62899446299115,1.6197297341990775,234.88985414708245
9,2009-06-21 07:40:01,B0033,9,10807.39,3.1452475056236713,4.20979606507439,-3.568662705821936,1.5141582001803213,25.1725714872834,3226.078,1.9889951350881314,4.200671023041403,-4.029371158559712,0.0007927284230400828,37.32713409422702,1.604655812282729,232.70386518509895
10,2009-06-21 12:12:07,B0033,10,10808.203,3.1537499231493347,4.209709020454025,-3.5934693636214328,1.5143927697532105,24.930113294257133,3224.5,1.9634548720089502,4.19613941105053,-4.028926555600406,0.0008138436718322889,37.40237649452651,1.6255699769029337,235.73679405806126
11,2009-06-21 16:44:12,B0033,11,10805.781,3.175008091812796,4.208904914100466,-3.6091128892466715,1.5137467774422844,25.44971881922369,3222.188,1.9596564991730565,4.200736119460894,-4.030095334789055,0.0047879231111514365,36.995742754141574,1.5900967306245992,230.59253729193992
12,2009-06-21 20:40:28,B0033,12,10808.015,3.1901010829005476,4.209693003479372,-3.638230985844158,1.513837744446854,25.40288547700576,3216.546000000002,1.9224375381620544,4.199983318886737,-4.029301699475618,0.0008137321239976772,36.85780455256667,1.5739402299623984,228.24955500054665
13,2009-06-22 00:36:42,B0033,13,10807.844,3.1957408172331294,4.209822097877952,-3.6450360829327457,1.514028235308089,25.446087439094065,3211.859,1.9701535031712945,4.198997952942716,-4.028374929061863,0.0004291964092569833,36.6450177655176,1.5711303351557309,227.84206987054554
14,2009-06-22 04:32:51,B0033,14,10807.343,3.2041516581505034,4.208946343692961,-3.652420381534172,1.5128495703193017,25.412238435581575,3215.859,1.9056198246248632,4.200390681379551,-4.028389076445655,0.017416510273001708,37.06472736671567,1.5897706153457416,230.54524472907056
15,2009-06-22 09:04:49,B0033,15,10806.468,3.199782364231844,4.209904291307641,-3.661303544449034,1.5135243406012011,26.262632859441705,3225.125,1.9194841380159542,4.19244756297013,-4.028586118410664,0.00036249119026178945,37.66051476409482,1.6257378771074,235.76114259825638
16,2009-06-22 13:36:56,B0033,16,10809.094,3.2028268333970242,4.208915576943802,-3.6445609916258412,1.5133516815525097,27.15956153979837,3234.343,1.8976584375642789,4.2017771251555125,-4.028842731009181,0.0011298889882579554,38.32310986221148,1.6523506333962537,239.6204694422077
17,2009-06-22 17:33:30,B0033,17,10807.516,3.202497284595493,4.209815964960346,-3.631439353797268,1.512491317430957,27.15783543455161,3218.25,1.9491950772703672,4.201164004146235,-4.030100031226656,0.00784864250788584,37.01126182016034,1.6143816761595386,234.1142898375845
18,2009-06-22 21:29:47,B0033,18,10807.766000000003,3.214431605796866,4.209790279804115,-3.649266551493315,1.513303268812329,25.813447491927068,3203.5,1.984512151427813,4.201517882926393,-4.029009682675262,0.0007141636301609649,36.45751890099188,1.58697453394504,230.13976279061686
19,2009-06-23 01:25:50,B0033,19,10805.969,3.2165373556311954,4.209859327962298,-3.6739812694046843,1.5159009103038472,25.4385418066547,3194.39,1.9563552671465751,4.20178668140198,-4.029820948579601,-0.0002999730234341766,36.245832392874156,1.5818355572787333,229.39451902918714
20,2009-06-23 05:57:28,B0033,20,10781.344,3.208205660090406,4.209397479876291,-3.67104061194108,1.512549188885375,25.248718690227886,3225.219,1.9541530671990093,4.1779630595627175,-4.029429516237868,-9.800144433961224e-05,38.88044910257506,1.6919769406371152,245.36699451467356
21,2009-06-26 17:00:29,B0033,21,10500.75,3.1474451184373105,4.2096911085489115,-3.5640299298928726,1.5131264773567992,26.910531117583485,3252.985,1.9044972660711088,4.196973763278454,-4.029363256265371,0.005218954560454124,37.68662439550755,1.6879483800354476,244.78278099301693
22,2009-06-26 21:28:01,B0033,22,10759.047000000006,3.178943322526687,4.209647578613416,-3.612380250155068,1.5132445943503985,25.728600418966007,3245.25,1.8748346357265961,4.200398891523595,-4.030201623675916,0.005553090986286007,37.02885798715912,1.6586223007531458,240.5299736635696
23,2009-06-27 01:23:59,B0033,23,10808.219,3.193345275508454,4.210158970988482,-3.6348612625726653,1.513794726386658,25.298283478954108,3235.031,1.897981208291145,4.200117032191553,-4.030021583929906,0.007265280166586811,36.84829116229335,1.6420179032789863,238.1220383033942
24,2009-06-27 05:20:35,B0033,24,10806.25,3.20418028051415,4.209770275307039,-3.6418968589685408,1.5145983861852301,25.22725335885319,3228.141,1.991339490634848,4.199696801054791,-4.029862208715491,0.016500338698040882,36.78338270641005,1.6381810791118743,237.56563000269298
25,2009-06-27 09:17:04,B0033,25,10807.046,3.21347728621423,4.209574428741807,-3.650026075171437,1.5141168796320856,25.396804370655392,3217.875,1.8710207024150525,4.199468615978848,-4.029053434590447,0.00276585452568468,37.1454352740502,1.6422892507912386,238.16138855808813
26,2009-06-27 13:49:09,B0033,26,10807.812,3.2096479505856514,4.209692842424509,-3.6475987809372445,1.5118793589852573,25.559292390267544,3220.219,1.9449657495126544,4.1967559287812986,-4.03323407643102,0.005023227506817284,37.43950673452506,1.651270876264092,239.46388529737624
27,2009-06-27 18:21:18,B0033,27,10794.063,3.21181146288069,4.209788052741664,-3.633953817340458,1.5131679721562552,26.02928876956574,3210.234,1.907571146047148,4.199575185389948,-4.029609473738784,0.004855381962412541,37.21232307005263,1.6326559297917211,236.76438428215712
28,2009-06-27 22:17:17,B0033,28,10807.437999999995,3.214365446379843,4.209635603410628,-3.6413107865387477,1.5128423027622995,25.517803859131764,3210.546,1.853794752061886,4.199545032445997,-4.029153463598805,0.003091520377884157,36.823942592131566,1.6260888111680731,235.8120343295041
29,2009-06-28 02:13:30,B0033,29,10807.515,3.215583478523143,4.209621421476236,-3.6461552511112147,1.512894816938223,25.032275833836536,3200.969,1.9738070273097836,4.199505571389485,-4.029585877984303,0.0020661891649316304,36.46405070511895,1.6079292963823688,233.17857907500442
30,2009-06-28 06:09:35,B0033,30,10801.0,3.221144943842901,4.209737313841566,-3.666377986176394,1.5130915314319382,24.970096786913714,3188.625,1.8729343749213587,4.199241343123339,-4.029845065383976,0.002357497667880069,36.76266900330653,1.6125361114907395,233.84664986856976
31,2009-06-28 10:41:07,B0033,31,10808.875,3.2158968238978023,4.210111267342165,-3.647521785265275,1.5152064048474272,25.151245423346243,3191.735,1.9731628226811078,4.196166399561636,-4.03055037109141,-1.777228155773812e-05,37.105629207043215,1.6218384168987892,235.19565094843747
32,2009-06-28 15:12:50,B0033,32,10762.766,3.2211346092004054,4.209813110243782,-3.6551070154668177,1.51298966993152,25.617337309604267,3190.313,1.9801558945564506,4.199389890561037,-4.028904787104472,0.00830975941903553,36.92446822577901,1.6145443029101134,234.13787363240925
33,2009-06-28 19:08:00,B0033,33,10727.078,3.22487983076914,4.209819301730048,-3.644805791999116,1.513449951383029,25.275800776416162,3182.156,1.8983018980313588,4.199342510279409,-4.028816718572523,0.001554269889544501,36.60695698382364,1.5953958917107596,231.36101066644744
34,2009-06-28 23:02:27,B0033,34,10807.75,3.2230236115026196,4.209895753456398,-3.665082046124028,1.5124638766246115,24.98503812558172,3180.156,1.9438604398554957,4.199371542863236,-4.028814615699915,0.001315143854414586,36.55039143131212,1.5877243027113057,230.24849270551172
35,2009-06-29 02:58:13,B0033,35,10788.031,3.227116774587557,4.209599441241442,-3.6481401277391257,1.512574311617425,25.054927876059807,3171.953,1.9632916036547936,4.198739953896501,-4.0293423558858095,0.0025301006204114843,36.5823314777477,1.5811840578305605,229.30003992744128
36,2009-06-29 07:29:18,B0033,36,10810.422,3.218765370208408,4.2099647994501606,-3.647185110971639,1.5139577769515151,25.490938376422754,3192.172,1.9667908439255781,4.196658469661701,-4.031050217020222,0.0024156823537104096,38.03675863150647,1.6128422608267754,233.8910470117291
37,2009-06-29 12:01:07,B0033,37,10651.297,3.22559684232568,4.209749822042622,-3.636248962043146,1.5136542762879264,27.108320796412013,3194.735,1.9197120509411163,4.199179844744276,-4.030106767683525,0.0006400926876088788,38.760697217070216,1.61998606328022,234.92702645997636
38,2009-06-29 15:54:32,B0033,38,10503.469,3.2233969536365947,4.209943276668513,-3.6316893223106823,1.512567195627048,27.746243974799963,3178.75,1.90479520665137,4.199367783528825,-4.030953176534828,0.0054549410937690165,38.235160610115415,1.6099381853611876,233.46990399747102
39,2009-06-29 19:45:14,B0033,39,10696.625,3.2254127540613813,4.210081946072781,-3.6398333535482736,1.5143528205002161,26.154116748964707,3165.359,1.9002006601986492,4.199251268298133,-4.031039705836091,0.0019693936084294195,37.20770413073148,1.5770977539565159,228.7074525959198
40,2009-06-29 23:38:55,B0033,40,10591.812000000005,3.2284983753045498,4.209816290286227,-3.645953789493181,1.5139514234622764,25.414913270087332,3155.25,1.8511721039377573,4.199383120313636,-4.029997935260405,0.0026026251110056174,36.9160184906247,1.5708599066554392,227.80285288906427
41,2009-06-30 04:06:30,B0033,41,10767.687,3.2178191999678054,4.210015278307711,-3.644413749264843,1.513212869940534,24.86415949056156,3173.766,1.9532771236637267,4.1862894653699865,-4.029710862662991,0.0008207747777911208,38.272310782775065,1.6261581345348248,235.82208746069102
42,2009-07-01 12:45:34,B0033,42,10543.359,3.2116141763311363,4.209709057879424,-3.624797998302576,1.5131414834048555,26.857478245510404,3199.485,1.8536215036991406,4.19649142433425,-4.0307758077283395,0.0015734936112625545,39.10342018909909,1.6348129972245726,237.07719773738364
43,2009-07-01 17:13:07,B0033,43,10542.234,3.211822047541302,4.210186349179853,-3.622275327368598,1.515079635869532,27.457129275323574,3196.015,1.8889976705304934,4.1993042516227,-4.031306085570448,0.0006231010202338925,38.33805950325132,1.6117053637342613,233.72617654809406
44,2009-07-01 21:04:46,B0033,44,4952.234,,,,,,3595.281,1.9693514891283213,4.297261420299437,-4.032672225135528,-0.0009158378024188325,40.78203629126505,1.8851401699720662,273.37912629633877
45,2009-07-14 17:52:00,B0033,45,10489.172,3.1415605038180807,4.209703814401759,-3.521186256045146,1.5108068046459315,27.93209145768323,3198.0,1.9935504677327178,4.196439332501794,-4.031780602841451,0.00033320145127354494,38.52395699562303,1.6584957887780232,240.51162715874415
46,2009-07-14 22:18:36,B0033,46,10585.468999999997,3.1865213844968183,4.20984622354683,-3.5907044815384923,1.511300436380796,26.419705397313074,3183.516,1.9102322543360104,4.198801406927717,-4.030791007814564,-0.000753560863892919,37.84185542205372,1.62418934644937,235.5365778867943
47,2009-07-15 02:10:47,B0033,47,10624.344,3.197676021773631,4.209867996211025,-3.613896667242643,1.5106633543362922,25.95235919538191,3183.797,1.9518631378335147,4.199283799066005,-4.0310640182247095,0.0013937024175848071,37.464100471383695,1.6041720988563641,232.63371806501536
48,2009-07-15 06:03:37,B0033,48,10808.781,3.210487879606898,4.209954235182357,-3.6337426941322195,1.512372250078869,25.808477836954694,3191.516,1.8963514295309498,4.198824744163288,-4.03130596458528,0.0025228711514761124,38.110532137074216,1.6080016740907346,233.18907514049152
49,2009-07-15 09:59:39,B0033,49,10616.407,3.2061402846510085,4.209792718135369,-3.6220954441667073,1.5113674125754404,27.1660604676426,3189.985,1.8979233738345112,4.1991786619721845,-4.03322808557455,0.0003608441658017704,39.04860411133125,1.6256752138435595,235.75205530141105
50,2009-07-15 14:28:16,B0033,50,10536.312,3.2038726219938325,4.209858303481927,-3.612811399511558,1.5112790046911218,27.71391252719328,3189.734,1.9266531976002355,4.196322805258936,-4.031813043363584,0.014180589829354377,38.882226863166906,1.617632765910718,234.58575614541957
51,2009-07-15 18:55:33,B0033,51,10560.766,3.2072155623293077,4.2099369707362735,-3.6184337398530904,1.511728723821969,26.837729132927187,3176.016,1.939997570224548,4.199012202779581,-4.030821588081266,-0.00010853183838927168,38.10273900805949,1.5973191489094263,231.6399174453648
52,2009-07-15 22:47:13,B0033,52,10591.016000000003,3.215090575838469,4.210102701071351,-3.625619317281698,1.5135844413222144,26.46480557549332,3171.36,1.9585672641473335,4.198460705965928,-4.032137075383287,0.017289236291238273,37.91537679971282,1.5875852250170606,230.22832394610293
53,2009-07-16 02:39:19,B0033,53,10619.391,3.2163412870065877,4.209967061094147,-3.6289025151041194,1.5108207498058432,26.283339210959728,3170.843,1.9572832344435456,4.198803103697235,-4.03124499599466,-0.0011548525975083356,37.92480929373238,1.5802530015403684,229.1650200709872
54,2009-07-16 06:31:53,B0033,54,10570.531,3.2196375758476012,4.2095819402486,-3.623914407864926,1.5114188608706522,26.585587036749832,3164.672,1.916168037790613,4.198672374221831,-4.031640962287776,-0.0014734947558618747,38.34698157796738,1.583036530487776,229.56868167864056
55,2009-07-16 10:59:21,B0033,55,10776.312,3.211030963422151,4.2099290870826716,-3.6152289140083007,1.5117796359670024,27.076052164059934,3177.453,1.9463675093023414,4.195265814954276,-4.031167247658788,0.0007354370554732212,39.30988108210959,1.6027138832797037,232.42225065975336
56,2009-07-16 15:30:28,B0033,56,10466.766,3.2139321613181218,4.209881445286323,-3.62087137912629,1.511885337878284,28.215967732403673,3172.375,1.9780549546482917,4.198697754700443,-4.032439717618345,-0.0005055321995240153,38.964980792259276,1.5930709154513834,231.02384742067278
57,2009-07-16 19:20:31,B0033,57,10605.265,3.21606834369891,4.20971930772136,-3.6320456946006705,1.5109269052189123,26.599794786363184,3158.406,1.905966283713238,4.198102779366344,-4.032672607638048,-0.000271915848045076,37.72135386687406,1.5448888685020246,224.0365866811278
58,2009-07-16 23:12:40,B0033,58,10603.125,3.216870092404793,4.209914581581652,-3.6318955908163306,1.5103630189295663,25.803561783710553,3141.578,1.90750106961619,4.19847889707735,-4.0312142392988,-0.00041562573050468656,37.45856152891539,1.5352188565640517,222.6342615612311
59,2009-07-17 03:04:30,B0033,59,10606.375,3.2176558740767387,4.210183985574045,-3.634880414198854,1.5114683756280807,25.522919260453403,3138.187,1.9292976600569,4.198444396938235,-4.031802508115526,0.0006536849289642663,37.2659552140469,1.5252677314227332,221.19116998632742
60,2009-07-17 07:32:09,B0033,60,10776.875,3.206053098459748,4.209867421384646,-3.621082116704189,1.5116466483245654,25.464465354717223,3157.969,1.8981581536679577,4.195342051626477,-4.031765665107094,0.00029587786907101795,38.74887799470947,1.5559492005453626,225.64053314554377
61,2009-07-17 12:02:59,B0033,61,10545.562,3.21647726154085,4.209901111840553,-3.6258559069703304,1.510734936513298,27.518199216904357,3159.281,1.8884361117708077,4.198552819065784,-4.032044401412751,-0.00024824984298430354,39.69321386954275,1.5648029438427147,226.92448467638303
62,2009-07-17 15:54:10,B0033,62,10429.0,3.2162110963406603,4.210101040962031,-3.6226128810394185,1.5108494003784847,28.279796841781287,3150.375,1.8935389971250938,4.1984923238862795,-4.031354508468829,-0.00019168184237226582,38.99544744527789,1.5518620461881205,225.047822478709
63,2009-07-17 19:43:16,B0033,63,10565.141,3.21484018889854,4.209793977687488,-3.6285203392091794,1.5108385708079295,26.429660018386194,3134.078,1.904031637069275,4.198232140934075,-4.032766166622568,-0.00096062682603525,37.746988287643894,1.5144550545105004,219.62313795652108
64,2009-07-17 23:34:22,B0033,64,10601.171000000002,3.215428762594589,4.209705310422707,-3.626624830349701,1.5117013653520046,25.67478989409037,3129.797,1.9196175823544368,4.197903885845773,-4.032211222443815,0.0004488591584670705,37.50735630364932,1.5051936202146428,218.28006392076384
65,2009-07-18 04:01:49,B0033,65,10754.719,3.203470238951515,4.209864452695496,-3.605766846927206,1.5117277617911815,25.097103625713082,3161.89,1.852348915398631,4.181130210987576,-4.031033663843277,0.0005118056247928042,38.883555668352116,1.605823969917045,232.8732689878148
66,2009-07-23 11:55:21,B0033,66,10584.188,3.156267532096624,4.209857440465502,-3.5357722954756827,1.5118220843588843,26.903805627763045,3196.859,1.8154710749647818,4.195489950082467,-4.031389983040594,-0.0005481937157319876,39.70651744278487,1.6249005195877049,235.63971074359736
67,2009-07-23 16:23:40,B0033,67,10464.969,3.1717222730186694,4.2097738492974655,-3.5571431947686314,1.5113519135438354,27.54690981342813,3171.906,1.9709912361310515,4.197775741628386,-4.0314763579809485,0.002231371215124044,38.69688917568081,1.589785130036615,230.547349619504
68,2009-07-23 20:13:45,B0033,68,10569.391,3.194181436815639,4.209863283281372,-3.605216324921927,1.5128555747583858,26.18633645795616,3160.8429999999935,1.8937050882323652,4.197620289512095,-4.030814834933042,0.0006893495495072592,37.93115370815918,1.5552386152299904,225.5374855336103
69,2009-07-24 00:05:23,B0033,69,10571.078,3.197663761126034,4.2099129542277,-3.6123629376953583,1.5115548437974173,25.534289366366473,3147.141,1.936708367530743,4.197694092086119,-4.0313511318221185,0.0012018815196050546,37.670702628979534,1.539756404636803,223.2922873926338
70,2009-07-24 03:56:50,B0033,70,10625.235,3.198276430174468,4.209646438826439,-3.6130127158816836,1.5120013721431238,25.24806549014506,3141.203,1.898472277042985,4.1974767325796405,-4.031138153963117,0.005724393173558308,37.48833504505954,1.5293174002138357,221.7784445739341
71,2009-07-24 08:24:55,B0033,71,10745.625,3.1887656700040115,4.209872474666394,-3.605072685206303,1.5114878304746011,25.398766166291246,3151.047,1.8471266740226868,4.196099622186929,-4.0316229913950306,-0.00031171378749907005,39.01194436489727,1.547680553576876,224.44143107350462
72,2009-07-24 12:55:11,B0033,72,10181.329,3.191868919887536,4.209930720572779,-3.6035481425116704,1.51084470186779,27.259413118500643,3159.172,1.8671703949444942,4.196552042597536,-4.0315013305919996,0.001151032383683202,39.95408175672587,1.5659920939439786,227.09693276321335
73,2009-07-24 16:40:21,B0033,73,10451.172,3.187620234633194,4.209957688781038,-3.592994507319381,1.5105834111749332,27.520235419535577,3141.047,1.9378745892006957,4.197202431807518,-4.031293666591443,0.0038625310544471688,38.629206981182826,1.5416252851780505,223.56330858122053
74,2009-07-24 20:29:43,B0033,74,10622.0,3.191359670895458,4.209913358563524,-3.607152894603577,1.5116167554796192,25.75999329076942,3135.0310000000027,1.8429746742692776,4.197066813581793,-4.031684082152135,0.001569384056081329,37.93003488357471,1.517590655990168,220.07785639421567
75,2009-07-25 00:21:50,B0033,75,10618.156,3.189763158155431,4.20968657170342,-3.6040357089830346,1.5119498123918507,25.28374968940276,3117.984,1.8767034375876257,4.196924945892409,-4.03165132325304,0.0008096114927767332,37.62158369702063,1.5075202042593092,218.6174603242341
76,2009-07-25 04:49:26,B0033,76,10808.063,3.178091098433197,4.2097055656218965,-3.5797933553963914,1.511009883323673,24.647463247957468,3125.328,1.823408615215652,4.196262893825219,-4.030947549189872,0.0005724594774865621,37.78621151878811,1.49549282626034,216.87327485655996
77,2009-07-25 09:20:20,B0033,77,10685.218,3.1887322916131846,4.209884819804257,-3.591985886122993,1.5115156844577624,25.208883176819146,3120.172,1.914352330463475,4.196791007353091,-4.031045921440598,-0.00046971735595735325,37.780545613375104,1.4997618811573148,217.4923643632375
78,2009-07-25 13:13:17,B0033,78,10707.359,3.1882897526068525,4.209958091045038,-3.596637619034546,1.5110801785460577,24.890557386906817,3116.641,1.9242052922698998,4.196494518150467,-4.0311405953415935,0.0008850063194717904,37.48831223397221,1.4906966807803954,216.17774776431364
79,2009-07-25 17:06:32,B0033,79,10745.422,3.1877228523340446,4.209857719227799,-3.592268610200494,1.5116009825582417,24.96092946617714,3110.844,1.846946703906843,4.196813869211146,-4.030716749693109,-0.0015689695942950562,37.84650784146758,1.4800999425051866,214.64103070878008
80,2009-07-25 21:00:19,B0033,80,10771.906000000003,3.194843546529069,4.209747801402522,-3.6074747350585783,1.511492340077165,24.96462951188155,3101.406,1.912127707319289,4.196812382131576,-4.031853159151112,-0.0008867294806587231,37.50067380952265,1.4676091496100632,212.82964177186722
81,2009-07-26 01:30:15,B0033,81,10787.235,3.1825999602135453,4.209962993981833,-3.5876742015904406,1.5111066176718724,24.608542818819664,3099.563,1.9981993087869525,4.194034862013672,-4.0314744132737514,0.0005495929226884419,37.46771056598812,1.4729818491920503,213.60877954685725
82,2009-07-26 06:00:25,B0033,82,10792.047,3.1853042686336925,4.209943658214464,-3.5851728760729635,1.5121580838923527,24.871485928412692,3104.64,1.9676969517090999,4.196764423571106,-4.031012283747264,-0.0016654640871866945,37.59818541161091,1.4742872137206404,213.79808080944161
83,2009-07-26 09:54:53,B0033,83,10773.047,3.199265277384356,4.209966413766573,-3.607096272589958,1.512155867394625,25.042481226799218,3099.875,1.8011165493797345,4.196547768827336,-4.031507871009939,-0.00043566045529616366,37.701434924362204,1.4635162808346138,212.23610241192966
84,2009-07-26 13:48:59,B0033,84,10769.843,3.186020581302884,4.209892949513046,-3.5903999221980354,1.5111670654818525,24.821764696385916,3093.25,1.935722285136851,4.196047705028354,-4.03073010593017,0.0007604582300614609,37.53461374251148,1.4527095680488362,210.6689352873995
85,2009-07-26 17:42:54,B0033,85,10775.547,3.1869831084849998,4.209799341469419,-3.58937781457386,1.5113687012851724,24.84747734962236,3086.688,1.8530896744385115,4.196278080515848,-4.030697157978195,0.0002271681944951975,37.84394106488913,1.4557303847230247,211.1070078701419
86,2009-07-26 22:12:41,B0033,86,10812.718999999997,3.1713204539918762,4.210049838146796,-3.566093729317018,1.5106220666956225,24.555455419099868,3094.281,1.9965159983729222,4.195876729666962,-4.030516737306949,6.524393134280241e-06,37.62240216799661,1.459740099618568,211.6884884264961
87,2009-07-27 02:43:12,B0033,87,10757.516,3.1845297937460924,4.210030064331891,-3.5895699300119945,1.5126013085117958,24.875239339832085,3088.328,1.817348554391127,4.195934498287595,-4.030351819973078,0.0005780717767777655,37.85402355267617,1.448711504158192,210.0891443356649
88,2009-07-27 06:36:51,B0033,88,10744.219,3.183271245669182,4.209982685991304,-3.5884397890344872,1.5119761509084941,25.24447452638901,3095.687,1.8401196811491933,4.196120687135332,-4.030995659242972,0.0006474106867621329,38.470904652851125,1.4666759762884336,212.69431490789518
89,2009-07-27 10:30:25,B0033,89,10683.484,3.184535084132468,4.209899454395132,-3.5889063919176265,1.5110579576949146,26.135682422764102,3102.062,1.8717606752777658,4.195965348408379,-4.031351805704019,0.0009585026284419133,39.05355467673962,1.4689502109504418,213.02411971222534
90,2009-07-27 14:23:04,B0033,90,10618.578,3.1851731250676436,4.210072370899212,-3.5917286082650386,1.5113784526015137,26.718521545702803,3107.141,1.9004154638642285,4.196021550334557,-4.033249507760725,-0.0002773212379416356,39.44221992740732,1.471116588522042,213.3382833045066
91,2009-07-27 18:50:36,B0033,91,10812.922,3.1733009097485154,4.209801548634948,-3.576910630264677,1.5115574527193076,25.502133983927227,3090.719,1.7953236556353753,4.19600538145272,-4.030676382405292,-0.0003757893119659039,38.22999069332894,1.4473012364654927,209.88463023331047
92,2009-07-27 23:21:06,B0033,92,10742.593999999997,3.1829319929636126,4.210161513770583,-3.586068262520177,1.513133516624682,24.9527339208718,3069.812,1.7802670666869505,4.195641283102845,-4.0313459795279805,0.0011390059731761835,37.758104647901995,1.4205315547561643,206.00254638962699
93,2009-07-28 03:14:13,B0033,93,10811.156,3.1821376655646936,4.210035064809068,-3.5925751246969106,1.512286485353,24.558860979911938,3064.437,1.921681538108464,4.200886512488945,-4.030606905484439,0.0006788417969062631,37.428049618035296,1.4241466094817417,206.52679414485172
94,2009-07-28 07:08:23,B0033,94,10808.406,3.1811149988199756,4.210012049917913,-3.5892148515406728,1.5111961941826866,24.616398559179743,3083.25,1.7788153560287199,4.201002724229119,-4.03028398584487,-0.00030955470158761686,38.5029228575476,1.4412820083364295,209.01173422636475
95,2009-07-28 11:02:51,B0033,95,10785.266,3.1817978797454662,4.210223243269496,-3.5798533406865984,1.5118442799955223,25.600074072276037,3076.484,1.9534408897799111,4.195465495994929,-4.0314946704187635,0.0037097669022184755,38.83348222581879,1.4448965388921615,209.53590596756322
96,2009-07-28 15:32:40,B0033,96,10777.656,3.17208466114005,4.209755311737501,-3.5730800926224915,1.511274042003533,26.33035866686595,3081.297,1.8222744588584345,4.193707044291354,-4.031940850232371,0.0001689831792566717,39.052180409304285,1.4540256354795746,210.85978866270457
97,2009-07-28 20:02:28,B0033,97,10717.719,3.180274606655195,4.209796990468135,-3.584249785255439,1.5122046615690115,25.6003640732977,3065.953,1.8129227899512983,4.195380315548316,-4.0307098776684045,-0.001894919900349489,38.021927947894824,1.4226030447542912,206.30294958236567
98,2009-07-28 23:55:08,B0033,98,10795.0,3.1774254690489387,4.209836141040686,-3.5895993654278895,1.5115519462228295,24.75237696837959,3055.828,1.9001242255219513,4.195068887696935,-4.030808108637904,3.304886982542884e-05,37.73309166360951,1.410196954589097,204.50384406006143
99,2009-07-29 03:48:56,B0033,99,10810.0,3.1799200100269345,4.210274332616454,-3.583783414614519,1.5121546942638135,24.684612449966963,3051.468,1.8618268075580215,4.200794831783912,-4.031586804182261,-0.000513848429161021,37.88253804875795,1.4144881298999457,205.12614142338242
100,2009-07-29 07:42:54,B0033,100,10812.297,3.1808549728486186,4.20972617970236,-3.5805583265320697,1.5111806686642346,25.35533536050842,3069.0,1.7571531937270366,4.201229193181646,-4.030442133532166,0.01303696830083582,39.09683297382756,1.431360032946153,207.572869888034
101,2009-07-29 12:13:05,B0033,101,10813.297,3.173531389920736,4.210116969509433,-3.569031566923897,1.5118407424193856,26.14862345852221,3079.235,1.8292747932433169,4.195456528334941,-4.0318254325257525,-0.00037752628276502585,39.85321278395099,1.4515133236517528,210.4954584004705
102,2009-07-29 16:43:31,B0033,102,10572.094,3.18047413266473,4.20982823728,-3.580324290066572,1.511046267549255,26.896957498815674,3070.344,1.7807877780971682,4.195112832732734,-4.032010763539899,0.0014161129125859245,39.04623892631281,1.4230376757726733,206.36597887321585
103,2009-07-29 20:33:51,B0033,103,10745.296,3.1800373058366875,4.209564040607941,-3.5899195847856964,1.5114673762076265,25.520635883535657,3051.4839999999967,1.93715684685712,4.194675647244639,-4.03093756328432,0.0005979681982448676,37.820538353520355,1.396298696255913,202.4883473979628
104,2009-07-30 00:26:46,B0033,104,10810.547,3.1802134167024474,4.210008909690073,-3.5834430364163303,1.5109740616099907,24.77494533689421,3054.812,1.8780478013995328,4.200892254113164,-4.0314226876275026,-0.00048643399090013585,37.73310595477053,1.3979060730399124,202.72144585283542
105,2009-07-30 04:20:49,B0033,105,10810.781,3.1780783003265123,4.2099947935976925,-3.5789765669276385,1.511549965623639,24.735851791602435,3046.532,1.8094020919691347,4.2008538258066634,-4.031633986852976,9.320912670401476e-05,38.006666099531806,1.4011347560096767,203.18966277559883
106,2009-07-30 08:50:38,B0033,106,10811.64,3.165508713550229,4.209818446267617,-3.5569129314026955,1.5120562429775524,25.563889372683043,3071.782,1.8197773356081153,4.194606941815903,-4.0311970185789185,-0.0013045268594984534,39.784628994566496,1.436782528945267,208.35922903638587
107,2009-07-30 13:20:56,B0033,107,10607.422,3.1788156955159943,4.209986874513907,-3.581612765566291,1.5107318589942604,27.303385841844904,3074.532,1.8363818810073882,4.194748069677628,-4.03123727157494,-0.0007028351888993262,40.35944876635067,1.4370006879546382,208.39086600446154
108,2009-07-30 17:11:57,B0033,108,10584.0,3.1893977126428643,4.209997388022779,-3.597927450727041,1.5116785771275894,27.30414208001678,3053.656,1.75385880069876,4.1950937664854155,-4.033637600592424,-0.001465045103962018,39.40096297699252,1.410355528453481,204.52684011371792
109,2009-07-30 21:02:14,B0033,109,10770.858999999997,3.1729171604838786,4.209896144119568,-3.5775249538755194,1.5120477649668096,25.82928197691623,3031.953,1.977912246538546,4.19415713586591,-4.030551182286183,0.0011641828137736122,38.23202468655914,1.382633397996189,200.50663412362434
110,2009-07-31 00:55:17,B0033,110,10789.422,3.173323916362784,4.209803387438887,-3.5886944347412673,1.5119137750224736,25.06929787954973,3023.5,1.8406238091435183,4.194421518890087,-4.030891041828917,-0.0004235104166668178,38.186119358463095,1.3699403583067564,198.6659157751351
111,2009-07-31 05:24:22,B0033,111,10811.891,3.1580339109152455,4.210192170198654,-3.554536742538153,1.511073630491142,24.504294294907687,3042.703,1.793591568720353,4.193864909249693,-4.030314032706555,-0.0009980734385136945,38.7565059715467,1.3786129327882322,199.92359457921089
112,2009-07-31 09:54:14,B0033,112,3379.656,,,,,,4424.203,1.880422567759453,4.4683580435456935,-4.031780531813977,-0.0006817634924289966,39.21824541685028,1.8035959863147193,261.55375753178475
113,2009-07-31 17:33:22,B0033,113,10344.968,3.205944690929929,4.209757233981669,-3.628765888815713,1.5112357975461599,27.219943067203285,3066.766,1.9260869684651196,4.192884657368934,-4.031488800527161,0.0016532345000100357,39.05310062274121,1.4234424290662009,206.42467535823735
114,2009-07-31 21:55:46,B0033,114,10651.062000000005,3.1820544759046,4.209939378147459,-3.5933173128728138,1.511589377073922,26.205519115271507,3046.125,1.9774094380313447,4.19449660552562,-4.030424136743857,-0.0012105644915354078,38.41375319607374,1.3946003892958663,202.24206243713283
115,2009-08-01 01:47:04,B0033,115,10701.828,3.176753257818806,4.209834283978835,-3.5856696206559824,1.5113002903007937,25.75171191559363,3033.625,1.8428005555738187,4.194231055547011,-4.03138524080446,0.0008091559133542712,38.46902673499884,1.3961613987822286,202.46843680245567
116,2009-08-01 05:39:00,B0033,116,10816.234,3.174889128723206,4.209932551794766,-3.5789920151229184,1.5106145305169092,25.580162276604494,3028.562,1.7746653306163975,4.200536096823805,-4.031183913719146,-0.0002153001521686967,38.5100324254832,1.384968608315797,200.84528149163526
117,2009-08-01 09:32:45,B0033,117,10764.218,3.172637945833898,4.210090290011234,-3.583342443396602,1.5111738792980605,25.456381795634478,3020.984,1.8460476497404992,4.1938611255659515,-4.031896597974894,-0.0005973093675214711,38.40063671961678,1.3715114742475478,198.8937557575647
118,2009-08-01 14:01:25,B0033,118,10807.375,3.156725205053238,4.209802843827818,-3.560019129961385,1.5114731049314434,25.133730340539937,3017.391,1.9599501667839596,4.1912968364535725,-4.032512009214244,-0.00023761776598243457,38.39044541549165,1.3616865084879255,197.46895955511744
119,2009-08-01 18:30:44,B0033,119,10706.156,3.1677550744004237,4.209873764655213,-3.5732005077835214,1.5140066380336006,25.399227306972072,3022.14,1.9111619475065968,4.193746611615085,-4.031454503778134,0.00022613268492599982,38.413629652125955,1.3796301360966086,200.07110729796742
120,2009-08-01 22:22:34,B0033,120,10763.452999999994,3.175298945081853,4.209814695039347,-3.5921599218714246,1.5107626069739282,25.344691758984684,3009.016,1.7914848144741025,4.1937859295628215,-4.031553638984478,-0.0006022008614266423,38.44024987650422,1.364231776003204,197.8380689829472
121,2009-08-02 02:15:09,B0033,121,10815.579,3.184453502409498,4.210033498172421,-3.607522958907885,1.511546465473836,25.319276066420542,3014.672,1.8461845656811995,4.200650322742635,-4.030568780479417,-0.00036577009441577936,38.18714693456589,1.3418414512081456,194.59107041622786
122,2009-08-02 06:08:41,B0033,122,10810.235,3.174717342521298,4.209741699641835,-3.598059776638522,1.512411908714552,25.283276927817834,3010.703,1.8424801617142232,4.2006243085499655,-4.031930484527798,-0.0005802290015531244,38.18649962226669,1.3552215695792247,196.5314274932729
123,2009-08-02 10:37:58,B0033,123,10811.25,3.1554502141357488,4.210038449675061,-3.566219572973171,1.5112851855608087,25.018552224193442,3011.75,1.8293764049246997,4.193697387023266,-4.031179334434039,-0.0007041902435054734,38.536213089297746,1.3403860264029774,194.3800077228724
124,2009-08-02 15:07:18,B0033,124,10812.766,3.168473301135584,4.210097709568945,-3.581188311188783,1.5142825037268801,25.458588159429972,3005.734,1.7818288008009142,4.200544185864463,-4.032120605609321,-0.00031269734274531,38.552272664006516,1.3594078914195438,197.138519223284
125,2009-08-02 19:00:39,B0033,125,10807.047,3.1632919304355234,4.210152450729845,-3.583855548905996,1.5120730563342204,25.401682016658146,2993.75,1.8799745135000576,4.193351413646578,-4.030698456939857,-0.0005113119151110541,38.45551116751203,1.3457100861355502,195.1520918475568
126,2009-08-02 22:53:43,B0033,126,10815.985,3.1615432481720944,4.21008745408752,-3.579452450037345,1.5110386908856406,25.351021807458146,2998.125,1.8632410129416257,4.200351692306739,-4.031396914149324,0.0001748701902038797,38.45383838785278,1.3477611420854358,195.44953173690624
127,2009-08-03 02:47:00,B0033,127,10815.203,3.1578255912433577,4.209815409144278,-3.567934747335392,1.5117075282031849,25.33816887280592,2990.859,1.7604885282268967,4.20027821207153,-4.031628150086961,0.0013670482188568862,38.59571101696619,1.335482103134067,193.6688509187081
128,2009-08-03 07:16:04,B0033,128,10812.266,3.144066925389391,4.210113166348921,-3.554931077864984,1.511436023877678,25.210842558890217,3024.453,1.8980864731881966,4.192818631069228,-4.031721300872744,-0.0007881046866446979,39.84838963202564,1.353154941842234,196.23172941558212
129,2009-08-03 11:45:39,B0033,129,10631.063,3.155519946038738,4.209966480958098,-3.5554799010289018,1.5132493039706665,27.61212951781078,3030.765,1.765463647928582,4.193616398463828,-4.032692621747669,0.004446209003571594,40.8588418858713,1.3709677706044292,198.81490898039263
130,2009-08-03 15:36:25,B0033,130,10815.844,3.144738220105443,4.2099591533931715,-3.5456899192492606,1.5121076118745926,27.616481596272365,3020.813,1.7789329307031558,4.2001549210390445,-4.031807157333931,7.383941816730437e-05,40.645674557350794,1.357426672491866,196.8512069543728
131,2009-08-03 19:30:06,B0033,131,10811.531,3.131704961713157,4.21003614194415,-3.5336015505561886,1.5113010349503366,26.52058165232816,2998.156,1.9751406850610134,4.199721786449104,-4.030914484032776,0.0009182756131508166,40.22816795562337,1.3443678821106904,194.9574481974599
132,2009-08-03 23:23:20,B0033,132,10810.342999999993,3.113581246052623,4.21005889532601,-3.5098261910616415,1.5111219967375302,25.83902162866771,2986.766,1.7718580087129037,4.198848421060828,-4.032022945808555,-0.0009245669377489984,40.06014962782639,1.33005823859453,192.88229330745622
133,2009-08-04 03:52:16,B0033,133,10810.109,3.0874623013784617,4.209852162485037,-3.464918952077484,1.5117648463781166,25.23040139997316,3032.328,1.9154948072138342,4.177372245766921,-4.031185839742219,0.0018025099121530847,40.062941403566036,1.4033641858066626,203.51297007112373
134,2009-08-05 12:16:05,B0033,134,10787.516,3.167621562225042,4.20972150681895,-3.568859431739772,1.5107779849024927,26.37611329450895,3047.703,1.9395710043147303,4.191445596329994,-4.03143308473883,0.009679231980644238,40.262388264621016,1.3865570950229378,201.0756405466534
135,2009-08-05 16:45:40,B0033,135,10668.625,3.1695297645801936,4.209905060345205,-3.564029629317912,1.511185522596063,27.199391951777383,3034.968,1.9213252989145688,4.193389880737777,-4.0333360487412335,-0.0005724598831902009,39.997401224885536,1.3704138176872631,198.7345758747083
136,2009-08-05 20:37:09,B0033,136,10815.344,3.1692975756325144,4.210066141381875,-3.567641532885897,1.5115535869329926,26.110347867142693,3011.7339999999967,1.9978451295419197,4.200380611368274,-4.031093353153527,0.00032011412181143147,39.574089613864224,1.325319393635713,192.19507581820477
137,2009-08-06 00:30:42,B0033,137,10814.062,3.1798811774827502,4.210026059769146,-3.5886087168319034,1.5112624065236744,25.695226327351513,3002.922,1.4425192802033469,4.2006020565736515,-4.031452965753613,0.0005934151940269159,35.98333032061264,0.8439684993200656,122.39056524331053
138,2009-08-06 04:24:05,B0033,138,10638.484,3.095868541108939,4.210021858188739,-3.471924170722596,1.5106924678619686,25.453996779038537,2986.718,1.5585045696383768,4.193070577827655,-4.030231487651757,-0.0016955070928297298,30.119688488829738,0.29866180371583506,43.31131671717199
139,2009-08-06 08:50:10,B0033,139,10666.125,3.2709538601477415,4.295514561124583,-3.7030640745790624,1.4894294200464744,25.255689413316205,3006.203,1.203791745361808,4.189611396704824,-4.029552223712936,-0.0015144925866869634,30.940513967139797,0.2344867974702557,34.00479011669192
140,2009-08-06 13:17:04,B0033,140,10496.344,3.3077474954138224,4.330932547692094,-3.7351255340045157,1.4021742768918006,26.51576037385159,3011.609,1.5484910888494308,4.191309904018761,-4.0307560097076385,0.0005611212781108235,31.002948619577534,0.20256330380725823,29.375311128905945
141,2009-08-06 17:05:18,B0033,141,10455.453,3.3180322450521125,4.338541845379809,-3.7554521010879607,1.3800485038677677,26.47600083508807,2985.953,1.9233358352697387,4.191105087223256,-4.029588332092749,0.0020427643674527127,30.353188245577265,0.23531995654070248,34.12561312092931
142,2009-08-06 20:52:26,B0033,142,10542.188,3.3061550928275505,4.336091351484211,-3.742733065657571,1.3993306426254428,25.294014821475386,2976.3129999999946,1.477441018016571,4.1909851193067675,-4.029344942221334,-0.0005830301018698171,29.92194766382464,0.23550427837482876,34.15234309187441
143,2009-08-07 00:40:51,B0033,143,10682.156,3.3158581381331533,4.326970926783581,-3.757001092005895,1.41988117983218,24.692465449354145,2964.75,1.7051348869638063,4.19146431605178,-4.029460110530672,-0.0010580291493481368,32.39035931572692,0.4304242256752923,62.4192304775051
144,2009-08-07 05:07:21,B0033,144,10794.25,3.2258737698308475,4.236369627973462,-3.659029050894547,1.5078044392243015,24.675239614069095,2969.953,0.9861339962587278,4.189169176120785,-4.031115621681116,0.0005532967584950799,32.954165794905116,0.46436333202696434,67.34100944624679
145,2009-08-07 09:35:47,B0033,145,10508.656,3.2268233137679694,4.227893867547875,-3.6520191867650307,1.50889609960919,26.185820874401525,2988.453,1.3263821081867295,4.191809961918757,-4.0305675228368925,0.0017587890442776748,32.988995755051256,0.3994839380247729,57.93233399097926
146,2009-08-07 13:23:52,B0033,146,10531.406,3.2404770118799013,4.248612976897508,-3.6715550238003005,1.5070597948381768,26.83190666471278,3001.235,1.8345225826317897,4.190743825523512,-4.0317416053878485,-0.001221361317101788,45.33521672468352,1.461469789426299,211.93932446295284
147,2009-08-07 17:12:32,B0033,147,10811.484,3.0644716646416685,4.210036597988656,-3.407729227996451,1.5125206478268534,27.726517888161936,2976.234,1.9860807469381487,4.1981379242882495,-4.030688221689322,-0.00039125329233729,40.620147730266055,1.4150999545382532,205.21486696630564
148,2009-08-07 21:05:28,B0033,148,10810.406000000003,3.1233780369581456,4.210067605217917,-3.5091560465187803,1.5111903200445684,26.373421066329865,2950.39,1.8841219743920603,4.199581881706975,-4.032404761480388,-0.0007412415796344238,39.683995746406474,1.383632373873956,200.65150353811418
149,2009-08-08 01:33:53,B0033,149,10812.828,3.1325547056248273,4.209958000313142,-3.5254028645404056,1.5109179336056409,25.446847101537987,2941.719,1.8129527074235323,4.192675713672651,-4.031245891627729,0.00159909556782185,39.047236578784684,1.3705402893609833,198.75291653510774
150,2009-08-08 06:02:11,B0033,150,10816.953,3.1560162649040993,4.2097658472217825,-3.555355885436325,1.5112883421656491,25.392887479292877,2946.969,1.9644189853209997,4.200041578787561,-4.031735458078508,-0.00045824883523277457,38.66855198329813,1.3557042566115398,196.60142576781544
151,2009-08-08 09:54:44,B0033,151,10816.0,3.1552059388752194,4.209741132513871,-3.557586033055937,1.5110301741376826,25.419414470410427,2936.171,1.8546413788349956,4.199761584906472,-4.030243674381958,0.0005551964738675975,38.84148471879362,1.3578385793919763,196.91094084061703
152,2009-08-08 13:47:05,B0033,152,10812.969,3.1543641854707625,4.209645850166624,-3.5620631240294625,1.512006557042565,25.514726565665562,2927.281,1.7877573640818558,4.19986267410377,-4.031560389126078,-0.0012232327913802765,39.052551352201455,1.3609083979571395,197.35611957618292
153,2009-08-08 17:39:14,B0033,153,10810.235,3.1519908493715136,4.209816165054621,-3.545939661697281,1.5118167808865854,25.490688608006554,2924.422,1.9183209167927542,4.199784078520709,-4.03102892027672,0.0011206417424785553,38.79448240276511,1.3495626547684758,195.71078337810832
154,2009-08-08 22:07:14,B0033,154,10812.327999999994,3.1372681423031947,4.210008969591648,-3.527930211407151,1.5109317134091391,25.047221831944732,3023.859,1.8528656809384136,4.044618024605659,-4.03134750995214,0.0003890142355222544,38.509868638012954,1.1888877132486642,172.41003586337456
155,2009-08-17 14:36:33,B0033,155,10813.078,3.1309181846405347,4.2102814701499875,-3.502764719177245,1.51207769981661,27.891715798837495,3056.172,1.9484758716380042,4.19403031740486,-4.034595325058306,0.01569426595090528,40.15830993087354,1.5041493934608645,218.12863231787807
156,2009-08-17 19:06:48,B0033,156,10718.25,3.1560846077539164,4.209298128907129,-3.5493198560618158,1.5114082619568652,27.111295548910068,3045.078,1.8283531317172372,4.19296029632327,-4.031575801276517,-0.0005749753718689735,39.45022733421382,1.4899088638712767,216.06350018647996
157,2009-08-17 22:59:22,B0033,157,10813.672000000006,3.1485889496470114,4.209718950749777,-3.5459869407830147,1.5114375134747184,26.351100615479623,3034.25,1.888528315752074,4.199907627033468,-4.0307713804325,-0.0011568143663469677,38.94097771129498,1.475330178643193,213.9493294241743
158,2009-08-18 02:53:20,B0033,158,10813.625,3.149873990513397,4.210107098457676,-3.545626224261696,1.511535539937386,25.96441878015059,3022.609,1.924025874710363,4.199827998046917,-4.030207437491865,0.0002455394187007352,38.66654129149028,1.459830765413703,211.7016365924807
159,2009-08-18 06:47:07,B0033,159,10814.219,3.1581108679814585,4.210134735731876,-3.558962437538691,1.5116663204260516,25.942557286278568,3028.828,1.800492506386291,4.200007095257734,-4.030412870193714,0.005552505991593546,39.336362061944186,1.4474169057725728,209.90140435685447
160,2009-08-18 11:16:57,B0033,160,10816.469,3.1505288811867205,4.20991091074489,-3.550541513963507,1.5125570632144727,26.911554046754322,3037.875,1.793120582655924,4.193196345687703,-4.031449814259553,0.0023509614115073325,40.212462412867474,1.4676323674647154,212.83300877710133
161,2009-08-18 15:46:59,B0033,161,10616.703,3.161738221100044,4.209878204111778,-3.571295706370109,1.5116370704703421,27.638096156458626,3023.187,1.8969132609228214,4.191982585507099,-4.030133558981981,0.0011926590997259788,39.15441493084491,1.441552493165527,209.05095937653283
162,2009-08-18 19:37:31,B0033,162,10817.984,3.164519230184194,4.209938115919885,-3.5896030317005394,1.5122647533430327,25.91139723005708,2996.922,1.8056023837774513,4.2001706293322,-4.030903189622477,0.00026217895908664366,38.472340837695874,1.418392873584403,205.69239927193485
163,2009-08-18 23:30:58,B0033,163,10812.358999999997,3.166270742725037,4.209798086190087,-3.5758286731403746,1.5111151749160048,25.39351762624176,2986.469,1.862859289057269,4.200074212399141,-4.0308406565332655,0.0012519296856957996,38.10278800382275,1.4031824838852518,203.48662003449897
164,2009-08-19 03:24:08,B0033,164,10818.204,3.1684390363089485,4.2102101501882245,-3.580600489012463,1.5116666887008976,25.197433603128076,2979.219,1.9520601805312336,4.200092034422385,-4.031388046198441,0.0006523352062814771,38.13961733869117,1.3911104661211642,201.73596100046592
165,2009-08-19 07:53:14,B0033,165,10813.203,3.156594967249454,4.209888673780854,-3.5547450435919057,1.5118552879441434,25.528084825684484,2995.047,1.9878541604164133,4.192967636550445,-4.03043168767532,0.006983919876325135,38.75498314355583,1.4086019958134537,204.27254643906247
166,2009-08-19 12:22:31,B0033,166,10812.969,3.173113453948025,4.209818629183339,-3.585126717321249,1.5117879983302518,26.42329301339483,2989.828,1.9566455890224006,4.2005612724264685,-4.031090413194844,-0.00039648578534760105,39.165872874745595,1.4137708903948947,205.0221288346321
167,2009-08-19 16:15:46,B0033,167,10818.125,3.175715707651305,4.210169112717961,-3.5860164206650436,1.5119553857394574,26.878314053038473,2989.391,1.8936715311451313,4.200390037061694,-4.0306763336775155,0.008161036204110678,39.025069457187186,1.412472234540845,204.83380045014653
168,2009-08-19 20:09:06,B0033,168,10815.469,3.173479519716991,4.210018649762497,-3.593078042071115,1.5116361094569717,25.928905605500137,2967.2810000000027,1.828763483963188,4.2006160691556556,-4.031048376700338,-0.0012978112516847248,38.3251245457817,1.3831900026575588,200.58735177976556
169,2009-08-20 00:02:02,B0033,169,10815.516,3.172915100205997,4.209832392256279,-3.5818515542057408,1.5109200317254539,25.34254811977047,2962.609,1.9584399411299582,4.200037449743801,-4.030741393214865,-0.0005732784106833572,37.878182669376734,1.3646098107432565,197.8928907986357
170,2009-08-20 04:30:50,B0033,170,10811.14,3.1601857984503905,4.2101078946688935,-3.560669953841289,1.5120996123922223,24.779136108141174,2957.016,1.8220675972367208,4.1925009960437745,-4.030600936103562,0.00022552970628239656,37.905840036253096,1.369751365782437,198.6385084703638
171,2009-08-20 08:59:28,B0033,171,10812.468,3.177393009446275,4.210045373152642,-3.5867556208674856,1.511875487763915,25.658025941717725,2973.281,1.7715995765672343,4.200097022210454,-4.031272201329734,0.00836540683970329,39.1223902532353,1.3867946911071662,201.11009623910135
172,2009-08-20 12:52:27,B0033,172,10678.937,3.179340682952162,4.209909935856441,-3.5887089099501472,1.5137217021667446,26.71566863046802,2968.016,1.8584436263684134,4.191446103300025,-4.030774601922593,0.0005373748288989599,39.39196447810482,1.3918615875742792,201.8448870792084
173,2009-08-20 16:43:08,B0033,173,10678.609,3.181606053497463,4.20989346480891,-3.5908770498450826,1.512019120060585,26.928959385663795,2959.281,1.9792800716788903,4.19205219049645,-4.030353569731922,0.00016816222043814156,38.80564596554866,1.377162352180965,199.71323438141036
174,2009-08-20 20:33:39,B0033,174,10814.265,3.181624444031238,4.210010106485068,-3.5912905928615313,1.5109519885483045,25.889486505175565,2942.797000000006,1.846857607499265,4.20026251718639,-4.031215449055759,-0.0011308075920017713,38.29516028833109,1.3599525359390852,197.2175024444078
175,2009-08-21 01:02:08,B0033,175,10814.5,3.164960164525705,4.210154726883089,-3.570389776467896,1.5110128507769913,24.92093615367765,2978.89,1.9297681149166706,4.170526417555859,-4.030724924949867,0.0059471473770918324,39.482066579608755,1.379779043170725,200.09270149370403
176,2009-08-21 19:26:46,B0033,176,10813.187,3.164388087739466,4.209952625801499,-3.574796198578153,1.512927097527526,25.93389027095123,2948.891,1.9404476337602206,4.193298745157419,-4.0312040045445245,0.0017369426103794334,38.22420789035359,1.3631373661966442,197.67935993759704
177,2009-08-21 23:55:20,B0033,177,10817.047000000006,3.1792182034972027,4.20992746012842,-3.589289172602963,1.5121788290115208,25.342052447707992,2938.547,1.8078076221500168,4.200151767615752,-4.030896618235125,-0.0014926299834234732,38.212225319933545,1.3652295228794809,197.9827601701842
178,2009-08-22 03:47:50,B0033,178,10818.532,3.1779882449383114,4.2100168655705215,-3.5911991666220793,1.511053820598114,25.17817679663082,2925.484,1.901348395168944,4.199734233391325,-4.030353141551276,0.00029598320672123067,38.03726842877258,1.3498620694059131,195.75420386921388
179,2009-08-22 07:40:09,B0033,179,10818.734,3.178749498324718,4.20997348011577,-3.597458131900935,1.5112538639878867,25.168020342916467,2917.297,1.820065501803385,4.199873842512875,-4.032772105959685,0.0008175114926099258,38.08745383569629,1.3529504172332432,196.2020696800343
180,2009-08-22 11:32:21,B0033,180,10815.032,3.1789027451260052,4.210105264694142,-3.5993015674936344,1.5119671661156675,25.20675318788132,2918.938,1.781542687267246,4.199220802674783,-4.031639319345703,-0.0009464831036835868,38.371162533264,1.3535740542605128,196.2925082311599
181,2009-08-22 16:00:27,B0033,181,10812.547,3.163041004999975,4.210413101889141,-3.5682108423645666,1.5115347239086283,25.052010734186023,2918.25,1.8027051007685868,4.189411926667855,-4.03064555997338,-0.0014391798318050294,38.21500087152169,1.3432225183905024,194.79134992100063
182,2009-08-22 20:28:32,B0033,182,10817.422,3.181191678883045,4.209858088068198,-3.5913281897481633,1.5113424940364284,25.283814676651854,2915.4839999999967,1.845120981293168,4.199234827601777,-4.0302353498062145,-0.0007750004247492699,38.068361542357145,1.3412081769053426,194.49923428734797
183,2009-08-23 00:20:41,B0033,183,10812.734,3.181461203356203,4.210131246951672,-3.5989652309975964,1.511034468474136,25.312727111019083,2906.015,1.9386542857041755,4.199099264533491,-4.032323959410741,-0.000446779703892422,37.98761504071771,1.3277389969987805,192.5459616907332
184,2009-08-23 04:12:36,B0033,184,10812.219,3.1815867512697946,4.209845774661294,-3.608287547364442,1.5117542004106537,25.34438220448517,2894.14,1.8652024206914875,4.197710813920559,-4.030963918482138,0.0012834319927848246,38.3556643629041,1.329778900445409,192.84178426713953
185,2009-08-23 08:04:19,B0033,185,10816.39,3.180266696784847,4.2097687278137546,-3.597252949218002,1.511516639092778,26.26538239873283,2892.031,1.9741597310368288,4.194824465751656,-4.030066693660676,-0.00043190423683975456,38.587739723836165,1.3356045028702495,193.68660107515245
186,2009-08-23 12:32:03,B0033,186,10815.938,3.164981111886,4.209950169285113,-3.574082207578416,1.5127379483164067,24.71721183505234,2888.719,1.9140482800494218,4.190646284256201,-4.03209652047346,-0.00066788811395848,37.84946765760722,1.3177489685711123,191.09722844175047
187,2009-08-23 16:59:46,B0033,187,10815.407,3.1853789407427233,4.209846573622815,-3.6070763703097786,1.513939149423268,24.999820310707694,2875.641,1.9249905185886904,4.199787523647983,-4.030614948818057,0.0005610406942699724,37.81892879614016,1.317605472474197,191.07641893473
188,2009-08-23 20:51:14,B0033,188,10816.734,3.187067615029454,4.21002902028588,-3.6119622458964096,1.510815194898279,25.12285117472656,2860.7810000000027,1.8483263197000261,4.198644370031491,-4.030716672310753,-0.00047537810288493195,37.98975162560657,1.3185279522072382,191.21019503661455
189,2009-08-24 00:42:30,B0033,189,10811.922,3.1875105684355316,4.210005242327404,-3.6143958830175604,1.5112356332143797,25.09213435868636,2852.844,1.7964863123561203,4.199051265280784,-4.029789852416358,-0.0008123367176012374,38.110497566784815,1.3215397269813982,191.6469563817263
190,2009-08-24 04:33:32,B0033,190,10818.797,3.187793110247208,4.210007013060861,-3.6083662386112665,1.511614024881076,25.1333316682185,2854.64,1.9550178000855183,4.198244533751371,-4.030772474345855,0.004022385174833157,38.158711514227996,1.3046615372928705,189.1993162412152
191,2009-08-24 09:00:42,B0033,191,10814.703,3.16962105103396,4.209870704662916,-3.5827343452618687,1.5118586422597424,28.98922716977949,2897.844,1.9991954704388994,4.159889361487179,-4.031537357097997,-0.00027227310457033743,41.90171461734474,1.3280324770208678,192.58852155620193
192,2009-08-24 13:28:37,B0033,192,10818.328,3.184772486701735,4.210117174096216,-3.592597367799649,1.5126461449170117,28.727331863733582,2896.063,1.982805388419431,4.195184914935837,-4.031834027940411,2.6953308044410402e-05,40.72593783748325,1.3634549770713926,197.72541920938173
193,2009-08-24 17:20:29,B0033,193,10811.765,3.1911623270999088,4.209829489793501,-3.60368132297844,1.5116522280772262,27.352912389061874,2866.234,1.8088951260538597,4.199591464734624,-4.031562224810096,2.6371647019102723e-05,39.388005009279006,1.3291316747402466,192.74792493476085
194,2009-08-24 21:11:46,B0033,194,10815.328999999998,3.1888397743272083,4.210245082585557,-3.616393498021841,1.5128305737013954,26.099528892298363,2836.609,1.8655437173642175,4.1997715267621105,-4.031762836798674,0.00018843134209214254,38.64570917130626,1.3124201086917682,190.32444820971483
195,2009-08-25 01:02:37,B0033,195,10815.813,3.191091612636149,4.210106981629345,-3.6022559404684307,1.511987249558275,25.605076990152373,2829.516,1.9943670583085842,4.199637020490028,-4.030287733516317,0.0001226456193768309,38.3036813037848,1.3152825503676357,190.73955357794563
0,2009-06-19 18:25:58,B0034,0,10804.687,2.98599164096747,4.20178056056341,-3.2667169803739626,1.5169639109869422,27.060708162747424,3260.531,2.184438966859873,4.185182030297302,-4.033471908641544,0.0015052198075994631,39.10734156415766,1.6623217152845853,100.0
1,2009-06-19 22:58:30,B0034,1,10804.797000000006,3.0890679861833914,4.201909239533201,-3.412295299519895,1.5176027504303633,26.13142416653293,3265.75,2.1716683590196997,4.191235610410253,-4.031968315632961,-1.378445534852952e-05,39.20920805238827,1.645087369694532,98.96323645227105
2,2009-06-20 02:55:25,B0034,2,10742.266,3.1285996639925577,4.201715446058624,-3.4499914863176913,1.5191048376542273,26.011742722209366,3264.109,2.182463026326082,4.190305001839791,-4.0317411764982,0.0018710407859448993,38.936075977838854,1.620729289277574,97.49793162030066
3,2009-06-20 06:51:23,B0034,3,10680.516,3.1630475783401084,4.201905578009789,-3.488581529622551,1.5183407859627815,25.897132461280005,3253.531,2.0979416663773915,4.190367874669205,-4.029531376848962,0.0007924829693630478,38.60445981652459,1.5967402025126005,96.05482427565127
4,2009-06-20 10:46:08,B0034,4,10805.453,3.1728539070159703,4.201759423747872,-3.518941269989666,1.5181785174872706,25.359306415125168,3242.578,2.177479814637099,4.18989933406868,-4.029542744670671,0.00017128658652519564,37.79484872719341,1.4856500618812698,89.37199389390942
5,2009-06-20 15:18:25,B0034,5,10807.953,3.1873979887545616,4.201948413012839,-3.546191189394098,1.5188404322030475,25.059386099808727,3234.625,2.164719422934807,4.18599771136978,-4.030634355507908,0.0012084341927066171,37.65277428767197,1.4866702197497013,89.43336335440864
6,2009-06-20 19:50:37,B0034,6,10807.078,3.2022962395927608,4.2028132645693885,-3.5456312451597616,1.5190128640635105,25.15626044755624,3235.36,2.1685179095920546,4.191866541196004,-4.030934330051056,0.00044061953882801146,37.91666092404816,1.4701330958405268,88.43854245078208
7,2009-06-20 23:47:06,B0034,7,10808.171000000002,3.206738366263262,4.2018233347951846,-3.5532591843076515,1.5183397539101406,25.248097782652557,3236.125,2.159913301643853,4.18853091556387,-4.029299173045088,0.00020188071029519363,37.78228277348195,1.4565041801019636,87.61867012322664
8,2009-06-21 03:43:37,B0034,8,10806.641,3.2094523803810038,4.201748271696791,-3.549358662727565,1.5170482820558475,25.246208193736692,3230.25,2.188985459937614,4.188375692870302,-4.029734922442523,-0.00037435970233862394,37.5830936155511,1.4418961035576472,86.73989458838285
9,2009-06-21 07:40:01,B0034,9,10807.39,3.2130931486949255,4.201743948529879,-3.5434132855621105,1.5169322401112226,25.158274721420035,3226.078,2.161327607707136,4.187976084521654,-4.0302542475084016,0.00041220295496120985,37.550522561172464,1.4370949588970292,86.4510729591836
10,2009-06-21 12:12:07,B0034,10,10808.203,3.2004409523869963,4.201807717561067,-3.5504025375695885,1.5170361847062848,24.90825977508362,3224.5,2.140456418044363,4.185168395505227,-4.029309919201132,0.0006588552845539917,37.681954258546924,1.4458703624967404,86.97897339620634
11,2009-06-21 16:44:12,B0034,11,10805.781,3.215193064727739,4.2018743529753415,-3.542639726356569,1.5184717777259515,25.382588437189867,3222.188,2.170940246075281,4.187927929507927,-4.029842368131789,0.0002191747533731873,37.440274736517715,1.4321040545618373,86.1508359900517
12,2009-06-21 20:40:28,B0034,12,10808.015,3.2138346368111756,4.202974179170369,-3.566249453978232,1.5171163369310345,25.245189849090046,3216.546000000002,2.1531556355876535,4.187886599518975,-4.029434761163406,-0.0002467649729571133,37.402773880575964,1.426720633302465,85.82698644818063
13,2009-06-22 00:36:42,B0034,13,10807.844,3.2144187704399774,4.202675168334666,-3.5681643624014527,1.5173767979798558,25.240840118390494,3211.859,2.182519668385055,4.186569652343309,-4.029975280063268,0.0011705556453515786,37.26498054251945,1.4230846885129826,85.60825954615856
14,2009-06-22 04:32:51,B0034,14,10807.343,3.2179085328505375,4.201765575078813,-3.5541903957480394,1.5174273205214721,25.242683396708983,3215.859,2.188496149834977,4.186557905906351,-4.030231906926906,-0.00029590614092687815,37.570569601089254,1.4409479522418907,86.68285681362251
15,2009-06-22 09:04:49,B0034,15,10806.468,3.208395448420868,4.201890589740025,-3.560794246898141,1.5168744270105696,26.02137147909442,3225.125,2.100542699118501,4.184379902708746,-4.030240820244685,-0.0007798708776301652,38.400250729227935,1.486901544051865,89.4472790904564
16,2009-06-22 13:36:56,B0034,16,10809.094,3.2183516443150086,4.201754689583147,-3.5516149137343023,1.5193545236137416,27.06117844260787,3234.343,2.1129616454982556,4.187835929449723,-4.029885277518154,0.0005093032998163896,39.102942991019354,1.5245313226850703,91.71096717725753
17,2009-06-22 17:33:30,B0034,17,10807.516,3.2193460123755213,4.202697770165809,-3.5387663760217385,1.5178569532328945,27.03854056004598,3218.25,2.1659225933828385,4.187676357576053,-4.030097149456043,-0.0008478046650560787,37.80351021576893,1.4629049605190707,88.00372076404146
18,2009-06-22 21:29:47,B0034,18,10807.766000000003,3.219848660269578,4.202617783108269,-3.5568482279846663,1.5166617681621932,25.80100982974387,3203.5,2.148786443036186,4.186173516948595,-4.0299656943263304,0.0009245072505436235,37.356060000664904,1.4230794508549893,85.60794446527228
19,2009-06-23 01:25:50,B0034,19,10805.969,3.2216644417740805,4.201900002226864,-3.55046022258689,1.5168517166473519,25.408194690071834,3194.39,2.1763046045885015,4.183451670510337,-4.0298811337146,-0.0007947444911810581,37.06076524279572,1.4051040863603435,84.52660357142679
20,2009-06-23 05:57:28,B0034,20,10781.344,3.210429181705709,4.201955632258883,-3.560914108114961,1.5164492790919246,25.181672980591774,3225.219,2.11932965334224,4.171109136894672,-4.0304533028138385,0.00020690603416662797,39.94613025797719,1.6329463925070862,98.2328737868608
21,2009-06-26 17:00:29,B0034,21,10500.75,3.12262886096266,4.202917768609574,-3.441695536449447,1.5159696171322974,26.967401561240543,3252.985,2.1509974200024624,4.183529138373987,-4.030924782950583,0.007751899119124802,38.718351533776065,1.5687138208259117,94.36884607847115
22,2009-06-26 21:28:01,B0034,22,10759.047000000006,3.206697922387017,4.202696896664308,-3.5372270110100477,1.5171220140210846,25.787169200265478,3245.25,2.1142806141482584,4.188330656095053,-4.030804599251528,0.0016138509377502757,38.131331549186825,1.5149520966053402,91.1347113302905
23,2009-06-27 01:23:59,B0034,23,10808.219,3.2158803255709785,4.202718118298573,-3.5386287351095875,1.5171252574750325,25.348316971436233,3235.031,2.1801548663736754,4.186643866753638,-4.029122762673436,0.009207163784837139,37.90482918212311,1.4855182940634626,89.36406716007711
24,2009-06-27 05:20:35,B0034,24,10806.25,3.2179276879037952,4.2020031066469254,-3.5561986575432876,1.516363902158352,25.27528082535821,3228.141,2.109657199964041,4.187573632919629,-4.031180461653834,0.0018007448672871548,38.06681078125698,1.480771929049074,89.07854090058431
25,2009-06-27 09:17:04,B0034,25,10807.046,3.22034667186005,4.202680912656018,-3.5431438561343884,1.5189956904573536,25.421391653056038,3217.875,2.1306422513355594,4.187294591248425,-4.029200659426091,0.001396600526010236,38.24251669378549,1.484026357317059,89.2743169791894
26,2009-06-27 13:49:09,B0034,26,10807.812,3.211126985405114,4.20177151538023,-3.5506604055102895,1.517014299712306,25.558884317081777,3220.219,2.1787867991793113,4.183701675158018,-4.029558842148895,0.0015349291811905395,38.56098530062726,1.4922153055506522,89.76693812215457
27,2009-06-27 18:21:18,B0034,27,10794.063,3.2221396073655697,4.201831762443355,-3.5391969546005226,1.517990909285982,26.03051138194328,3210.234,2.1208148015326507,4.187348905123759,-4.030202721256365,0.0012019585661013983,38.38922286871294,1.473312924099279,88.62983082953059
28,2009-06-27 22:17:17,B0034,28,10807.437999999995,3.222937005807847,4.202921134124237,-3.539506329332971,1.5176420298680668,25.569947575842733,3210.546,2.1326343880232206,4.186484904879302,-4.029145604132163,0.0021805105234386545,37.90831705954933,1.441593178980006,86.72167160694336
29,2009-06-28 02:13:30,B0034,29,10807.515,3.223634098264178,4.202042625346241,-3.540770762840438,1.516947770571305,25.110093460175694,3200.969,2.080806437045425,4.1865382627627215,-4.029781810783222,0.0026354607172676407,37.78900459955153,1.4225873198015788,85.57833942258496
30,2009-06-28 06:09:35,B0034,30,10801.0,3.223399695820821,4.202211819816428,-3.5471420550459514,1.5175018514310283,25.04317795195828,3188.625,2.153621018125857,4.187164525329423,-4.02948709506646,0.0032105483742513184,37.868460669545925,1.4266489379486664,85.82267348317878
31,2009-06-28 10:41:07,B0034,31,10808.875,3.216360040422077,4.202680032994377,-3.531554830646207,1.5178416868072024,25.197766553233397,3191.735,2.16386574936286,4.185560165483177,-4.029440202415485,0.003577789036469104,38.32719437027863,1.4596775560238577,87.80957034986243
32,2009-06-28 15:12:50,B0034,32,10762.766,3.2264788515215845,4.2029296978396555,-3.526711776861004,1.5169494977113203,25.713759861114994,3190.313,2.110862355108561,4.187111715287616,-4.029706632370836,0.003273882745326097,38.222749634083,1.4396159938545154,86.60273042321755
33,2009-06-28 19:08:00,B0034,33,10727.078,3.225081110781678,4.202781678980514,-3.5345066224735397,1.5163220492894431,25.3593497217513,3182.156,2.1889361346194556,4.187953553733828,-4.028819839160079,0.0022661854147259337,37.708662488006475,1.4195512657848512,85.39570004605443
34,2009-06-28 23:02:27,B0034,34,10807.75,3.2263968266210337,4.201944329217699,-3.5440735989680894,1.516340892616997,25.062867475489792,3180.156,2.076995222056859,4.186573417418747,-4.030420227631053,0.0023926972642869296,37.8703638417689,1.4118101714470452,84.93002037246123
35,2009-06-29 02:58:13,B0034,35,10788.031,3.225667527470368,4.202023310543618,-3.540960258291805,1.5160017788802416,25.129390425775313,3171.953,2.138330613016186,4.187350410759027,-4.0299718848239205,0.0027723411790920474,37.83489284744581,1.4044196701845313,84.48543126587853
36,2009-06-29 07:29:18,B0034,36,10810.422,3.217123739148811,4.2028541758109395,-3.54051425819788,1.516713585266333,25.54025931940834,3192.172,2.163289759388807,4.18502843595743,-4.029529486082554,0.0014464038221226052,39.269306296372,1.4735059098606866,88.64144024061108
37,2009-06-29 12:01:07,B0034,37,10651.297,3.2253490613620595,4.202753616957554,-3.5308560903977955,1.5157326762815926,27.22318170238931,3194.735,2.011759892668098,4.186257969039418,-4.029713711390202,0.0007416018320286984,40.1506450904851,1.492658600645149,89.79360534850558
38,2009-06-29 15:54:32,B0034,38,10503.469,3.2259483133295586,4.203698082590772,-3.5130576291961235,1.5178244280092572,27.879586309869904,3178.75,2.162343975515107,4.186398813067427,-4.029290691786796,0.00431516907878582,39.44313364004617,1.4820260149945934,89.15398273196921
39,2009-06-29 19:45:14,B0034,39,10696.625,3.2258794705778278,4.202279346049298,-3.5220180045143787,1.5167405070258082,26.265007135094873,3165.359,2.1921995805381784,4.185933256660042,-4.029022667107852,0.0025134328913695822,38.29706396735563,1.423575357658995,85.63777664513529
40,2009-06-29 23:38:55,B0034,40,10591.812000000005,3.2278971476704137,4.2020712558776925,-3.5297071082148377,1.5181058377202012,25.51819945530564,3155.25,2.16034888083278,4.187334986366342,-4.028805365009421,0.0019647285616452505,38.00009263186772,1.4038252197245347,84.44967101234091
41,2009-06-30 04:06:30,B0034,41,10767.687,3.2167757914528097,4.202819984716841,-3.5420552964729253,1.5172381222112046,24.93568562726879,3173.766,2.165521364045302,4.176473851854755,-4.029740881630216,0.0014215255618606505,39.66453202372922,1.5363173478836125,92.41997705724484
42,2009-07-01 12:45:34,B0034,42,10543.359,3.2096549259930476,4.202941274220227,-3.5293404759129277,1.5176572334192502,26.973201994851344,3199.485,2.0714906018792005,4.186547012412841,-4.029196217915029,0.006927889526702646,40.503647950320534,1.5440367168176732,92.88434979948138
43,2009-07-01 17:13:07,B0034,43,10542.234,3.2197594856283303,4.203014579816813,-3.4986802482254338,1.516922038724496,27.57942920854868,3196.015,2.160000438530016,4.1868364391694275,-4.029145491224896,0.0013066539770738592,39.602225792574906,1.507892155360249,90.71000766551988
44,2009-07-01 21:04:46,B0034,44,4952.234,,,,,,3595.281,2.07023691471502,4.267804722238553,-4.031177810117895,-0.0007573629710346017,43.00893271743553,1.8203060058691092,109.50383365216867
45,2009-07-14 17:52:00,B0034,45,10489.172,3.0775082110101386,4.201981975906703,-3.341379151526189,1.5153642003513523,28.070639377668346,3198.0,2.0513249674406295,4.183147061073988,-4.031361471284143,-0.0006195680264069168,40.64495633031262,1.5936575758226643,95.86938323487124
46,2009-07-14 22:18:36,B0034,46,10585.468999999997,3.168285257711244,4.202031704702152,-3.4604110118564715,1.515721040349769,26.586732163334528,3183.516,2.126099692893142,4.186094144264648,-4.030853452091916,0.0002504953623738599,39.63966215341089,1.533070464968097,92.22465488310363
47,2009-07-15 02:10:47,B0034,47,10624.344,3.2059168340473687,4.202061914463171,-3.509237717759523,1.5149245460393947,26.102008132591525,3183.797,2.1895562891910765,4.1869069503681295,-4.030490983913811,0.0017152482598011165,39.16680148065847,1.4862143093107285,89.40593722896126
48,2009-07-15 06:03:37,B0034,48,10808.781,3.2148342125736193,4.2040258669974415,-3.5061950537855795,1.5153193822651392,25.93804796176297,3191.516,2.074340759266504,4.1855620437934515,-4.031249179709422,0.0018221767622858833,39.82254974386062,1.5029318848267783,90.41161352870134
49,2009-07-15 09:59:39,B0034,49,10616.407,3.2147194661017795,4.2029083048138025,-3.497906200643411,1.5153334880392766,27.279718181918696,3189.985,2.1265733975652816,4.186540363518264,-4.030674776051926,0.0026883098926745314,40.67552783597674,1.5202185406928062,91.4515238966573
50,2009-07-15 14:28:16,B0034,50,10536.312,3.2060690729152177,4.202832642619886,-3.5186808900690885,1.5158482679964707,27.835987018747353,3189.734,2.062739747604538,4.182887718757515,-4.032090463706321,0.002423109346653069,40.582538417129676,1.5118194735004464,90.94626266382056
51,2009-07-15 18:55:33,B0034,51,10560.766,3.2149042382083532,4.202773147872594,-3.5001674274050254,1.517646644881673,26.984546009222043,3176.016,2.1030377322448675,4.183577669537621,-4.0317603355933835,0.0012338364546660258,39.684346755235566,1.464601301820905,88.10576727442732
52,2009-07-15 22:47:13,B0034,52,10591.016000000003,3.2181377355479013,4.202753947538715,-3.50339384861566,1.515634628555095,26.567351733744193,3171.36,2.1244761059896846,4.186336344550888,-4.030702202371792,0.0015573133323275954,39.47995207463314,1.4546140961511749,87.50496866980701
53,2009-07-16 02:39:19,B0034,53,10619.391,3.2174053939150307,4.202888420540019,-3.518403886740275,1.5157733573739514,26.397622600208763,3170.843,2.0601307559265187,4.184762302875813,-4.030830787176179,0.00010833505571186397,39.48992781243277,1.4333400490204142,86.22518949498473
54,2009-07-16 06:31:53,B0034,54,10570.531,3.218257721728254,4.202981477710451,-3.516375257161102,1.5156543877938333,26.711721614324173,3164.672,2.066307670696809,4.185022396532557,-4.030375180809054,0.001130471563425466,39.852310270589804,1.4493262346396159,87.18686769916224
55,2009-07-16 10:59:21,B0034,55,10776.312,3.208037863925406,4.2025034239026,-3.5213097974665737,1.5164222166295687,27.154363726441932,3177.453,2.063118102136468,4.183906394520297,-4.031301873680901,-0.000982879998589829,40.873690307547484,1.495199821798908,89.94647715005839
56,2009-07-16 15:30:28,B0034,56,10466.766,3.2185308291571073,4.20272233703698,-3.4994810328675983,1.514847147242169,28.344669770588467,3172.375,2.015578277968309,4.18478065365082,-4.030996805872695,0.00022983091570884706,40.55984735939729,1.4720590241846008,88.55440018917085
57,2009-07-16 19:20:31,B0034,57,10605.265,3.2166516075595593,4.20301133246666,-3.5136501456479206,1.5149433872184388,26.70840578326583,3158.406,2.1825208655708153,4.184572904357356,-4.0309191249132565,0.0006099706214633524,38.988662122088876,1.4097383014648728,84.80538324818366
58,2009-07-16 23:12:40,B0034,58,10603.125,3.218540363297352,4.202831305634024,-3.524642489023629,1.5154440075431101,25.893466703258873,3141.578,2.177635067318021,4.186221928288161,-4.0303017769101075,0.0009541085502518157,38.71511147644418,1.3861944181384176,83.3890579298066
59,2009-07-17 03:04:30,B0034,59,10606.375,3.220166720612553,4.202758811376733,-3.525686308444677,1.515681049829613,25.612299441096678,3138.187,2.1675497721171437,4.185645972879193,-4.032926354694966,-0.00013677704395691751,38.51149851182021,1.3624125407550536,81.95841564409884
60,2009-07-17 07:32:09,B0034,60,10776.875,3.212114738325158,4.203083989809187,-3.5202743037596598,1.515532512921411,25.540425651296207,3157.969,2.0235981843621835,4.184966155089575,-4.030419099923807,0.0007842316136241301,40.112479285456395,1.4471377445077278,87.05521507670262
61,2009-07-17 12:02:59,B0034,61,10545.562,3.218767586057573,4.203626683398066,-3.5104708461568572,1.515645847461879,27.640073152240266,3159.281,2.184010507272112,4.181330176160959,-4.031508370151624,0.001324189349925237,40.84012758949483,1.4554483390450048,87.55515407532505
62,2009-07-17 15:54:10,B0034,62,10429.0,3.2186097459566367,4.203157569390327,-3.5089229085782376,1.5153545109815685,28.380924793138565,3150.375,2.0392577121107047,4.186951481965634,-4.0309270879537475,-0.0003952233410601762,40.348969230016365,1.4423952167302958,86.76991965320994
63,2009-07-17 19:43:16,B0034,63,10565.141,3.218512248055986,4.2039215022219105,-3.5096778840020924,1.5162646905618784,26.505523068756226,3134.078,2.0999808615526177,4.1857251578423,-4.030689142794633,0.0004669539506793568,38.95729074496056,1.377541945989605,82.86855265881992
64,2009-07-17 23:34:22,B0034,64,10601.171000000002,3.220948330277008,4.2028155710009525,-3.5143671068616142,1.514783800019531,25.74961824993104,3129.797,2.063136946201327,4.18361645238679,-4.030890080533704,0.00040442507025808345,38.73711200799833,1.3539935892900532,81.45195823651096
65,2009-07-18 04:01:49,B0034,65,10754.719,3.2123422747923587,4.2029899194011735,-3.5048269217082235,1.5160333822483227,25.157654888443147,3161.89,2.120762756881349,4.17325067272426,-4.031115880527916,0.0012788914489122824,40.231060876384255,1.5509038861664448,93.29745691861662
66,2009-07-23 11:55:21,B0034,66,10584.188,3.1823714884072505,4.203294544053488,-3.4689912934105527,1.5155072825516502,27.012170620398233,3196.859,2.19170788700899,4.184028931910909,-4.031336520715659,-0.00017403712443190127,40.929553501935686,1.5562932697752867,93.6216651365138
67,2009-07-23 16:23:40,B0034,67,10464.969,3.203116837188112,4.203748285839759,-3.47406493354086,1.5152863491010398,27.67135920234476,3171.906,2.1203887966971293,4.185455613390746,-4.031483697642067,0.0006646404810077359,39.993709319022244,1.5067526605064707,90.64145927062731
68,2009-07-23 20:13:45,B0034,68,10569.391,3.2096754433815966,4.203091585721746,-3.4975765335061104,1.5157225108602121,26.300214663433195,3160.8429999999935,2.0630039985317543,4.183582231077479,-4.030940436431335,0.001805018906208284,39.1022619385273,1.444138733302766,86.87480407819453
69,2009-07-24 00:05:23,B0034,69,10571.078,3.21181746458802,4.203175459109847,-3.5135320149846,1.5151977558668217,25.620708229820302,3147.141,2.1811524820912926,4.1831604654402685,-4.0314913055403885,0.001981216959707207,38.63703610404588,1.4144103811292437,85.08644073671987
70,2009-07-24 03:56:50,B0034,70,10625.235,3.2136595512117743,4.203656241043499,-3.5156525904583855,1.5149357015750924,25.324603896753903,3141.203,2.155432405052415,4.184589576893444,-4.03046907957885,0.014631169490908522,38.457946337552535,1.3897574212362729,83.60339689109757
71,2009-07-24 08:24:55,B0034,71,10745.625,3.2060897291709543,4.202797229916237,-3.5049359306078975,1.515233567842821,25.436140581378115,3151.047,2.0671609840346776,4.1839152437949645,-4.030848804967881,-0.0002489305736548837,39.988534225003114,1.449968311475299,87.22549300434711
72,2009-07-24 12:55:11,B0034,72,10181.329,3.212757943901257,4.2023737885047225,-3.5149992852928693,1.5151852712804084,27.33268415062951,3159.172,2.1233368877812127,4.184717109573573,-4.032550539055774,0.0017035076717763363,40.84025138634754,1.4678653068012166,88.30211945765997
73,2009-07-24 16:40:21,B0034,73,10451.172,3.2148381376084756,4.2029927515557715,-3.499707651763373,1.5162403708078944,27.594514240541482,3141.047,2.032509026773449,4.184251380689682,-4.03311369700898,7.260499407977222e-05,39.64173378499159,1.4290644310445066,85.96798188369057
74,2009-07-24 20:29:43,B0034,74,10622.0,3.2141560068040693,4.203068787832014,-3.512226711561957,1.5159499656827322,25.802747512211244,3135.0310000000027,2.0100958477489637,4.182749347441237,-4.031189054300734,0.001893184104531482,38.82196729294636,1.376744834668327,82.8206009708916
75,2009-07-25 00:21:50,B0034,75,10618.156,3.2145927475067313,4.202999737451624,-3.519692975520002,1.5155870235253142,25.317161330498315,3117.984,2.1845053475658913,4.182152014334447,-4.031129358826585,0.0010066000987554262,38.27601981086532,1.3515813262521057,81.30684414603333
76,2009-07-25 04:49:26,B0034,76,10808.063,3.2068764108682966,4.202908174088808,-3.5150143853239832,1.5159636684650724,24.641109907550014,3125.328,2.1991319506434475,4.1833235259541075,-4.031338830626604,0.0011354193755573373,38.30615482092432,1.353993472828928,81.4519512305792
77,2009-07-25 09:20:20,B0034,77,10685.218,3.219411891335413,4.2037559513281195,-3.510446403698558,1.515865088675752,25.211023668465547,3120.172,2.1256164107912863,4.18535045289718,-4.03103413513416,0.0011547775998940132,38.50347850214561,1.3577165116893766,81.67591743556926
78,2009-07-25 13:13:17,B0034,78,10707.359,3.217358483952299,4.203091703447729,-3.514762882918773,1.5157630823383295,24.90914193903674,3116.641,2.0595928588832932,4.182766239696235,-4.030805323363095,0.0013806992719649974,38.25735173096823,1.334169315351027,80.25939281690853
79,2009-07-25 17:06:32,B0034,79,10745.422,3.21784707851168,4.201954487178243,-3.5148847076352703,1.5164881892803879,24.97527714145735,3110.844,2.196715966153447,4.181823483700895,-4.03117795823907,0.0013891789726567755,38.29433048905591,1.3372147888783987,80.44259884131219
80,2009-07-25 21:00:19,B0034,80,10771.906000000003,3.2189838873062624,4.202277947811094,-3.5210878527409712,1.5160827647477495,24.984493262829105,3101.406,2.179169443366329,4.1857303262234575,-4.031972732432733,0.0011128765557092638,38.19006452807094,1.339045224276927,80.55271202708713
81,2009-07-26 01:30:15,B0034,81,10787.235,3.20937940368955,4.202746861022943,-3.5187610286912516,1.5155585143267032,24.61537898905176,3099.563,2.0729178734316847,4.180937577273335,-4.031005726868246,0.0009343179831969989,38.326737735855446,1.3439244604756322,80.84623139544055
82,2009-07-26 06:00:25,B0034,82,10792.047,3.2172440391828454,4.203174489563959,-3.5181336475670797,1.5159534181503378,24.882815190503656,3104.64,2.0585536221704452,4.185670680684665,-4.031139103540076,0.0011101596079035176,38.326112920062165,1.3454786192090245,80.93972465364094
83,2009-07-26 09:54:53,B0034,83,10773.047,3.2183528915532547,4.202950783300137,-3.5141731357378196,1.5156426356233286,25.075712359051746,3099.875,2.1859283824053053,4.184780807786567,-4.030804616834862,0.006275841471540261,38.2504483640825,1.3482263029682544,81.10501659045232
84,2009-07-26 13:48:59,B0034,84,10769.843,3.2190996168399737,4.20292493162433,-3.521799679611119,1.5152702288316904,24.82524297994588,3093.25,2.047929270109934,4.184776951807234,-4.031692434428726,0.0010934428723549882,38.2552215314073,1.3373192299576058,80.4488816852555
85,2009-07-26 17:42:54,B0034,85,10775.547,3.2183561431127954,4.203191379438608,-3.516727097873244,1.5160434032955021,24.86242317994872,3086.688,2.0282334120244614,4.184920385211051,-4.031825763441962,-0.00026873422222983763,38.4827926779255,1.3402523341553034,80.62532792732335
86,2009-07-26 22:12:41,B0034,86,10812.718999999997,3.2071577603912473,4.203185449591353,-3.5139178751757596,1.5148266373344972,24.549998962999094,3094.281,2.128944717359417,4.181326694340018,-4.0305186641831545,0.003467823659264682,38.208311929566015,1.3290965682379121,79.95423244593627
87,2009-07-27 02:43:12,B0034,87,10757.516,3.218917244292766,4.202833803125309,-3.5185734231303556,1.5150910687561838,24.885220862650467,3088.328,2.080780257241255,4.184466822637345,-4.031628581091327,0.0016669359763762774,38.37963443029051,1.3323485655766352,80.14986228755006
88,2009-07-27 06:36:51,B0034,88,10744.219,3.219318973581631,4.201954171193939,-3.509551807836411,1.515272025166965,25.248282442074515,3095.687,2.18178697368346,4.185698992912854,-4.0312424408295175,0.0026485048966212645,38.847888287026734,1.3501541310555516,81.22098861136567
89,2009-07-27 10:30:25,B0034,89,10683.484,3.2195257111952347,4.202925743550863,-3.5135438442906626,1.5159138661682765,26.137548761141144,3102.062,2.1600430451609207,4.188177492671976,-4.031736173757563,0.001337844978851325,39.55793696996327,1.381523441054128,83.1080667689897
90,2009-07-27 14:23:04,B0034,90,10618.578,3.2208127796595654,4.203681889990859,-3.4974766009425218,1.515584130480701,26.72980261943078,3107.141,2.0578741386350488,4.181899265811891,-4.03159610294282,0.0010649532583859303,39.995989656775905,1.3835971952817807,83.23281724349684
91,2009-07-27 18:50:36,B0034,91,10812.922,3.206411031071432,4.203274642953604,-3.5030139315188755,1.5153703680429143,25.492780041374584,3090.719,2.0545776989805833,4.180083219210065,-4.031093567396651,0.005936935518246376,38.637111363644244,1.3301161862080901,80.01556942786961
92,2009-07-27 23:21:06,B0034,92,10742.593999999997,3.2175807387908417,4.201919344198355,-3.515559937440955,1.5167623971537845,24.951651557583418,3069.812,2.0610721424538947,4.1821779958572005,-4.031192505233378,0.0003390728794783257,38.17458507378806,1.3176982121703233,79.26854351082918
93,2009-07-28 03:14:13,B0034,93,10811.156,3.2181735681869004,4.2038354605950925,-3.5230375264441802,1.5154154777455644,24.550234926234776,3064.437,2.1769630360366774,4.1841115419161925,-4.030588508612238,0.0011136677193194534,37.84309122903104,1.3063657719651272,78.58681986485875
94,2009-07-28 07:08:23,B0034,94,10808.406,3.220249246454813,4.203171054830049,-3.523594288881603,1.5151975205020678,24.59217223994187,3083.25,2.123117073996824,4.182953933920961,-4.031702600821983,0.0012646505805006295,38.7849806497393,1.3381567383793782,80.49926353457334
95,2009-07-28 11:02:51,B0034,95,10785.266,3.21865579148471,4.202862006441632,-3.5135920965275793,1.5157491129538274,25.587771027586903,3076.484,1.992728560786441,4.185231964742196,-4.031682841427148,0.0015946623938485048,39.47058624854092,1.3563258092165067,81.59225718737045
96,2009-07-28 15:32:40,B0034,96,10777.656,3.208723362353276,4.203672889958512,-3.504941195870372,1.5153587287392225,26.315234892354677,3081.297,1.9677573642714887,4.183603781291225,-4.03092026898644,0.00010222763536104529,39.61654428235802,1.3648997529550058,82.10803843835598
97,2009-07-28 20:02:28,B0034,97,10717.719,3.2166039554389307,4.203045214566949,-3.505865862040472,1.5149056553529,25.60033401499343,3065.953,2.1243524375356397,4.1847480185320505,-4.031386898885472,1.4190786375877197e-05,38.42381623938057,1.3337639975535058,80.23501018424516
98,2009-07-28 23:55:08,B0034,98,10795.0,3.21775116953446,4.20310843753811,-3.521220320391047,1.5159756863482525,24.740574887278505,3055.828,2.1817137827751827,4.18481289618272,-4.031919192937977,0.004221413170437679,38.11461669687029,1.3060123668658763,78.56556013540919
99,2009-07-29 03:48:56,B0034,99,10810.0,3.219040091108989,4.2030813994782426,-3.5246727108987272,1.5153417612459166,24.668060013529075,3051.468,2.087539695609617,4.182816385597531,-4.031463869357844,-0.00020545875090377403,38.33391837467719,1.3101868361375808,78.81668296159387
100,2009-07-29 07:42:54,B0034,100,10812.297,3.2187983081598013,4.202637323365671,-3.5194148741071873,1.5147854187191794,25.331277151349628,3069.0,2.068960188840925,4.182086976575588,-4.031164018221237,0.0024620812789465474,39.42514383600653,1.3567668941696103,81.61879145862781
101,2009-07-29 12:13:05,B0034,101,10813.297,3.2078724536379486,4.204031746332546,-3.5125351560300873,1.5152707813513084,26.12380055273629,3079.235,2.0596285731276476,4.181559459677035,-4.031125638208525,0.0005944525944014617,40.315066740163225,1.3916857433587717,83.71939863160114
102,2009-07-29 16:43:31,B0034,102,10572.094,3.218525823062318,4.2039818928671435,-3.49406526057311,1.5151407670223314,26.89381488513497,3070.344,1.9953872570984859,4.182529313505233,-4.03058191664693,0.000696391821171213,39.53448316157278,1.3629935079344777,81.9933647862584
103,2009-07-29 20:33:51,B0034,103,10745.296,3.215158612271987,4.2030605674399135,-3.51636542961564,1.5163232692249682,25.520542857282535,3051.4839999999967,2.1529421051579973,4.184076900714323,-4.030694821958155,0.0007119561611779472,38.37203224972586,1.3211711973900628,79.47746728219101
104,2009-07-30 00:26:46,B0034,104,10810.547,3.2178292511369553,4.203377491821886,-3.523735656438789,1.5156029285094281,24.764272676704007,3054.812,2.0405401202035574,4.184435637134828,-4.031009817979993,0.0020566252105106756,38.3101923015924,1.3074869015593356,78.65426346400685
105,2009-07-30 04:20:49,B0034,105,10810.781,3.216530477280527,4.202460412147998,-3.5256826512077857,1.5155369656994484,24.719160709410435,3046.532,2.197033181830859,4.182198079486951,-4.031095809579006,0.0012203049914854371,38.27774779605142,1.3105881895483489,78.8408271093288
106,2009-07-30 08:50:38,B0034,106,10811.64,3.210490592022755,4.20261199911475,-3.515922287596335,1.5158301242273244,25.511252150619374,3071.782,1.9756647286286777,4.18257252176705,-4.03243604396475,0.00037287267617090643,40.334191485925615,1.376312668196664,82.79460320718019
107,2009-07-30 13:20:56,B0034,107,10607.422,3.2174060951713477,4.2032104722845265,-3.4932837883169734,1.5155614727372806,27.281619901002063,3074.532,2.083403258487322,4.184144535847567,-4.0311681176814105,-0.0008283772149644326,40.79229920392578,1.391764929132287,83.72416219648676
108,2009-07-30 17:11:57,B0034,108,10584.0,3.21857032752551,4.202868595346031,-3.4855437841134624,1.5156249163808517,27.31168804524899,3053.656,1.9776004444482063,4.183745596310435,-4.032104651105574,0.0013465670361033823,39.99900717802979,1.3649746353453525,82.11254312536441
109,2009-07-30 21:02:14,B0034,109,10770.858999999997,3.216336169274429,4.204068015452368,-3.5019883915650007,1.5150620115465812,25.81709038762414,3031.953,2.0648428293008756,4.182564922322223,-4.031108958105936,0.002555847383445931,38.793911542282345,1.3219093937291897,79.52187483172487
110,2009-07-31 00:55:17,B0034,110,10789.422,3.2184829741066796,4.202136814919579,-3.505183060001162,1.515988635762274,25.04652253616596,3023.5,1.966575784508242,4.184886457411625,-4.031562836873329,-0.0007536815005631075,38.67005005769116,1.3090033888073913,78.7454905251775
111,2009-07-31 05:24:22,B0034,111,10811.891,3.206032639518292,4.20273112371643,-3.5112425927565276,1.5153560279032252,24.463511270153514,3042.703,2.1711822809863026,4.182256888930097,-4.03093916292613,0.0008522774553233712,38.826649526191886,1.3327005721973733,80.17103788896954
112,2009-07-31 09:54:14,B0034,112,3379.656,,,,,,4424.203,2.069253006874651,4.444767752853825,-4.031271454898872,0.0001730030754003461,40.05350414099234,1.7423975189669398,104.81710627648546
113,2009-07-31 17:33:22,B0034,113,10344.968,3.233574391128388,4.204172066047446,-3.520639814674858,1.5151059621092906,27.240899795401706,3066.766,2.1429326564674485,4.182008963324631,-4.031083297465372,-0.00011836412656153792,39.89751111071057,1.37734756281946,82.85685918406364
114,2009-07-31 21:55:46,B0034,114,10651.062000000005,3.2173636774071626,4.203088386692116,-3.4851420974833274,1.5156430843581048,26.232480376869734,3046.125,2.0661656290024695,4.183084128990252,-4.030963240325162,0.0014922973901564274,39.197243061406944,1.34875988767775,81.13711535356113
115,2009-08-01 01:47:04,B0034,115,10701.828,3.217738864408612,4.203688967297298,-3.4857458303481206,1.5163250572912998,25.768789427017847,3033.625,2.1996082620797504,4.183718969246597,-4.031380713903483,0.0004034421702229086,38.90698912730004,1.3501504559881146,81.22076753096931
116,2009-08-01 05:39:00,B0034,116,10816.234,3.2182334484087676,4.2033063177916565,-3.497206291342102,1.516065804919118,25.577202453805292,3028.562,2.0698222657269465,4.184086373500983,-4.0308516181486045,0.002570788512427671,38.91493347992841,1.3387814875085953,80.5368464599164
117,2009-08-01 09:32:45,B0034,117,10764.218,3.216633203183817,4.203965327882261,-3.500850309355513,1.5155565714942205,25.447736770733474,3020.984,2.1637591808058576,4.180084668986179,-4.030838932270787,-0.0008015260124667276,38.753372299612906,1.3253371210402685,79.7280760309008
118,2009-08-01 14:01:25,B0034,118,10807.375,3.2050837948473503,4.202798240127091,-3.510765358848856,1.5152638289877782,25.102774235901936,3017.391,1.9665760341302796,4.182272685375916,-4.030667531854442,-0.00017840309312221954,39.091854428154555,1.3308160596334049,80.05767159250354
119,2009-08-01 18:30:44,B0034,119,10706.156,3.214549025998938,4.202873151438947,-3.509546943710986,1.5153668606715782,25.39901421987147,3022.14,2.0993400599564533,4.183571382297645,-4.031261774539943,0.00014807845366880123,38.79791433490267,1.333083376618503,80.19406618834203
120,2009-08-01 22:22:34,B0034,120,10763.452999999994,3.2165390719995997,4.202225921942267,-3.501329433683335,1.5148288937881065,25.36245630318605,3009.016,2.051523215347617,4.183893272585923,-4.031883079901577,-5.40381873575575e-05,38.87342544692156,1.3333226534895923,80.20846032570361
121,2009-08-02 02:15:09,B0034,121,10815.579,3.2161411850755734,4.20329680799862,-3.5077069463277337,1.5162910595124017,25.341840825531236,3014.672,2.127535513157563,4.184006388641318,-4.0317878151340585,0.0009352255589694179,38.72429474171124,1.3264281097516475,79.7937064501721
122,2009-08-02 06:08:41,B0034,122,10810.235,3.2168286997381803,4.203771152454011,-3.507683331753356,1.5154745701222458,25.294520100679886,3010.703,2.0823277676119383,4.181910454160974,-4.031344486974082,0.001711139598895986,38.693927613601694,1.323971040986857,79.64589698933196
123,2009-08-02 10:37:58,B0034,123,10811.25,3.204259589543794,4.203746017176333,-3.5084827511271874,1.5157533439306359,24.992621842465336,3011.75,2.1365617064803337,4.181304092373182,-4.031165844112306,0.00047522503300314293,38.83689474258564,1.3249364225071156,79.70397127852534
124,2009-08-02 15:07:18,B0034,124,10812.766,3.2170706392577313,4.203111622909204,-3.507143016426672,1.5155663429577015,25.446102806237146,3005.734,1.9941210557405098,4.181467747221002,-4.031283330684273,0.0013017595633574254,38.98262569198278,1.3283067675570923,79.90672054294193
125,2009-08-02 19:00:39,B0034,125,10807.047,3.215638220205226,4.202841353777005,-3.5057490264277704,1.5153459209251192,25.38108071631718,2993.75,1.9772527709370782,4.184933925854431,-4.031390232489055,0.0005343769692278891,39.051031869034375,1.314584348909226,79.08122337703881
126,2009-08-02 22:53:43,B0034,126,10815.985,3.2164859464771594,4.203175530456636,-3.5017756272100375,1.5151848760263946,25.33632279321608,2998.125,2.126873333723975,4.183605741258281,-4.030190775657842,-5.6992644977724535e-05,38.79001119015603,1.3166841798543303,79.20754254412886
127,2009-08-03 02:47:00,B0034,127,10815.203,3.2174130946198285,4.202226185802962,-3.5079582798435363,1.5153826816645166,25.31716156891751,2990.859,2.0395114895210718,4.18498220766507,-4.030832991804198,0.0011172089435373884,38.89401391225135,1.3041727649654073,78.45489552196196
128,2009-08-03 07:16:04,B0034,128,10812.266,3.2047302023814934,4.202811618064859,-3.512173040075104,1.5153105551481425,25.15264118719159,3024.453,2.0358214749013905,4.181710702444723,-4.031156962815287,-0.00163968339322142,40.171574663158054,1.3534450073572306,81.41895728803159
129,2009-08-03 11:45:39,B0034,129,10631.063,3.216265448747804,4.203038664565302,-3.495657822058787,1.5183486066737888,27.527451055024308,3030.765,1.9730425062614987,4.184181072689387,-4.031505060697891,0.012990005280977403,41.036063659744045,1.371294082513786,82.49270101600182
130,2009-08-03 15:36:25,B0034,130,10815.844,3.2156709820227762,4.2026104665730815,-3.490332877330669,1.5157575955169529,27.58218845167247,3020.813,2.0280193684749017,4.18330455406694,-4.0310979373493865,0.000674413117618517,40.43961489235273,1.357699321922511,81.67488335373616
131,2009-08-03 19:30:06,B0034,131,10811.531,3.2162199684132045,4.203077458186717,-3.486940913831416,1.5152650203098887,26.480838691051986,2998.156,1.9435482703621492,4.183090426902681,-4.0324414576282885,0.0011493879909260072,39.651877682602084,1.3286903090919502,79.92979318473752
132,2009-08-03 23:23:20,B0034,132,10810.342999999993,3.214464329417929,4.20329829578604,-3.5082825673068023,1.5158994537720745,25.767173369533168,2986.766,2.0636905936063763,4.184001846460157,-4.030608268179589,-0.00019198789676016652,39.179107326892364,1.3143943268181724,79.06979225096336
133,2009-08-04 03:52:16,B0034,133,10810.109,3.204234481773256,4.203029337587316,-3.5116015526562947,1.5159619724338704,25.11464747507255,3032.328,1.9437968709766946,4.173319870139646,-4.030934744594092,-0.0015555056759469319,40.11810121003218,1.3866783030110723,83.41816690842401
134,2009-08-05 12:16:05,B0034,134,10787.516,3.1992934816599967,4.203289340052103,-3.4957785329401845,1.5160548754783332,26.39069270455764,3047.703,2.071041778175654,4.181768359109135,-4.031180224182523,0.005266729500062654,40.80596825835928,1.3868330458429208,83.42747574620346
135,2009-08-05 16:45:40,B0034,135,10668.625,3.214972932084219,4.204363431946227,-3.4773238660323735,1.5152241229157561,27.214068847322668,3034.968,2.185338383273266,4.182301042571854,-4.031782992778244,-0.0009786783734257677,39.68459882372221,1.3548037379291014,81.50069420811016
136,2009-08-05 20:37:09,B0034,136,10815.344,3.215232703475362,4.203646747351668,-3.4889225811160944,1.5151687402955125,26.104396755271907,3011.7339999999967,2.0310061849780774,4.178121720093713,-4.030909285227107,0.00245161307352036,39.35391690299883,1.3255787669951669,79.74261268482744
137,2009-08-06 00:30:42,B0034,137,10814.062,3.213877700907877,4.202797431997483,-3.4964171178507515,1.5156454169219349,25.70480407574708,3002.922,2.1906611266270994,4.181856458554027,-4.031391102007752,-0.001027887353306596,38.774974385595264,1.3119728676377553,78.92412494973327
138,2009-08-06 04:24:05,B0034,138,10638.484,3.2150994598178793,4.2036544206251385,-3.5024604768736896,1.5152709709386214,25.49561003029776,2986.718,2.142279706628003,4.183618050676316,-4.032301237199556,0.0012119641403227496,38.265844006523615,1.3064487948795198,78.59181425996465
139,2009-08-06 08:50:10,B0034,139,10666.125,3.206834941864177,4.203595579011752,-3.497112715135571,1.514847203489241,25.983270678492005,3006.203,2.160163197204225,4.180694864027114,-4.032232493006905,-0.0017035894811182962,39.684480872315234,1.3418431880549024,80.72102865029241
140,2009-08-06 13:17:04,B0034,140,10496.344,3.216442227368835,4.203826588470773,-3.487547017879354,1.5165975825610787,27.326510946349025,3011.609,1.955449063066795,4.184699791551839,-4.032459345523554,-0.001355457626243199,40.52184920089412,1.3609210170759327,81.86869031202822
141,2009-08-06 17:05:18,B0034,141,10455.453,3.214614746183659,4.204057912267235,-3.485655458486124,1.5163059458089212,27.2988101193765,2985.953,2.186393196562525,4.184264442346774,-4.031899555003315,0.0005444198934238,39.34384441360489,1.3299603677394973,80.0061958831965
142,2009-08-06 20:52:26,B0034,142,10542.188,3.2170636312768113,4.203400790801362,-3.48869054973676,1.5161241263814633,26.126243770446195,2976.3129999999946,2.1725626411969494,4.1832269410899645,-4.031537675655013,-0.0005500802057760502,38.612144786286876,1.299069387625936,78.14789253375895
143,2009-08-07 00:40:51,B0034,143,10682.156,3.215717177359267,4.203649738225912,-3.5037965189655176,1.5153664886249065,25.522185276594158,2964.75,2.107521375414201,4.18242247093296,-4.031552007887981,-0.0007401702915018566,38.61589548680076,1.2984544371955695,78.11089906704836
144,2009-08-07 05:07:21,B0034,144,10794.25,3.205244933723592,4.2030307101690925,-3.5004918736383077,1.5166031894572847,25.23883956719949,2969.953,1.9724956503793716,4.181677931125044,-4.031822718744165,-0.00017374198328850473,39.405725006770766,1.3176486091610087,79.26555955117452
145,2009-08-07 09:35:47,B0034,145,10508.656,3.214184822490545,4.203815924254225,-3.4954412438358453,1.5158126044176932,26.81044756303704,2988.453,2.15288424756184,4.184377456853175,-4.038795954400871,-0.0010567842076357335,39.93466601122023,1.3360648564106594,80.37342255268129
146,2009-08-07 13:23:52,B0034,146,10531.406,3.214546396627995,4.203588309905277,-3.4922103508112556,1.5163266732872058,27.53891611959087,3001.235,2.175170885643991,4.1820883067461185,-4.033056340172318,0.0013857851637352403,41.55493252456659,1.3635797361860138,82.02863041782332
147,2009-08-07 17:12:32,B0034,147,10811.484,3.2178915462181266,4.203899728692539,-3.4701958131084734,1.5156814145498732,27.574108846093875,2976.234,2.0442124222047857,4.181101635503988,-4.031676887900432,0.0010305303744507774,40.30936955838523,1.3333112541544827,80.20777457787244
148,2009-08-07 21:05:28,B0034,148,10810.406000000003,3.214670931606451,4.202968619209435,-3.4922046125621224,1.5153667947706038,26.327904721864225,2950.39,2.030057772957424,4.179766813903975,-4.031008497658909,0.0001529455766672571,39.63376472877464,1.3023273463118925,78.34388099110751
149,2009-08-08 01:33:53,B0034,149,10812.828,3.2042753533027053,4.203143324439048,-3.4886020941851306,1.516351846378974,25.416201512189343,2941.719,1.9600053057358238,4.180263086800403,-4.031145578011882,0.00033172405719864034,39.397264101530574,1.2888728444455875,77.5345008487082
150,2009-08-08 06:02:11,B0034,150,10816.953,3.215002832883405,4.202691492413968,-3.4990667737568004,1.516169342142724,25.38688527004937,2946.969,2.097517979952191,4.1809918219864,-4.0312307343283,0.0014412797914432568,39.0556543100656,1.2902746194203034,77.61882718348606
151,2009-08-08 09:54:44,B0034,151,10816.0,3.2189990722022928,4.20357541320015,-3.4768328015470664,1.5152276231270363,25.40217271609714,2936.171,2.063176636612858,4.181979956691477,-4.0307864323142,0.0007410934488356225,39.19214857830457,1.292407565676824,77.74713846263911
152,2009-08-08 13:47:05,B0034,152,10812.969,3.2197512299323177,4.20393196370726,-3.470391134806511,1.5156868403434371,25.488431020284565,2927.281,2.050195394002453,4.1832960690677,-4.031891788952559,0.0017829159370712701,39.3246784315448,1.2954091505102339,77.92770428246875
153,2009-08-08 17:39:14,B0034,153,10810.235,3.2173934712142036,4.20319597765494,-3.48759427198998,1.5152980206844964,25.465503293737296,2924.422,2.142448068324373,4.1823492523016785,-4.030519452398561,0.0003275571455353852,39.020958953665634,1.283229881592695,77.1950381080722
154,2009-08-08 22:07:14,B0034,154,10812.327999999994,3.207402917640739,4.20291937802286,-3.482483929964068,1.5159628102579417,24.991764655543328,3023.859,2.132265781269793,4.166622490761778,-4.031364436387261,-0.00016097216003512957,41.16886509114223,1.4557454024367817,87.57302446641995
155,2009-08-17 14:36:33,B0034,155,10813.078,3.188531050443461,4.203134178479673,-3.4706657368882956,1.5162175572577425,27.881469273718455,3056.172,1.9849347747870358,4.183046790056729,-4.031501683106394,0.003614775246628937,41.53076127734769,1.454676342673242,87.50871322307218
156,2009-08-17 19:06:48,B0034,156,10718.25,3.1986857569214187,4.203963104676442,-3.445104844714536,1.5157183608906317,27.165796327862722,3045.078,2.1394084619831197,4.180727864826346,-4.030744595022684,0.0001542425834273691,40.35674808373947,1.423427718198495,85.62889512363783
157,2009-08-17 22:59:22,B0034,157,10813.672000000006,3.202811004777678,4.203499743289085,-3.4751681683400686,1.515182179513587,26.36076718661449,3034.25,2.04587233974925,4.182665046607197,-4.031671799370217,0.0009753056962980966,39.90529016402678,1.392551210363313,83.77146238054839
158,2009-08-18 02:53:20,B0034,158,10813.625,3.2047512510094927,4.203016438965712,-3.475671631722594,1.515388382457286,25.96469873820253,3022.609,2.0970875648564333,4.183546703480425,-4.030922111155082,-0.0009271395457984878,39.6263343523975,1.3765732493746907,82.81027894405054
159,2009-08-18 06:47:07,B0034,159,10814.219,3.2075739860362282,4.203011873203864,-3.4715306553880154,1.5150907896191088,25.941121789586298,3028.828,2.0432611124631137,4.184556412259601,-4.0316407463870965,0.0020214221377620337,40.251117050644716,1.3810190828982352,83.0777261826125
160,2009-08-18 11:16:57,B0034,160,10816.469,3.1964670348426414,4.203614700407214,-3.4757026063398704,1.5161148925635675,26.86134809471382,3037.875,1.961939116178396,4.183306721542989,-4.031325299834524,0.003137144129103284,41.28365494023095,1.4007568321672863,84.26508655260395
161,2009-08-18 15:46:59,B0034,161,10616.703,3.2077132041459646,4.2027136311029345,-3.4601428392726548,1.51631290541122,27.647771269053134,3023.187,2.0966495970812926,4.186122527731293,-4.034378256939229,0.00011917958367890734,40.27720417425089,1.374645303479972,82.69429983621649
162,2009-08-18 19:37:31,B0034,162,10817.984,3.208285151754248,4.203314059065226,-3.4692698526601093,1.5156320214795396,25.87566969264112,2996.922,2.126944667717326,4.187372242173173,-4.031792301917485,0.0014550892592896712,39.458737885900284,1.3345924114397838,80.28484493516376
163,2009-08-18 23:30:58,B0034,163,10812.358999999997,3.2075764888454104,4.203080862097298,-3.4879924563184375,1.5153918152644132,25.344560842933994,2986.469,2.0654092965524384,4.194441292072135,-4.031054086064945,0.002013019928346073,39.29135666075848,1.336396621564738,80.39338049169082
164,2009-08-19 03:24:08,B0034,164,10818.204,3.2086317089515086,4.203975521496858,-3.4894294258396257,1.5165336870778856,25.184049279693358,2979.219,2.148229610932935,4.178978876708447,-4.030876471673389,-1.7827195123559607e-05,39.19247737595363,1.3069152971756248,78.61987755793012
165,2009-08-19 07:53:14,B0034,165,10813.203,3.197858647666826,4.203231385204872,-3.482967021811554,1.5159548903564792,25.489406774615954,2995.047,2.1586251956084066,4.180760079138194,-4.03123362422716,0.002043908487533983,39.892115077092285,1.341539456674081,80.70275713413349
166,2009-08-19 12:22:31,B0034,166,10812.969,3.2107331924418285,4.20334309954666,-3.470472635358331,1.5157798894523655,26.408967787599032,2989.828,2.095346963555327,4.1815749331430805,-4.0317407805437995,0.009871952129350431,40.35117578100876,1.346388970161922,80.99448847850873
167,2009-08-19 16:15:46,B0034,167,10818.125,3.2112426199863107,4.20313182284592,-3.4650255172879127,1.5155846456118676,26.85981310036009,2989.391,2.0626265502864713,4.182056202732491,-4.031049977481575,0.0009511836818361976,40.23284401135697,1.344989807277774,80.9103192788115
168,2009-08-19 20:09:06,B0034,168,10815.469,3.209680597716772,4.2037294561961565,-3.4724637403940646,1.5158739732125486,25.905790136953797,2967.2810000000027,2.076505393409293,4.185552990507065,-4.031503094164638,-0.0004212297346912893,39.47675997912519,1.3158760805047784,79.15892985128356
169,2009-08-20 00:02:02,B0034,169,10815.516,3.210825743532286,4.203093867029147,-3.4724347816257146,1.5163680726677955,25.30930648854219,2962.609,1.9787021969242387,4.185152280694706,-4.030548710192742,0.0003042600688147545,39.32483875925542,1.2972766889740088,78.04004947092437
170,2009-08-20 04:30:50,B0034,170,10811.14,3.1964235817650946,4.2040366510918155,-3.480104537764456,1.515837207535183,24.732232626561544,2957.016,2.0077745341235347,4.178887193827684,-4.030657074815704,0.0018527847988831798,39.06556270503843,1.2851255211005648,77.30907376617856
171,2009-08-20 08:59:28,B0034,171,10812.468,3.210119965032177,4.203138158832668,-3.480264156942799,1.5155564922534122,25.612155643905357,2973.281,1.984631695912844,4.18021178705338,-4.032180179891317,-0.0006307259244115071,40.25366972386004,1.3190209156530253,79.34811315553392
172,2009-08-20 12:52:27,B0034,172,10678.937,3.2104462824336033,4.203081069694781,-3.4685345758924373,1.5154645138432812,26.691646257218558,2968.016,2.120505374633019,4.185160711724249,-4.030907491504972,0.0008213886992541721,40.60644361981523,1.3410097849290994,80.67089376255437
173,2009-08-20 16:43:08,B0034,173,10678.609,3.2123600385920796,4.20364554227088,-3.458575313783887,1.5163353242389515,26.926261256889692,2959.281,2.082697161198142,4.179746730828125,-4.031263715522782,4.448411826823029e-06,40.11087407785343,1.326126983882746,79.77559167334324
174,2009-08-20 20:33:39,B0034,174,10814.265,3.210783667909426,4.203084470553853,-3.46462531827759,1.5152079499087425,25.881824977099228,2942.797000000006,1.9993127386412168,4.185599509953072,-4.031557050834733,0.0002461556123676879,39.612138446886284,1.3091442679990724,78.75396537035252
175,2009-08-21 01:02:08,B0034,175,10814.5,3.196207145388181,4.2029664589675155,-3.4778508170904487,1.515689221150114,24.889326792708722,2978.89,2.0166716234512476,4.169799130983922,-4.031997801811629,-0.001666942069097316,40.95422192099372,1.363001289617145,81.99383290759711
176,2009-08-21 19:26:46,B0034,176,10813.187,3.1961412176964936,4.203200151268262,-3.4596579799053044,1.5164270723196565,25.883358020543476,2948.891,2.1864172793825265,4.1802176939000715,-4.031055760751357,-0.001589681770375366,39.368332915328914,1.329285701687194,79.9656101141423
177,2009-08-21 23:55:20,B0034,177,10817.047000000006,3.210301602298008,4.204155284662979,-3.469048283527703,1.5159696986631617,25.29095279111158,2938.547,2.1668802335410113,4.179741845595007,-4.031015029033163,-0.0017403656231145443,39.15337098937444,1.2969085930621855,78.01790598880302
178,2009-08-22 03:47:50,B0034,178,10818.532,3.2112585588480322,4.2031213459686585,-3.468057441311441,1.515897649637253,25.13273545251131,2925.484,2.073777619248528,4.181172769902619,-4.031067192634773,-0.00033989654074088004,39.243985033148604,1.2986285924941396,78.12137569723185
179,2009-08-22 07:40:09,B0034,179,10818.734,3.2105543520835904,4.204112530735274,-3.473796632245489,1.5155276889469935,25.114664841155793,2917.297,2.1762844479074928,4.179417995861986,-4.03051089021253,0.0013676027285972727,39.03574242025546,1.2840657611821942,77.24532197200861
180,2009-08-22 11:32:21,B0034,180,10815.032,3.2118163589055855,4.203913429592249,-3.4731374196462146,1.51598673131416,25.092443208781983,2918.938,2.178495224886361,4.192681708507562,-4.031529673129687,0.001015727940135266,39.362600417809674,1.3021015914136362,78.33030029272761
181,2009-08-22 16:00:27,B0034,181,10812.547,3.1989478723666878,4.204065509497275,-3.4715119247676682,1.515772864222457,24.857962930745785,2918.25,2.003802772888259,4.1874346087886645,-4.031358409625566,-0.0007594908005194374,39.45158799429391,1.3089076351731335,78.73973029035788
182,2009-08-22 20:28:32,B0034,182,10817.422,3.21072897276419,4.203304816241223,-3.472530209277994,1.515665075186087,25.095602168154436,2915.4839999999967,1.9787571590097042,4.179967885403278,-4.030358918119561,-6.493150394815281e-05,39.280231448753895,1.2722519696513912,76.53464175757247
183,2009-08-23 00:20:41,B0034,183,10812.734,3.211097569501261,4.2039548348807285,-3.4696001425636473,1.515822453359129,25.05519936927443,2906.015,2.137223761530643,4.180528142405268,-4.031297723634209,0.0007250912623261506,39.093994194844335,1.276011534360331,76.76080524171466
184,2009-08-23 04:12:36,B0034,184,10812.219,3.2115536908575106,4.20310116816349,-3.478466071387789,1.5152489479383213,25.00036858460662,2894.14,2.026812719380422,4.179166028461803,-4.030974316014234,0.0007221596857929745,39.19231540051725,1.2605053003103004,75.82799940109697
185,2009-08-23 08:04:19,B0034,185,10816.39,3.212159641877417,4.2037962013776236,-3.46456326205238,1.516487155403666,25.083535849877748,2892.031,2.1955750105431733,4.18010360467577,-4.031011123253645,0.001026286765851529,39.05035096355298,1.2660681251347115,76.16264129221003
186,2009-08-23 12:32:03,B0034,186,10815.938,3.199367451423297,4.203257761151476,-3.476313929400916,1.5151782866554053,24.606404550103807,2888.719,2.198015566541252,4.177719373483749,-4.0313116805798215,0.0009427282285409249,38.99238106302636,1.265829016865281,76.14825729738929
187,2009-08-23 16:59:46,B0034,187,10815.407,3.2124053596848117,4.202826667229462,-3.479669005494868,1.515829876642032,24.926181556885734,2875.641,2.1741564738787473,4.1806916832597745,-4.030793702940819,1.677159198194939e-05,39.013996139611024,1.2655873898206993,76.13372178104729
188,2009-08-23 20:51:14,B0034,188,10816.734,3.213192811907264,4.20361735684291,-3.4730857149960026,1.51534093007481,24.872239534902445,2860.7810000000027,1.9597037966635267,4.184107730812699,-4.030759976825486,0.0012279491976100755,39.39352264576831,1.2663598323027554,76.18018946987995
189,2009-08-24 00:42:30,B0034,189,10811.922,3.2108376477492433,4.202819534360086,-3.4771847445655193,1.5161657284253645,24.871910645125286,2852.844,2.0588486889378887,4.19339113872627,-4.0308791079707555,0.0009202299184524402,39.40321172109691,1.2868479432728903,77.41268921898101
190,2009-08-24 04:33:32,B0034,190,10818.797,3.2121711492037397,4.2038018038445975,-3.4784065485462508,1.5157478544515792,24.88802635556578,2854.64,2.1472699436122746,4.184650326377129,-4.030910228339476,0.0013121603439115131,39.209002406361016,1.270026164613209,76.4007443887469
191,2009-08-24 09:00:42,B0034,191,10814.703,3.1995844240080293,4.203982314436984,-3.481188825734172,1.515254918812906,26.767201970158865,2897.844,2.046243465893371,4.179142866728917,-4.031161376886709,-0.0014355308035773923,41.7029996329405,1.34598253292492,80.97003850391808
192,2009-08-24 13:28:37,B0034,192,10818.328,3.2109296518051673,4.203984179547091,-3.4611434600641426,1.5162142997608314,27.531939933591815,2896.063,2.0152140329169153,4.183823497630528,-4.031304782841973,9.23736436573037e-06,41.54042703429465,1.3286875315413778,79.92962609610798
193,2009-08-24 17:20:29,B0034,193,10811.765,3.211965366133196,4.204060971348071,-3.454275437693231,1.5166297034266094,27.141827569107697,2866.234,2.0220579671885415,4.183386852109095,-4.031456327316925,-0.0015289764213798542,40.70765268927143,1.31203071983408,78.92760515430453
194,2009-08-24 21:11:46,B0034,194,10815.328999999998,3.2104063089393184,4.204240705411124,-3.4742623468174094,1.5152008158584893,26.01756431292875,2836.609,1.9943823501630709,4.193391153250369,-4.031480010018408,-0.001910815855233489,40.21142863220933,1.295125492961198,77.91064034433766
195,2009-08-25 01:02:37,B0034,195,10815.813,3.210440518275292,4.203026666273587,-3.4800442335754185,1.5165424257457654,25.5440738603955,2829.516,1.961659201159055,4.182734512107648,-4.030531863908069,0.0012449192634425377,40.0046687891377,1.2802601605963335,77.01638911557839
0,2009-06-19 18:25:58,B0036,0,10804.687,3.039123465768076,4.200562767890397,-2.2364643262172192,1.5011250192028196,25.907985663073088,3260.531,2.685636595881031,4.176656530010924,-2.00280826348544,-0.0014904376706625989,25.959062630105592,1.8011007566288924,100.0
1,2009-06-19 22:58:30,B0036,1,10804.797000000006,2.9392286761762976,4.20046666575375,-2.235241948526664,1.5029216158268064,24.727306081931474,3265.75,2.662489466857697,4.183288040976774,-2.004317840985689,0.004811565892188293,25.802571879383937,1.8044229856020628,100.18445547596065
2,2009-06-20 02:55:25,B0036,2,10742.266,2.9319019308039778,4.20025189284353,-2.233035383557091,1.5028663925581731,24.50397181900134,3264.109,2.6573808763123017,4.1841614854004145,-2.006820885715504,0.0010493128090912787,25.60229945293067,1.804388833772829,100.18255931167843
3,2009-06-20 06:51:23,B0036,3,10680.516,2.9331330897069745,4.200242647721561,-2.2306510707517444,1.5036454562733352,24.348885868090353,3253.531,2.663543957344219,4.18413822475754,-2.009500231963076,0.0010411455805570647,25.340807182068417,1.7989248871784247,99.87919224160784
4,2009-06-20 10:46:08,B0036,4,10805.453,2.9491525862898578,4.200153845115499,-2.2375927167885497,1.503994976243757,24.13759757995785,3242.578,2.6678994227263173,4.184490871998835,-2.010118970470753,-0.0017522780694575481,25.066700521969093,1.792996521672392,99.55003988940247
5,2009-06-20 15:18:25,B0036,5,10807.953,3.1307142742883,4.200184592749124,-2.237424925985169,1.5037168325281445,24.151580151392057,3234.625,2.6568692251182435,4.18002707662199,-2.0105148083310866,-0.003980705218617717,24.87901399238054,1.7885507985621891,99.3032062187241
6,2009-06-20 19:50:37,B0036,6,10807.078,2.9736407709539043,4.20033389347353,-2.2389997434708824,1.5017527430356217,24.037343987814612,3235.36,2.682881821919537,4.184814968147981,-2.0087014787729163,-0.0036168914571835954,24.962178834594535,1.7890856930727703,99.33290441903925
7,2009-06-20 23:47:06,B0036,7,10808.171000000002,2.9852616693966967,4.200157134476282,-2.236457002307939,1.5023870385330558,24.065883368033738,3236.125,2.643495320901669,4.184936056128164,-2.0083926934667744,-0.0065078565398521615,24.97176766201835,1.7893137312833287,99.34556546588624
8,2009-06-21 03:43:37,B0036,8,10806.641,2.97240885091728,4.200542919886997,-2.240361089156552,1.5033533008924258,24.094275797672235,3230.25,2.6529146015025353,4.185159966585472,-2.0080365229044976,-0.0044622590452139555,24.904899107239256,1.7860759459480868,99.16579843601157
9,2009-06-21 07:40:01,B0036,9,10807.39,2.9829623382077353,4.2005278308537175,-2.2399355019085703,1.5017312604595576,23.990752129883173,3226.078,2.6640070437952477,4.185259470361049,-2.01068659468518,-0.0036112981424873294,24.82894570331574,1.7836324249650817,99.03013023566177
10,2009-06-21 12:12:07,B0036,10,10808.203,3.148010570703134,4.200311746970849,-2.240728156699609,1.5027415017449994,24.058654010731185,3224.5,2.6528698625456295,4.180678430986266,-2.0086522990303357,-0.0016420511811444437,25.10525347823647,1.7829728738072719,98.99351089854905
11,2009-06-21 16:44:12,B0036,11,10805.781,2.987271558321814,4.200079021112646,-2.2390337393621382,1.5029211090685068,24.245444516410142,3222.188,2.6683619850669116,4.185452668161143,-2.0085875375423945,-0.004719989055265589,24.951154809529978,1.7813775963259668,98.90493853659575
12,2009-06-21 20:40:28,B0036,12,10808.015,2.9959434522198056,4.200270810747373,-2.2378939452534783,1.5024805684344975,24.09959341575549,3216.546000000002,2.6856316852084854,4.185644073979811,-2.007649933368399,-0.004779447182717506,24.904434158959226,1.7785359545932946,98.74716603429604
13,2009-06-22 00:36:42,B0036,13,10807.844,3.0066575734470917,4.200679247231788,-2.236178281360772,1.5015702113792682,24.088392047468204,3211.859,2.683085255855837,4.1855690457286165,-2.008607853673341,-0.005399955268143018,24.887170444449442,1.7759043090943398,98.60105285937959
14,2009-06-22 04:32:51,B0036,14,10807.343,3.0088284754788357,4.200786066734363,-2.2376047716222134,1.5029832572373583,24.10645885566613,3215.859,2.6821176155277855,4.185513751822039,-2.0086196509255365,-0.0016188763862490505,25.527212929862493,1.7780426649905914,98.71977780513187
15,2009-06-22 09:04:49,B0036,15,10806.468,3.154537774537945,4.2002153802229865,-2.237008471332746,1.5011329902242045,25.253573022518065,3225.125,2.6596681327390566,4.18175155698921,-2.0076953086780285,-0.00410097193233329,26.409994049975936,1.7830029333591655,98.99517985303608
16,2009-06-22 13:36:56,B0036,16,10809.094,2.9795681429072784,4.200451980675371,-2.2380760787645273,1.501403912883192,26.15698722576941,3234.343,2.6726649868851067,4.18601707914653,-2.0080813682171326,-0.0035166108245872282,27.24956363748299,1.7883000424613877,99.28928383820883
17,2009-06-22 17:33:30,B0036,17,10807.516,2.9738428807280233,4.2000194059284635,-2.2364212542283,1.5014809480104594,25.98975036793198,3218.25,2.6506943508802054,4.185429868468947,-2.008162082198497,-0.005855960004447978,25.79213906476866,1.779294712578026,98.78929349340342
18,2009-06-22 21:29:47,B0036,18,10807.766000000003,2.989117810800952,4.200533342214566,-2.2407085988286135,1.5018347590550662,24.75490648177289,3203.5,2.6668651734647586,4.183946382168659,-2.0075377155882173,-0.00609725821757094,25.237865068781456,1.7709235500451854,98.32451313605634
19,2009-06-23 01:25:50,B0036,19,10805.969,3.0039558602306298,4.200169138148851,-2.2388341174204442,1.502223195052907,24.365787864975356,3194.39,2.699376305602087,4.184483195811819,-2.0083438501355793,-0.0050479953633210005,24.99097283085835,1.7659050180801104,98.0458761999158
20,2009-06-23 05:57:28,B0036,20,10781.344,3.1738059615160044,4.200158525411649,-2.2392959320006747,1.5021517331841716,24.375971403997298,3225.219,2.627373237504619,4.166505229896513,-2.0057770721024144,-0.005678112334400306,32.801252523370806,1.7826929241469245,98.9779676448295
21,2009-06-26 17:00:29,B0036,21,10500.75,3.039378599510718,4.200433450026203,-2.241482420881105,1.4985495007635345,26.76704877771103,3252.985,2.6486517814110364,4.181691190398081,-2.004156260870839,-0.006739637545389377,31.56958368042232,1.7964662072920203,99.74268239465145
22,2009-06-26 21:28:01,B0036,22,10759.047000000006,2.921839781726116,4.200526031264828,-2.233742219303345,1.502891616264183,26.025074259777117,3245.25,2.6240374089622858,4.184954917937507,-2.0004115908491005,-0.0009101172732340704,30.90999308530252,1.7909083533422898,99.4341014377408
23,2009-06-27 01:23:59,B0036,23,10808.219,2.9281784291992716,4.200318392679491,-2.2340053629537597,1.503091631726577,25.59675244451564,3235.031,2.626618792448541,4.186460975475055,-2.0072075263014764,-0.0008404572387634897,30.76520980990786,1.78518002808874,99.11605564088757
24,2009-06-27 05:20:35,B0036,24,10806.25,2.9424826434204787,4.200123564055091,-2.2343460412160074,1.5036762015840506,25.534433563379483,3228.141,2.6336670386490053,4.186163586614144,-2.0011835530290827,-0.0027244276470207085,30.827871356237775,1.7811343176546524,98.89143131494703
25,2009-06-27 09:17:04,B0036,25,10807.046,2.951464986255587,4.200057374119523,-2.234774438375558,1.5035851999895813,25.669703594534173,3217.875,2.663548100827095,4.186271381082588,-1.9997810779112133,0.00019708142073900626,31.04477819361822,1.7755577789223567,98.58181294896882
26,2009-06-27 13:49:09,B0036,26,10807.812,3.125495233128615,4.200443993335052,-2.2368330133122236,1.5031122892557258,25.40951944011961,3220.219,2.645759955186599,4.182325498451744,-2.0013538888973295,-0.001865764489375844,31.495558048290054,1.776885870616115,98.65555072787265
27,2009-06-27 18:21:18,B0036,27,10794.063,2.957440066923773,4.200163378026755,-2.2354331131303447,1.5039396166092447,26.275163452506014,3210.234,2.682232775431839,4.185344353963488,-2.002938928489475,0.0003035352857562442,31.22858520243483,1.7713083410378214,98.34587734853694
28,2009-06-27 22:17:17,B0036,28,10807.437999999995,2.9774614492744393,4.200681570736569,-2.2338867889881877,1.5030802061791217,25.817009436245133,3210.546,2.636976729427503,4.186613141003604,-2.0014781325623847,-0.0010680230127308149,30.77808307184711,1.7713348840874137,98.34735106118154
29,2009-06-28 02:13:30,B0036,29,10807.515,2.967400699562145,4.200275120429316,-2.234228731349204,1.501784442400272,25.415992598327335,3200.969,2.6254732315495026,4.185053437368516,-2.0000787195640046,-0.0043481610713857885,30.558421734854203,1.7660842866405053,98.0558294776397
30,2009-06-28 06:09:35,B0036,30,10801.0,2.9708162022148272,4.2002693533602695,-2.2359839676597697,1.5045016412789212,25.35904282292891,3188.625,2.6876812013759497,4.184793481944206,-1.9998831268277346,-0.0020521382665166102,30.72558468538039,1.7592793663412327,97.67800939876699
31,2009-06-28 10:41:07,B0036,31,10808.875,3.1596757862171096,4.200540372322948,-2.2373223270480147,1.506688095680418,25.11005539282735,3191.735,2.68500337747393,4.182513698980909,-2.000169457336012,-0.001491992360754898,31.23295964013785,1.7610368813762423,97.77558944966313
32,2009-06-28 15:12:50,B0036,32,10762.766,2.9944694396869145,4.200171575456095,-2.2352672198342263,1.504037400824666,26.003423611549277,3190.313,2.6519664988321767,4.185287638546102,-2.00085802240166,-0.0007792749665022029,31.072817634800376,1.760242767365706,97.73149896735038
33,2009-06-28 19:08:00,B0036,33,10727.078,2.9820766010086746,4.2002017523819655,-2.233877418298704,1.5036400372636451,25.662282014884894,3182.156,2.6336440877825646,4.1849685069062055,-2.0011850366519277,-0.0024844181487435344,30.6408857593701,1.7555899416034397,97.47316662557874
34,2009-06-28 23:02:27,B0036,34,10807.75,2.9858674549556414,4.200487912874364,-2.2355222035333515,1.5020932944117897,25.377102435138223,3180.156,2.627746605322606,4.186322425483099,-2.0031177298192384,0.000878430995785547,30.615000516436165,1.7545602176655593,97.41599470257052
35,2009-06-29 02:58:13,B0036,35,10788.031,2.9859837120080734,4.200344365191217,-2.233552859853191,1.5028554287431657,25.40232455792833,3171.953,2.6356796620702037,4.184832493551693,-2.00104997373674,-0.0026708746645632783,30.62198587167864,1.7499108336094897,97.15785344984172
36,2009-06-29 07:29:18,B0036,36,10810.422,3.168408817957218,4.20031922408802,-2.234668613011274,1.503509310878277,25.426471046932814,3192.172,2.6450931525551966,4.182846104868844,-1.9993340625649578,-0.00022408028611370262,32.233363947568954,1.7610225525303758,97.77479388918083
37,2009-06-29 12:01:07,B0036,37,10651.297,2.9643688005845976,4.200148689028903,-2.236154882902277,1.5028179654621887,27.479590475624086,3194.735,2.6704116794436663,4.185109686462477,-2.000008736535748,-0.0029864506743152125,32.95844838713035,1.7624094574337117,97.85179707171969
38,2009-06-29 15:54:32,B0036,38,10503.469,2.970712776094388,4.200050868070573,-2.234108443441002,1.503079479204837,28.108552471224623,3178.75,2.6837393111584085,4.184971879756314,-1.9991453648649236,-0.00025574943808310993,32.33796562819801,1.7536170397120676,97.36362795129243
39,2009-06-29 19:45:14,B0036,39,10696.625,2.9954811736701377,4.200437808386465,-2.235760768345318,1.5043597655904104,26.49558076326607,3165.359,2.654784886935533,4.184935582810448,-2.0009460733693505,-0.0005059656371537925,31.201004004004968,1.7462044775191679,96.95207062083114
40,2009-06-29 23:38:55,B0036,40,10591.812000000005,3.003397657793697,4.200428641149505,-2.2345675653356794,1.5030327962756773,25.81489249545392,3155.25,2.650821200008131,4.184405459993748,-2.000441618004775,0.0011192870870260611,30.844212128034435,1.7406176172769725,96.64187918808464
41,2009-06-30 04:06:30,B0036,41,10767.687,3.1854355443375155,4.200431215459835,-2.2335891904579754,1.5029495309869325,24.826540845181007,3173.766,2.6761945611553157,4.173893175797129,-1.9997650450659452,-0.00012768886205846814,32.19294879984907,1.750690404425682,97.20113647070121
42,2009-07-01 12:45:34,B0036,42,10543.359,3.121910584879745,4.2001832809447555,-2.234332311603111,1.5035237666713708,26.79970691155581,3199.485,2.679442027657799,4.18216296627966,-2.00201926010616,-0.0012834905345373664,33.06146735060497,1.765112055153915,98.00184962765009
43,2009-07-01 17:13:07,B0036,43,10542.234,2.9441722707452738,4.200666436542928,-2.2355085478001078,1.5055497136723475,27.74958674732433,3196.015,2.656640378340114,4.185045339068736,-2.0016102751277476,-0.0027788900754442225,32.35366819628823,1.7631888267564881,97.89506890534187
44,2009-07-01 21:04:46,B0036,44,4952.234,,,,,,3595.281,2.697143455219266,4.290021871695731,-2.002785284914044,-0.0045423035349200615,34.70040609904863,1.9854929528970957,110.23775019745862
45,2009-07-14 17:52:00,B0036,45,10489.172,3.139892810073604,4.200040455465227,-2.23636727325396,1.5029656018802198,27.8391403851944,3198.0,2.6612712387136295,4.182247008545814,-2.0023005852526374,-0.0038952925483865847,32.421923396380706,1.7653557308133239,98.0153788907139
46,2009-07-14 22:18:36,B0036,46,10585.468999999997,2.9426421821163737,4.200310185535409,-2.238419603059881,1.502219390213697,26.77689277733354,3183.516,2.6908838763824483,4.184685800633224,-2.001465969186636,-0.0025851565313182957,31.609192155405946,1.7571880383127276,97.56189551558704
47,2009-07-15 02:10:47,B0036,47,10624.344,2.9694141956812534,4.200169137550788,-2.237185159903219,1.5016372962594053,26.324795740744577,3183.797,2.6365640724626367,4.184560765856749,-2.001496102641748,-0.0031563091467514547,31.31596403602263,1.7573770661844437,97.57239064591333
48,2009-07-15 06:03:37,B0036,48,10808.781,2.9525347737218475,4.200501794874429,-2.2358728543471034,1.501168848989261,26.316659103181216,3191.516,2.6235919177171154,4.186186804679722,-2.0024012820224604,-0.00010644246323396269,31.998588265349394,1.7617376127979814,97.81449518101437
49,2009-07-15 09:59:39,B0036,49,10616.407,2.9351025369519683,4.200267351023055,-2.2397124387510416,1.5017048210080204,27.517415935326273,3189.985,2.6614571813493306,4.184681735978706,-2.002520901659237,-0.0024367835461289525,32.98892411466723,1.7606892547636663,97.75628866311378
50,2009-07-15 14:28:16,B0036,50,10536.312,3.1089009399987715,4.200377022335775,-2.2360469473696822,1.5012786956856656,27.68369504016409,3189.734,2.640601067759597,4.1823560692950785,-2.001235039662058,-0.0033660552902839737,32.83558656237567,1.760669562156983,97.75519529803628
51,2009-07-15 18:55:33,B0036,51,10560.766,2.9384052514213805,4.200401546094075,-2.2347832738415083,1.504473150561332,27.14599765338197,3176.016,2.6732282064652693,4.1845961576838935,-2.0006531469147206,-0.0037185791689478983,31.97863874379167,1.752963802649152,97.32735918284561
52,2009-07-15 22:47:13,B0036,52,10591.016000000003,2.961687654654952,4.200620353928565,-2.240482140130677,1.502502213037167,26.736635319558303,3171.36,2.668754575341305,4.184643118766144,-2.0032893275629737,-0.0015116373381807563,31.7958885352369,1.750535708024147,97.19254747861038
53,2009-07-16 02:39:19,B0036,53,10619.391,2.9623904088746666,4.200233427810245,-2.2369175073846885,1.5019639043251738,26.588071671581062,3170.843,2.658195971284472,4.184427133733743,-2.002146271467598,-0.005747797985964901,31.804649399184477,1.7500761995337284,97.16703483092938
54,2009-07-16 06:31:53,B0036,54,10570.531,2.9549144242615455,4.200059534572686,-2.2371869920561185,1.5014359925196934,26.92697713466223,3164.672,2.6846493703739718,4.184330747490862,-2.002911547065684,-0.00187813122034251,32.18425444090601,1.7465957802278385,96.97379637422003
55,2009-07-16 10:59:21,B0036,55,10776.312,3.1362496594200944,4.20088108531369,-2.236098855006698,1.50231234249393,27.01835874964169,3177.453,2.668665957651981,4.1823205235968235,-2.000461299971232,-0.001148153169982941,33.27019350164624,1.753614286788707,97.36347510457631
56,2009-07-16 15:30:28,B0036,56,10466.766,2.948212029307656,4.200249095615293,-2.2367908167072814,1.504290957294446,28.55924287940608,3172.375,2.6672344803975685,4.1847408536372885,-2.0031635045230707,-0.0016813145481529622,32.91813190932092,1.750725029920349,97.20305893364726
57,2009-07-16 19:20:31,B0036,57,10605.265,2.9525975696330575,4.200485250579584,-2.2361678952538138,1.5016610431613187,26.907112086603266,3158.406,2.627654590987336,4.184091920673459,-2.0017017371036148,8.695280144856796e-05,31.48100878915281,1.7433053490810113,96.7911063645292
58,2009-07-16 23:12:40,B0036,58,10603.125,2.954793381995371,4.2005769828350585,-2.238373232224246,1.5017504924538905,26.09160348392822,3141.578,2.6888969070187216,4.184211671090554,-2.0016383842160304,-0.003301866029164543,31.127100398792322,1.7336625052776187,96.25572022536389
59,2009-07-17 03:04:30,B0036,59,10606.375,2.989905222353142,4.200318428650914,-2.2375749751098457,1.5042599547965094,25.81639306361117,3138.187,2.6648936078550007,4.1841757466144065,-2.0017049702320833,-0.0033073689308803526,30.925481627228724,1.7319207051538927,96.15901269152296
60,2009-07-17 07:32:09,B0036,60,10776.875,3.165629349014892,4.200487896096616,-2.2384809852527914,1.5032126768648368,25.421987428824455,3157.969,2.652977190328466,4.181891771142459,-2.001207887684657,-0.00487429143688974,32.53816915596416,1.7428604522751463,96.76640498098763
61,2009-07-17 12:02:59,B0036,61,10545.562,2.955522279907448,4.200576231032508,-2.237142641839446,1.501508646670258,27.878470846196947,3159.281,2.69728379874788,4.184541597131144,-2.0007340815697723,-0.004521276205484642,33.5082870689835,1.743306971099712,96.7911964216065
62,2009-07-17 15:54:10,B0036,62,10429.0,2.963797983598881,4.200035718891175,-2.231900896624575,1.5017373216832328,28.57735195207146,3150.375,2.666438804228148,4.1846109764992505,-2.0010982344783113,-0.0026297144536298602,32.72223824057796,1.738524506272696,96.52566631123291
63,2009-07-17 19:43:16,B0036,63,10565.141,2.9683420646754652,4.200577448249301,-2.2358253382348163,1.5016616757734795,26.68075938974654,3134.078,2.644225504233063,4.184012676032451,-2.0028092511949036,-0.002241506602929431,31.339643544788586,1.7295622663746972,96.02806839146005
64,2009-07-17 23:34:22,B0036,64,10601.171000000002,2.9797466368321572,4.200172855855437,-2.2357997730290013,1.502447235054326,25.970152637366542,3129.797,2.6270672485920983,4.184121216441852,-2.002674380722973,-0.0049112786535840365,31.09122546658414,1.7273036765742085,95.90266786668785
65,2009-07-18 04:01:49,B0036,65,10754.719,3.1699550892424444,4.200595307795194,-2.2363242972098814,1.5015188862256434,24.985892248387724,3161.89,2.681073460503821,4.1715485738177795,-2.0008253955001223,-0.0010534684502271556,32.074525923461515,1.7449370491071912,96.88170096453558
66,2009-07-23 11:55:21,B0036,66,10584.188,3.041716754390599,4.200171908527987,-2.2385161036849173,1.5009133833543793,26.829506608753892,3196.859,2.6173518629094725,4.182622974222649,-2.0015065236323593,-0.0034921534069396005,33.167208512161885,1.7642432071133693,97.95360979224121
67,2009-07-23 16:23:40,B0036,67,10464.969,2.8565656152865317,4.2007149578968574,-2.2366492585492086,1.5015879922628914,27.808723306936354,3171.906,2.6882522902609858,4.184454856344911,-2.002256958212359,-0.0024508433424748656,32.14047774193924,1.7504882032049596,97.1899099349298
68,2009-07-23 20:13:45,B0036,68,10569.391,2.9246449203147384,4.200457735385184,-2.237854072478757,1.5034701082408748,26.4593708063853,3160.8429999999935,2.639398647353621,4.184476537283623,-2.0017569852229236,-0.00238013413971329,31.245399132402053,1.7442710815479923,96.84472537853641
69,2009-07-24 00:05:23,B0036,69,10571.078,2.9212314717467955,4.200055945212192,-2.2386304954468086,1.502618786799524,25.826904523705508,3147.141,2.6623791019309224,4.184024889589791,-2.0013369678430784,-0.0025909202303662413,30.941808328244683,1.7365413923373951,96.41556064790441
70,2009-07-24 03:56:50,B0036,70,10625.235,2.952293085029592,4.200708147038768,-2.237171769025553,1.501764339869326,25.545630364302024,3141.203,2.6561014633579925,4.184261427009467,-2.0049715818869926,-0.004021361825652529,30.729579296950984,1.733223093105756,96.23132335749041
71,2009-07-24 08:24:55,B0036,71,10745.625,3.1260525417609966,4.200502987155417,-2.236617647163672,1.501100569354478,25.267064116063818,3151.047,2.6878503046332485,4.182041097453936,-2.0012836292683827,-0.0028814269596924946,32.241219078736684,1.73860622908762,96.53020369286598
72,2009-07-24 12:55:11,B0036,72,10181.329,2.9595027451496785,4.200959505263959,-2.236324108196822,1.5011034907627538,27.53533172646927,3159.172,2.606635521236163,4.183342596486669,-2.0018795801112828,-0.0002493425725089805,33.273484981762124,1.7432134953746192,96.78600649956861
73,2009-07-24 16:40:21,B0036,73,10451.172,2.9081526920511225,4.200075869943015,-2.23955526590396,1.5026315234764356,27.77912293716307,3141.047,2.684954312438798,4.184140679167282,-2.0029462861761083,-0.0004622856587363358,31.82186022608825,1.7332698214832971,96.23391779188667
74,2009-07-24 20:29:43,B0036,74,10622.0,2.968938428885683,4.2006656772037525,-2.234361583590159,1.5018607049840644,25.98623560621165,3135.0310000000027,2.6296325002671597,4.1842480944363025,-2.000410764991185,-0.0019607522641065717,30.953485299150877,1.7298906291663272,96.04629961980314
75,2009-07-25 00:21:50,B0036,75,10618.156,2.9557022919172105,4.200255644629459,-2.2362422538870117,1.5016385542252038,25.526674588200482,3117.984,2.676552998785705,4.183757537025025,-2.0017891626777025,-0.0006791444227451461,30.594113322212998,1.7204403348841348,95.5216041385864
76,2009-07-25 04:49:26,B0036,76,10808.063,3.1530662768875177,4.200454276473367,-2.239108320440667,1.5008117703904142,24.476907011878026,3125.328,2.62514939238803,4.18290280302208,-2.002006842786516,0.0007794104654733265,30.621050708667628,1.724420729012913,95.74260199859663
77,2009-07-25 09:20:20,B0036,77,10685.218,2.9733977391796818,4.200426902444453,-2.2368833695922907,1.501953967649582,25.438741902383168,3120.172,2.628502877540015,4.183818903348512,-2.002435123952101,-0.001868924294770898,30.73760557478901,1.7214872814061166,95.57973228706051
78,2009-07-25 13:13:17,B0036,78,10707.359,2.9704690678056984,4.200792925464432,-2.234886428212683,1.5009875625793982,25.139793567313763,3116.641,2.619866867748,4.183839437859511,-2.000876302512133,-0.0034961969893167045,30.475687104433288,1.7197448773569262,95.4829912223101
79,2009-07-25 17:06:32,B0036,79,10745.422,2.9774231211989814,4.200381895241051,-2.2354713446506147,1.502422420262125,25.21695704936807,3110.844,2.6612878285284127,4.183940441185628,-2.001371004807907,-0.002028297098875632,30.665478038053948,1.7164304142145894,95.29896691772093
80,2009-07-25 21:00:19,B0036,80,10771.906000000003,2.9952417390495274,4.20059026279898,-2.237058582249167,1.5010780587456998,25.220295793709035,3101.406,2.6699917743429817,4.184066892064025,-2.0017748549858165,-0.003441119150600855,30.48169086494209,1.7112029253299619,95.00872835858492
81,2009-07-26 01:30:15,B0036,81,10787.235,3.177663269654701,4.200702084223623,-2.23803421235471,1.5014643627997581,24.45054096346435,3099.563,2.6688661295694205,4.181908017913433,-2.0016093124428225,-0.002892346132450576,30.501790386236014,1.7102343231599222,94.9549500140656
82,2009-07-26 06:00:25,B0036,82,10792.047,3.0141085158941125,4.200007544557399,-2.236262710077013,1.5020330646364666,25.116648501071623,3104.64,2.6222751020303923,4.1838810012271175,-2.000651458121082,-0.004007693097858745,30.48295279202987,1.713096882151029,95.11388387607035
83,2009-07-26 09:54:53,B0036,83,10773.047,2.9893549510947817,4.200362511324115,-2.2367623629849134,1.5021331497515757,25.30287259861096,3099.875,2.643376209522438,4.183938680731157,-2.0016604514473157,-0.0036297203423590416,30.592002581671938,1.7103708617208135,94.96253085374872
84,2009-07-26 13:48:59,B0036,84,10769.843,2.999610348490965,4.200136460822752,-2.2338765829573273,1.501844233126426,25.07063010108727,3093.25,2.6362266436030413,4.183997413375148,-2.0021616961773727,-0.0006243787020377098,30.424569049276556,1.7064617296121434,94.7454895752815
85,2009-07-26 17:42:54,B0036,85,10775.547,3.0024956328986216,4.2002055857057865,-2.236263093352216,1.5026660057474455,25.10424730564541,3086.688,2.6753943315026825,4.183680554471844,-2.003300958949492,-0.0023388287273444558,30.570652220376168,1.7029429979110946,94.55012395300311
86,2009-07-26 22:12:41,B0036,86,10812.718999999997,3.1909167127784706,4.200808695931273,-2.2366297670027806,1.5007706470639164,24.370918771536083,3094.281,2.626280067476453,4.182869408506432,-2.000588867008761,-0.0021733468925487064,30.460459721443804,1.7072612643840062,94.78988102694905
87,2009-07-27 02:43:12,B0036,87,10757.516,3.006754711426224,4.2003673271629784,-2.2368514252876186,1.5024186497042977,25.11595057252523,3088.328,2.6699754309728454,4.18373987583806,-2.0009417894069323,-0.0009222301194144796,30.547691944309644,1.7038637196766078,94.60124390074198
88,2009-07-27 06:36:51,B0036,88,10744.219,3.018595897333327,4.200526613153148,-2.2356748488446523,1.5015414017514166,25.468538364225786,3095.687,2.6485692977117936,4.183750461912779,-2.0016782403661075,-0.0047761334836207755,31.189572257243857,1.7079617948422274,94.82877560048377
89,2009-07-27 10:30:25,B0036,89,10683.484,2.99461441655667,4.200686044006316,-2.2368544836312756,1.5028808974496448,26.362374229354483,3102.062,2.652784779103966,4.183786894340978,-2.000349526256562,-0.00246056195266762,31.898081785720198,1.7113022833627787,95.01424487577314
90,2009-07-27 14:23:04,B0036,90,10618.578,2.9901772720969038,4.20035246253983,-2.2349550734016814,1.5022191899837893,26.956738275219486,3107.141,2.61112320884266,4.183945554245884,-2.0000502199199452,-0.003075970565862271,32.32306890954346,1.714122057472244,95.17080325259283
91,2009-07-27 18:50:36,B0036,91,10812.922,3.154216514569188,4.200089160776149,-2.2348380716081286,1.504096516341765,25.297191974426802,3090.719,2.6171931724123265,4.182910559206333,-2.002235017468337,-0.0007540310103105808,30.83436798904695,1.7053324925701605,94.68279252527878
92,2009-07-27 23:21:06,B0036,92,10742.593999999997,3.0048705412793653,4.200438460885586,-2.2372570567357264,1.5025681832946793,25.17125538970103,3069.812,2.6630699292303373,4.183616020558508,-2.0029223930258224,-0.003296336828326992,30.287043848864634,1.6934609472531408,94.02366530691928
93,2009-07-28 03:14:13,B0036,93,10811.156,3.03498233138267,4.200202477996523,-2.2360506833908502,1.5026637530538791,24.78213732406969,3064.437,2.659720848238619,4.1835063699815285,-2.001361539543119,-0.0027089901018091493,30.072000414523774,1.6905244127230223,93.860624204454
94,2009-07-28 07:08:23,B0036,94,10808.406,3.039174162356604,4.200553607981388,-2.2376322983749657,1.5012772721777559,24.853530764290635,3083.25,2.6273527452578365,4.1862295732164165,-2.0008765508581288,-0.0055573174849790396,31.093661069729663,1.7007774858498304,94.42989125345566
95,2009-07-28 11:02:51,B0036,95,10785.266,3.0080715083870126,4.2000353783701945,-2.236095287825847,1.502194682508238,25.818727441591122,3076.484,2.679397409659904,4.183727110735532,-2.00062745119498,-0.004541902294402584,31.607623511235108,1.6971104467944576,94.22629136922508
96,2009-07-28 15:32:40,B0036,96,10777.656,3.195884522488299,4.2000451145562545,-2.236078427169917,1.5032045144521498,26.143610281296123,3081.297,2.6638409912727004,4.182211079560967,-2.002252540622426,-0.0030068529543121644,31.68782676208534,1.6997924522951837,94.37520061213418
97,2009-07-28 20:02:28,B0036,97,10717.719,3.01922996644426,4.200079698809301,-2.2371974190098136,1.501407920733127,25.800442318862693,3065.953,2.638750759665419,4.183505107711148,-2.002183949867592,-0.004273027970998495,30.64130472367544,1.6912704773954121,93.90204691052105
98,2009-07-28 23:55:08,B0036,98,10795.0,3.02932571916621,4.201137318868401,-2.2364336231600923,1.5014654537845307,24.993564612879585,3055.828,2.6521564133104056,4.183301376056718,-2.0015266346217415,-0.0019439934467730532,30.35775664232519,1.6857127009469863,93.59347025660702
99,2009-07-29 03:48:56,B0036,99,10810.0,3.0406929805008986,4.200591123912632,-2.2374781503908463,1.5021352883661547,24.91922282699866,3051.468,2.6736629264226712,4.183248853903273,-2.0011249665699338,-0.0019988768067600135,30.46760275047682,1.6832093771286156,93.4544817070127
100,2009-07-29 07:42:54,B0036,100,10812.297,3.047301783807748,4.200628504029496,-2.2369472725480777,1.5018585806086966,25.58887590625053,3069.0,2.665966871855665,4.183494017304386,-2.0009993271431443,-0.0004738434346515472,31.690335464880064,1.692886364169521,93.99176353343411
101,2009-07-29 12:13:05,B0036,101,10813.297,3.2005822556037398,4.200355266008181,-2.236744381095688,1.502650079867007,25.9455301356442,3079.235,2.6818321771597287,4.181646831165721,-2.0019187157474807,-0.0019848066777768095,32.58002111430288,1.6984668174144633,94.30159923942688
102,2009-07-29 16:43:31,B0036,102,10572.094,3.016812424901817,4.200120983436567,-2.235634036546074,1.5024014801798795,27.077231295094183,3070.344,2.6354438765341697,4.183467994187793,-2.0007727144601377,-0.004321306259202696,31.69291039725797,1.6935813413828429,94.03034978191377
103,2009-07-29 20:33:51,B0036,103,10745.296,3.0162313962028566,4.200336442861465,-2.235673903384627,1.5021911183486476,25.733041491781904,3051.4839999999967,2.633581331346773,4.1834014802387,-2.0007517737509772,-0.0033340496688171973,30.608400390292736,1.6830951253781283,93.44813826675448
104,2009-07-30 00:26:46,B0036,104,10810.547,3.037649405912054,4.2001653742932925,-2.236135887952861,1.5010844619520904,25.016780647725728,3054.812,2.6164895194312585,4.18648088216282,-2.001600027914263,-0.002726074927020739,30.399652022711006,1.6850462226942986,93.55646631608705
105,2009-07-30 04:20:49,B0036,105,10810.781,3.033364171338317,4.20050844827305,-2.2388286979410283,1.5015799542554322,24.975091635446812,3046.532,2.662037646915503,4.18650094380192,-2.002715175952081,-0.004967540283571043,30.547315574796166,1.6803098840017598,93.29349720260981
106,2009-07-30 08:50:38,B0036,106,10811.64,3.229492122724853,4.200645490814811,-2.23819665163763,1.5019192556820957,25.381212479554385,3071.782,2.6705894388847278,4.182814594549196,-2.0021347290579303,-0.003233317570064247,32.47851626978816,1.6944038437227715,94.07601642976239
107,2009-07-30 13:20:56,B0036,107,10607.422,3.0214752631925994,4.200511142580565,-2.2372741872092785,1.502270265045914,27.509581436128197,3074.532,2.668638829617292,4.183640043729965,-1.9999099102761286,-0.0019410976716811139,33.085111849545555,1.6955686127180103,94.14068627074447
108,2009-07-30 17:11:57,B0036,108,10584.0,3.0125564157542506,4.200162935363212,-2.237038590604525,1.5032857694171475,27.52697445668887,3053.656,2.6931351824491827,4.1835457131046185,-2.002549456337823,-0.0009657742279999745,32.12056072268224,1.6841854728350405,93.50867610467938
109,2009-07-30 21:02:14,B0036,109,10770.858999999997,3.0429345800656695,4.2007681577431635,-2.2357051292242693,1.5041405874811207,26.0517260996013,3031.953,2.6913462011853904,4.183400261585032,-2.001711879687912,-0.0031204605903022127,30.90915966232928,1.6722180144870118,92.84422364115213
110,2009-07-31 00:55:17,B0036,110,10789.422,3.0641348204273253,4.200209828339245,-2.2373110802796066,1.5027285533868222,25.31536083202422,3023.5,2.6988025346836504,4.183219724741507,-2.001654493324268,-0.0038189754391683823,30.586499493516442,1.6675976965747183,92.58769618729988
111,2009-07-31 05:24:22,B0036,111,10811.891,3.2488699145352573,4.200793396694706,-2.2353727129409213,1.5024839133342955,24.32889071354923,3042.703,2.6523436778902467,4.182242945113323,-2.0002866611264074,-0.0017572444489996166,31.078305845971443,1.6781873787039017,93.17565230747852
112,2009-07-31 09:54:14,B0036,112,3379.656,,,,,,4424.203,2.691307184686052,4.519252349646744,-2.0022312748692235,-0.0029581275082323443,33.98757612493629,2.4440624320786557,135.698262469957
113,2009-07-31 17:33:22,B0036,113,10344.968,3.3014914618615436,4.200384239045567,-2.2358841828679554,1.503191501634097,27.075956598915845,3066.766,2.6565288043863395,4.181498148571605,-2.0014196256892336,-0.00018117967783014865,32.26010764297862,1.6913403148932205,93.90592440030342
114,2009-07-31 21:55:46,B0036,114,10651.062000000005,3.0114187251767968,4.200557297564824,-2.2363595561763434,1.5027558676895902,26.479499381374726,3046.125,2.680162151919943,4.183547797387942,-2.001357263558416,-0.0010211685513373198,31.42619925446257,1.6802787096613283,93.29176635327688
115,2009-08-01 01:47:04,B0036,115,10701.828,3.0444074536724073,4.200321908628482,-2.2361944298322394,1.501920854109788,26.02254059045754,3033.625,2.686423419926791,4.183620162153654,-2.0017591814515625,-0.0024966397016684843,31.20956154006514,1.673147301023026,92.89581911867296
116,2009-08-01 05:39:00,B0036,116,10816.234,3.0576940023538746,4.2004731403503985,-2.237024008882169,1.5028429110280097,25.863088462880437,3028.562,2.672431142055385,4.183446864929328,-2.0011032611231436,-0.0005521842606962627,31.078110221174402,1.6704292090032429,92.74490629440263
117,2009-08-01 09:32:45,B0036,117,10764.218,3.058998437646345,4.200409746317817,-2.2366896238768796,1.5020433805126956,25.750676431171872,3020.984,2.6906755654263526,4.183128389159035,-2.0028682109184794,-0.001808351299128825,31.053614094154142,1.6659903350115992,92.49845289776134
118,2009-08-01 14:01:25,B0036,118,10807.375,3.2335391078373177,4.20062756056661,-2.236187295530311,1.502008429288942,24.965158630346426,3017.391,2.697829479340451,4.180942847373935,-2.000358859987671,-0.003997927239448579,31.06053283354067,1.664241575272447,92.40135895492023
119,2009-08-01 18:30:44,B0036,119,10706.156,3.076355749182267,4.2002442243866085,-2.2368354482135953,1.501940006166241,25.65545067135616,3022.14,2.6506127411002423,4.182939031295494,-2.0016029724530995,-0.0025025601664729817,30.97728291917627,1.6668450767774965,92.54590953019857
120,2009-08-01 22:22:34,B0036,120,10763.452999999994,3.0554144018953595,4.200044154672074,-2.236629526343287,1.5014197678465493,25.633810814345832,3009.016,2.690672074169337,4.183242834674278,-2.001572594962202,-0.0006119110035916644,30.93918723715448,1.6594501560667536,92.13533168309445
121,2009-08-02 02:15:09,B0036,121,10815.579,3.0753541385252032,4.200625238159187,-2.23772729287099,1.5016387227725427,25.602007150020775,3014.672,2.6272249252599598,4.183686841202558,-2.0029223519412267,-0.0015244830444558378,30.926289651305336,1.662412523067319,92.29980704571157
122,2009-08-02 06:08:41,B0036,122,10810.235,3.0533862205163675,4.200614734092296,-2.236536679058991,1.5020518540185046,25.56606931114779,3010.703,2.6243035932050947,4.183358354217051,-2.0012842672903166,-0.0029032140060993175,30.863054927475556,1.6603526083225701,92.18543727838083
123,2009-08-02 10:37:58,B0036,123,10811.25,3.23987742975532,4.200849706049031,-2.2359931464029112,1.502784239958727,24.862180524716134,3011.75,2.6669662761212,4.182728484057378,-2.001199210852871,-0.001471031035100222,31.038017243387284,1.6610231379633236,92.22266615845794
124,2009-08-02 15:07:18,B0036,124,10812.766,3.0722936702037535,4.200464964819908,-2.236428082497803,1.5024265244315405,25.711824903984965,3005.734,2.6573427494924386,4.183421219857983,-2.002800542011826,-0.003048808925054418,31.04050751190746,1.6575187557321613,92.02809724174053
125,2009-08-02 19:00:39,B0036,125,10807.047,3.069669609909638,4.200257512293913,-2.236857028090994,1.5016747430150672,25.639597616570825,2993.75,2.6914302974482167,4.183196106021016,-2.0009413249047436,-0.0008001800237581544,30.957302786226403,1.6507877959674548,91.6543835702575
126,2009-08-02 22:53:43,B0036,126,10815.985,3.085878316081552,4.200256987980346,-2.2341063642743673,1.5024363700233307,25.59123026810333,2998.125,2.641029666264374,4.183209699462281,-2.000552819210372,-0.0030197278406780986,30.945276932009087,1.6532570062110141,91.79147807951642
127,2009-08-03 02:47:00,B0036,127,10815.203,3.0685847025368767,4.200181409758788,-2.236845260620006,1.5025903926845217,25.572145040970046,2990.859,2.6663067674348446,4.183138406019062,-2.0053749047084093,-0.001885403731298549,30.888914324823496,1.6494214846772686,91.57852377811885
128,2009-08-03 07:16:04,B0036,128,10812.266,3.2589763478376055,4.200025190960291,-2.2365288836168893,1.5020678462797117,25.045697472934755,3024.453,2.6520245119510846,4.182486390609512,-2.001066605318924,-0.002068008016375336,32.321489418619095,1.6678591915666705,92.6022148082593
129,2009-08-03 11:45:39,B0036,129,10631.063,3.047419757952139,4.200107437839261,-2.235470010452076,1.5024226475476194,27.74534114624764,3030.765,2.650846498933422,4.183464386226038,-2.002186569861677,-0.0023996198522401855,33.23510488083581,1.670862764324967,92.76897798057168
130,2009-08-03 15:36:25,B0036,130,10815.844,3.038275699731649,4.200737392347529,-2.238315741495089,1.5033937326597973,27.835438221704962,3020.813,2.636443131108017,4.1834582213062665,-2.0017749202505266,-0.004383536933426622,32.672384089467116,1.6658118164053368,92.48854125869255
131,2009-08-03 19:30:06,B0036,131,10811.531,3.041488734532374,4.201004603525648,-2.2348437227487916,1.5027204792134699,26.755144690293683,2998.156,2.6573768263158466,4.183218486473692,-2.0007169882370412,-0.0022988031421050147,31.627875999689845,1.6532998517617,91.79385693314403
132,2009-08-03 23:23:20,B0036,132,10810.342999999993,3.069416496679837,4.200663064122504,-2.236265231749946,1.5025442133704916,26.04853863662082,2986.766,2.661750337550587,4.183226539078387,-2.001325557175692,-0.0013303278426566394,31.234092745007935,1.6468787023528522,91.43734442904258
133,2009-08-04 03:52:16,B0036,133,10810.109,3.259583269817626,4.200299904179911,-2.2352240831979673,1.5026190858033814,24.991544008898256,3032.328,2.6766475071440374,4.174285560234163,-2.0012847325981546,-0.001962028925241122,31.95070753872921,1.6718953249703756,92.82630740212726
134,2009-08-05 12:16:05,B0036,134,10787.516,3.177913464947799,4.200449911648114,-2.2369107163289565,1.5023177005476929,26.2361135354094,3047.703,2.683234032060573,4.181276067644604,-2.008795403935178,-0.0015259772825198835,32.94223311807837,1.6807743463585727,93.31928489689084
135,2009-08-05 16:45:40,B0036,135,10668.625,3.026194762909981,4.200774018683928,-2.2375606778471218,1.5040650114292085,27.405554822784836,3034.968,2.622356052772389,4.18302191595724,-2.0031957722825595,-0.0028642591518349587,31.941852555671353,1.6737717086703074,92.93048723176899
136,2009-08-05 20:37:09,B0036,136,10815.344,3.0339024513931787,4.200198924165382,-2.236496108853425,1.5033952083942672,26.343103480560828,3011.7339999999967,2.6656468752025866,4.183316981130492,-2.002178261848821,-0.001505332380572564,31.44720711271493,1.6605773762487392,92.1979167537984
137,2009-08-06 00:30:42,B0036,137,10814.062,3.063920037160411,4.200381222647672,-2.234306229169115,1.5024634283463756,25.960204801823828,3002.922,2.6416903037262225,4.183031434193402,-2.0011693562380435,-0.003842917971572827,31.12482497372082,1.655987781146086,91.94309507956604
138,2009-08-06 04:24:05,B0036,138,10638.484,3.0634173664555338,4.20017338455614,-2.2353054865598647,1.5026639601032759,25.78792619646039,2986.718,2.6595878021770023,4.182347238057592,-2.000533909313961,-0.0030488079854527417,30.75545169222773,1.6468623183898439,91.43643476516353
139,2009-08-06 08:50:10,B0036,139,10666.125,3.253107738561714,4.201114690249057,-2.234695250843874,1.5016871437187682,25.924212788366738,3006.203,2.687257575540443,4.181133837276345,-2.0017889891565974,-0.0011704315649406672,32.32491302674166,1.6574621175432847,92.02495259873994
140,2009-08-06 13:17:04,B0036,140,10496.344,3.065171444330893,4.200211480833535,-2.2355873732456666,1.5042783042289858,27.663905355859097,3011.609,2.6749338603361448,4.18258237874211,-2.002031476486703,-0.0010409585022826979,32.9527098749988,1.6603991175216894,92.1880195436399
141,2009-08-06 17:05:18,B0036,141,10455.453,3.053167184931342,4.200349669523659,-2.2366457172642975,1.5025383075581051,27.617175244558673,2985.953,2.6883490982654625,4.182469644453435,-2.00172153934365,-0.004170409400170616,31.963338156822648,1.6460789092837111,91.39293863629625
142,2009-08-06 20:52:26,B0036,142,10542.188,3.0783555180252424,4.200070879724355,-2.2369324553904484,1.503127974036448,26.46991789105188,2976.3129999999946,2.6341133806914536,4.182289875103196,-2.000574694144919,-0.0023119550613622045,31.192560893948695,1.6408366462659327,91.10187979361439
143,2009-08-07 00:40:51,B0036,143,10682.156,3.0708764909583808,4.200582317409498,-2.2345638574116355,1.5021287817748603,25.895112324326472,2964.75,2.6535520046660226,4.182381246517502,-2.0014919406194833,-0.003531458937968664,31.01189616418059,1.6344408920281601,90.74677727010297
144,2009-08-07 05:07:21,B0036,144,10794.25,3.2754654281792552,4.200287678816493,-2.236296970422325,1.503896430805807,25.163318742843128,2969.953,2.682065697865543,4.18080325573756,-2.001201969879881,-0.0015601440410522222,31.59342641124915,1.6374039186504212,90.9112892559736
145,2009-08-07 09:35:47,B0036,145,10508.656,3.0830455693105017,4.200341082483201,-2.2350517464163615,1.5020732122772773,27.14156312414778,2988.453,2.623022825320866,4.1824485661725594,-2.000826197482675,-0.0029708101193880662,32.451352345308976,1.64738207540524,91.46529250749045
146,2009-08-07 13:23:52,B0036,146,10531.406,3.048433470437336,4.200720476457314,-2.23674561795435,1.5063759101713998,27.86049185200816,3001.235,2.638877668106794,4.182854046942437,-2.0019806638375113,-0.002090778864827327,33.70907658061942,1.6545646441622355,91.86408023386056
147,2009-08-07 17:12:32,B0036,147,10811.484,3.0365640853138407,4.200783856876913,-2.235567653245628,1.5035005130348973,27.791798616878506,2976.234,2.6345026369215763,4.182728439067422,-2.001594188579669,-0.0031137480951454735,32.3628652503866,1.640896560729935,91.10520634065968
148,2009-08-07 21:05:28,B0036,148,10810.406000000003,3.0584491524787167,4.200698961713694,-2.23637121367843,1.5032970155739236,26.57602708077459,2950.39,2.6856425973144904,4.182876278594965,-2.0004095548319234,-0.003000663629546209,31.558941182174713,1.6265229979339635,90.30716310276362
149,2009-08-08 01:33:53,B0036,149,10812.828,3.289083502446081,4.200332929652042,-2.2328933895462493,1.503478671017892,25.269387762925398,2941.719,2.68786797873656,4.180649883777921,-2.000900382690503,-0.0029080857736414637,31.135887556686384,1.6217349144630457,90.0413210362776
150,2009-08-08 06:02:11,B0036,150,10816.953,3.100432574756339,4.200457978138022,-2.240111639680257,1.5035978925415532,25.650349774359256,2946.969,2.6302060684262494,4.182879997125387,-2.0016097915484665,-0.0031118252397211187,31.04112225235265,1.6248200059639546,90.21261025980127
151,2009-08-08 09:54:44,B0036,151,10816.0,3.0801336281123826,4.200152602833755,-2.2351579338067373,1.5019234672725024,25.68512288893137,2936.171,2.6641914790243417,4.182616597040702,-2.0020912722122786,-0.0025608664380762686,31.054879323980543,1.61880119736137,89.87843636195394
152,2009-08-08 13:47:05,B0036,152,10812.969,3.093510039741359,4.200578284259647,-2.2320342297775464,1.5017013272579107,25.752828799921502,2927.281,2.689303373660729,4.1825067669668625,-2.0014458177637215,0.0007789786857402328,31.10833607101402,1.6137350490334217,89.59715568904863
153,2009-08-08 17:39:14,B0036,153,10810.235,3.103589622774347,4.200321061864041,-2.237046017719514,1.5028025374829996,25.713456398601018,2924.422,2.65147651386545,4.182535478785295,-2.000167970309902,0.0004392437380041023,30.944663670795183,1.612012823654141,89.50153497638489
154,2009-08-08 22:07:14,B0036,154,10812.327999999994,3.3080629550501395,4.200818197925051,-2.2345044520610107,1.5026726419046468,24.844621641800593,3023.859,2.6896892125914618,4.1690491680104165,-2.003950808278935,-0.0008371923327228107,32.6791979812127,1.6671032556887178,92.56024403704228
155,2009-08-17 14:36:33,B0036,155,10813.078,3.1212460877767545,4.200821482784643,-2.2381752935996753,1.503183112588018,27.658426062765713,3056.172,2.6628469651561684,4.181271830692525,-2.0015010947067746,-0.0014894364732493614,33.03296653786076,1.6850133383886254,93.55464052674394
156,2009-08-17 19:06:48,B0036,156,10718.25,2.9712405401775785,4.2001421068475855,-2.236477025431414,1.5028836857351908,27.32162309022555,3045.078,2.626900680068646,4.1830606408887965,-1.9999016673464969,-0.004098358498117174,32.14080730031082,1.6786654987614698,93.20219829918989
157,2009-08-17 22:59:22,B0036,157,10813.672000000006,2.9768996892637998,4.201109428321859,-2.2355766616144352,1.5027893848315073,26.54578737520252,3034.25,2.6081515730092875,4.182456210343196,-2.000618099416812,-0.0016991841945674833,31.54659714469647,1.6729763502191373,92.88632765611821
158,2009-08-18 02:53:20,B0036,158,10813.625,2.984294093425569,4.200859089466052,-2.235946908335849,1.5046552152575077,26.170483326429252,3022.609,2.6357331981420877,4.182764774519028,-2.003239061725877,-0.0009205007233992248,31.32211217550974,1.666489034299654,92.52614148132444
159,2009-08-18 06:47:07,B0036,159,10814.219,3.005194709373746,4.200874035570578,-2.2374818301525408,1.5034644978328193,26.154904890053253,3028.828,2.629018498984386,4.183320176415955,-2.0026397539162186,5.2501204401648626e-05,31.944476209251814,1.6698420840710908,92.7123081773905
160,2009-08-18 11:16:57,B0036,160,10816.469,3.155289642645236,4.200056745839376,-2.2348319732673074,1.5023179156867212,26.652287874696576,3037.875,2.6266603184816235,4.180963257164536,-2.003823480038933,-0.0010127423979090567,32.95970790517297,1.6746744228027035,92.98060736686269
161,2009-08-18 15:46:59,B0036,161,10616.703,2.976328084410085,4.200225416331249,-2.237428647842694,1.5032977876330214,27.80962892697604,3023.187,2.602450788874241,4.182710427278442,-2.0015896507781563,-0.000737279937754776,31.94954978552722,1.6665045335145643,92.52700202257141
162,2009-08-18 19:37:31,B0036,162,10817.984,2.9916046926078415,4.200344817650803,-2.237190684040777,1.5031171194888326,26.040452152985708,2996.922,2.662872873818505,4.182466447324255,-2.0013924851522065,-0.0019442928063618007,31.016509562928245,1.6522220848347273,91.73401758639976
163,2009-08-18 23:30:58,B0036,163,10812.358999999997,3.0332138968767457,4.200293231500868,-2.236082046610093,1.5031897372225405,25.520665829283526,2986.469,2.6641259048235493,4.182351343336321,-2.00099190176043,-0.0030023031428759402,30.717850318637232,1.6462718275099526,91.4036497653395
164,2009-08-19 03:24:08,B0036,164,10818.204,3.0425820118027884,4.200436304614284,-2.23549171465053,1.5023641135820618,25.355358000653577,2979.219,2.6980994427054057,4.182757605057146,-2.0008556099009356,-0.0002785761550558958,30.879779806825745,1.642399234692521,91.18863720687054
165,2009-08-19 07:53:14,B0036,165,10813.203,3.2242972765016185,4.200062902578858,-2.236517653839918,1.502793881588804,25.27050590536366,2995.047,2.649240292513478,4.180861110367055,-2.0021284907747647,-0.0005096135001277358,31.650221324336044,1.651178607099992,91.67608203055178
166,2009-08-19 12:22:31,B0036,166,10812.969,3.024944367698791,4.200547360522529,-2.2375846521534677,1.5029218346697,26.587763387769108,2989.828,2.691344905562854,4.182794520703595,-2.0008221456612882,-0.003297420677409282,32.06625589927076,1.6481683120281931,91.50894562462226
167,2009-08-19 16:15:46,B0036,167,10818.125,3.038919592574882,4.2006757198605085,-2.235166117741144,1.5034207192936142,27.014638512012567,2989.391,2.6312837349184783,4.182556061512275,-2.0017549416670004,0.00017965467151311804,31.895952062496796,1.6478887725428397,91.49342514447562
168,2009-08-19 20:09:06,B0036,168,10815.469,3.0219643453824747,4.2002715341231625,-2.235312533751791,1.503033874654562,26.071968918543185,2967.2810000000027,2.6584363442335084,4.182810830291452,-2.000542886554803,-0.002273119180743892,30.985495506316067,1.635843650915682,90.82466069124744
169,2009-08-20 00:02:02,B0036,169,10815.516,3.0452274478952712,4.200480534646656,-2.236326002981241,1.5033878563100227,25.48626278355567,2962.609,2.6231998193879877,4.182635286848819,-2.0019331296363676,-0.004501590330077511,30.72140290899611,1.6332362811945516,90.67989534641407
170,2009-08-20 04:30:50,B0036,170,10811.14,3.2392112725816986,4.200663571891053,-2.2345899845555017,1.503119443544218,24.520136193021575,2957.016,2.633671931011382,4.180865480888278,-2.000836252082105,-0.003639711638300777,30.525764579406868,1.629926467682987,90.4961291967757
171,2009-08-20 08:59:28,B0036,171,10812.468,3.054100385402832,4.200745353807572,-2.2375892197167673,1.5026463416445033,25.826781428902297,2973.281,2.613160298710749,4.182371604193263,-2.0005565957229483,-0.0010630342319161796,31.861104818689885,1.6387862629287224,90.98803922530281
172,2009-08-20 12:52:27,B0036,172,10678.937,3.0278535575887435,4.2000270339104935,-2.2382092705619963,1.5057359732723998,26.888580944227535,2968.016,2.664776371262019,4.182870580087216,-2.001606404211715,-0.0007685296487351225,32.31201872670814,1.6359654863840773,90.83142519167569
173,2009-08-20 16:43:08,B0036,173,10678.609,3.0431563857039565,4.201182280967453,-2.2361044681652946,1.5042595683771476,27.108997657964647,2959.281,2.632939371611515,4.1827611176443975,-1.999731674892746,-0.0028543974289036585,31.793010248024903,1.631137043967566,90.56334233186121
174,2009-08-20 20:33:39,B0036,174,10814.265,3.042591068211343,4.2009206934255605,-2.236499752200442,1.503067111932733,26.072244620179383,2942.797000000006,2.6282834158429433,4.182395237195288,-2.0012097377908966,-0.0015357841271437709,31.01748043918613,1.6220189720888463,90.0570923708215
175,2009-08-21 01:02:08,B0036,175,10814.5,3.260978115922012,4.200223364155085,-2.2346597040764444,1.5044649493216322,24.68306700665263,2978.89,2.6382695335398956,4.174632559195338,-1.9999922943569635,-0.003308938026291439,32.52627247756125,1.6416044978422155,91.1445121434958
176,2009-08-21 19:26:46,B0036,176,10813.187,3.204467143115698,4.200750586299321,-2.2366006497070234,1.5032245943627096,25.648405297569635,2948.891,2.666855394758346,4.180584396863127,-2.00062580916902,-0.001495597945369605,30.971239918679984,1.6253090231457805,90.23976127731244
177,2009-08-21 23:55:20,B0036,177,10817.047000000006,3.069903352455064,4.200500934810697,-2.23733852488729,1.5023712489773866,25.484505263620903,2938.547,2.645771603606621,4.182361662503121,-2.0014979554620873,-0.003690534190557053,30.76463270446893,1.6196134522239483,89.92353405344005
178,2009-08-22 03:47:50,B0036,178,10818.532,3.0675505758770663,4.200257094393476,-2.2371256300678235,1.5018679162846627,25.324729433596886,2925.484,2.6749192828697232,4.1825612222864805,-2.0001940144005674,-0.0032308298789850164,30.660177115279623,1.6124236174774371,89.52434290768936
179,2009-08-22 07:40:09,B0036,179,10818.734,3.0858022802760443,4.201329299594116,-2.239426218909906,1.5039154869955031,25.286773528596807,2917.297,2.6772635289500464,4.18253016588314,-2.001710053938121,0.002276212136857938,30.586674094126863,1.6077701029913394,89.265972326867
180,2009-08-22 11:32:21,B0036,180,10815.032,3.088996259112624,4.200490346677651,-2.2358665699944913,1.5032017441032537,25.293993028527314,2918.938,2.651409246777448,4.1821683496152,-2.001450125981973,9.414651952537693e-05,30.83253477381729,1.6088077531981582,89.32358432902734
181,2009-08-22 16:00:27,B0036,181,10812.547,3.2832773272267644,4.2003580712810935,-2.2361617606886646,1.5027559534292863,24.66227198922587,2918.25,2.6359845840555653,4.180085195716553,-2.0003216371109183,-0.003137479844123494,30.68860522383244,1.6083556258734268,89.2984814954925
182,2009-08-22 20:28:32,B0036,182,10817.422,3.0755884735876124,4.2005360464892405,-2.2356905300440224,1.503036594783507,25.27865246580887,2915.4839999999967,2.6203632515294,4.18247008024948,-2.0004961722415358,-0.0014564852965377464,30.620490468656016,1.6068202519011539,89.21323507234699
183,2009-08-23 00:20:41,B0036,183,10812.734,3.074565623963551,4.200472615033099,-2.238045092448696,1.5029154863056882,25.230941497368907,2906.015,2.6353503124760125,4.182402126830995,-2.000440096213439,-0.002270068460296021,30.598226708173872,1.601770977206713,88.93289125061146
184,2009-08-23 04:12:36,B0036,184,10812.219,3.084283786542625,4.200466850451207,-2.235569414196262,1.5029141125528516,25.178502213778266,2894.14,2.665160202735034,4.182271283338991,-2.0023852081074316,-0.0037513954755897506,30.522404975221356,1.594911734692208,88.55205511530588
185,2009-08-23 08:04:19,B0036,185,10816.39,3.0977582741297716,4.200388792963847,-2.2349196243214977,1.5028627452734267,25.210595894784095,2892.031,2.6439462094074133,4.182247103438741,-2.000686110880547,-0.0006192413144748796,30.572012594415884,1.5938139125387372,88.49110227025096
186,2009-08-23 12:32:03,B0036,186,10815.938,3.3062228223502306,4.200456390102203,-2.2359405359943545,1.5022641374619357,24.40349825466442,2888.719,2.680823910703161,4.182668785784587,-2.001943170893987,-0.0018800532779207368,30.525594309542488,1.5920273129504596,88.39190739835378
187,2009-08-23 16:59:46,B0036,187,10815.407,3.109459776723322,4.2009719175867515,-2.235115395766183,1.5025497293343093,25.12196127793317,2875.641,2.6584332895177942,4.182325389472558,-2.000646231962556,-0.0023929488624675884,30.460152624234137,1.5847361549778751,87.98709062473633
188,2009-08-23 20:51:14,B0036,188,10816.734,3.103692451192228,4.200668555581291,-2.234943569617326,1.5030139887054166,25.068917248551628,2860.7810000000027,2.6858136443865597,4.181890851070748,-2.0006735329251524,-0.0014623570581874692,30.42634729502671,1.5763429363936798,87.52108568007655
189,2009-08-24 00:42:30,B0036,189,10811.922,3.116179263976046,4.200499185353749,-2.2376984313270083,1.5021061905569495,25.054096460963237,2852.844,2.686590802386354,4.1819812339971225,-2.0000797727236295,-0.0008615651751270003,30.477932880980596,1.5720229174642286,87.28123130693548
190,2009-08-24 04:33:32,B0036,190,10818.797,3.1171128232921257,4.200500097122288,-2.2371988028343464,1.5033280866980578,25.059677134570837,2854.64,2.6569680605487678,4.182031710997783,-2.00109190486848,-0.0018305771025404426,30.47370962894708,1.5729874285512353,87.33478250796945
191,2009-08-24 09:00:42,B0036,191,10814.703,3.3384020362922917,4.20031412795216,-2.236466561857761,1.502875259269432,26.514478603409806,2897.844,2.676038889381632,4.1803143719336,-2.0025068680909213,-0.0037600574303138473,33.14386747805384,1.596985400389019,88.66718835752894
192,2009-08-24 13:28:37,B0036,192,10818.328,3.0823563892595742,4.20105589692898,-2.236987981545459,1.5024167458985278,27.65227457148966,2896.063,2.6188084347235887,4.182098322143219,-2.0019322952392344,-0.002951620378022731,32.934539010545976,1.595726023703856,88.59726574600775
193,2009-08-24 17:20:29,B0036,193,10811.765,3.0672067098710536,4.2006793918540595,-2.233497409984785,1.5036784627429332,27.298490775631517,2866.234,2.645949573946669,4.182097383940862,-1.999949850664628,-0.002143647617364981,31.954024468442526,1.579500338340559,87.69638969542709
194,2009-08-24 21:11:46,B0036,194,10815.328999999998,3.093152986471027,4.200779054660203,-2.2343394212720478,1.5025568113889856,26.19964340428033,2836.609,2.6883439532038187,4.181667072254369,-2.000910525563825,-0.004482573590573888,31.19189073934152,1.5629469877520186,86.77732114650685
195,2009-08-25 01:02:37,B0036,195,10815.813,3.118216506034303,4.2007140627187205,-2.2335778773349206,1.5039044244331454,25.72468708618515,2829.516,2.67894320816739,4.182118777318184,-2.0009899510970475,-0.0024811523923965913,30.99297651094941,1.5591129431541175,86.56444884695392
0,2010-04-14 17:37:11,B0038,0,10573.281,3.1985634218025245,4.202743417705628,-3.2815751319170987,1.5205238852430811,26.36053868420448,1489.953,2.173538006790758,4.1851064801192095,-4.032209213478597,-0.00025376872180587064,40.49651673815248,1.1026236331914077,100.0
1,2010-04-14 21:36:20,B0038,1,10806.983999999997,3.262423754859324,4.201797576343344,-3.397494621017323,1.5197115884875998,26.808856282085628,1479.703,2.191128315273502,4.18694152805074,-4.0325975109048535,-0.0022272240870321123,40.3082686076966,1.0885801879473431,98.72636094299762
2,2010-04-15 01:03:31,B0038,2,10806.125,3.2633860309785154,4.202006664162163,-3.4077048587423207,1.5207583026485598,26.790278260831307,1468.172,2.1749283790642226,4.187310082648276,-4.0324499487623875,-0.00041412524252396103,39.93347404849829,1.0613249847591086,96.254510860359
3,2010-04-15 04:30:29,B0038,3,10806.219,3.266085342094899,4.20197223011736,-3.427733666924387,1.519457899931164,26.72939269281625,1457.0,2.1623047751632316,4.185977695675653,-4.032706809614358,-0.0019194298017491283,39.949996492029705,1.0347062057983545,93.84037985867629
4,2010-04-15 07:57:17,B0038,4,10805.219,3.2672844222272097,4.2019274502426365,-3.429305485990217,1.5195949212820772,26.67822520058874,1437.047,2.1523889970129018,4.187105297284753,-4.0346441626746445,0.0017620786390275987,40.03056196708513,1.0269978594353013,93.1412885158994
5,2010-04-15 11:59:29,B0038,5,10807.094,3.250221605102243,4.201936349605737,-3.347664673133744,1.5179383710513885,26.214741270217427,1170.531,2.1947161370182617,4.18045914385637,-4.031721347243717,-0.0005388688051485031,39.44913263410249,1.0785019710989419,97.81233946322658
6,2010-04-16 13:11:35,B0038,6,10806.5,3.2445334672551103,4.2026739463716245,-3.342541700749642,1.5188937192809664,26.236576850111266,1436.141,2.1463956973341785,4.183492564102866,-4.032751905126723,0.0012198322246428585,40.058567746287395,1.0638897478802845,96.4871163518405
7,2010-04-16 17:13:49,B0038,7,10805.484,3.257675554436925,4.2019896241744075,-3.437578610140103,1.5188235795594045,26.728562493822633,1420.172,2.1983669967426582,4.186120317256443,-4.0320532789938826,-0.0009508024211317454,39.916070861462195,1.0366551223324423,94.01713251256663
8,2010-04-16 20:40:01,B0038,8,10806.625,3.2590175446516763,4.20205695148543,-3.459683463588364,1.5198309625661728,26.723698338726855,1397.0,2.1858064268526136,4.185843165124554,-4.032203977721678,-0.0014249040431507654,40.27645391572808,1.030941327482094,93.49893258664899
9,2010-04-17 00:05:52,B0038,9,10808.453,3.2565375097303244,4.202720219922686,-3.4597730674439497,1.5198723468226374,26.76988663666733,1393.25,2.151862863027953,4.185966509890458,-4.031826212038417,-0.00041401222244704945,40.1754669430076,1.0140084541034655,91.96324326629419
10,2010-04-17 03:31:41,B0038,10,10805.343,3.259403593365722,4.202704884176442,-3.4451590169745465,1.5249759063591561,26.75711161780999,1380.938,2.164578187429903,4.186351056855524,-4.031995207198451,-0.0012602313332138316,40.41336717515726,1.008516095994519,91.4651260535287
11,2010-04-17 07:33:00,B0038,11,10805.765,3.2374698516729032,4.2025546490385315,-3.3891658194639134,1.5181476824554443,26.26207841342003,6375.828,2.180206803089782,4.177730241404494,-1.012296953255635,-0.0008064531856720644,44.29688064198706,1.7419245088095903,157.97997216582465
12,2010-04-21 16:15:08,B0038,12,9431.187,2.4987919460273544,4.20184383070028,-2.3773536613729824,1.519054618169575,45.793167713052156,6574.671,2.1921466685430167,4.186620638463225,-1.0139107230042939,-3.3240669506730966e-05,47.195451017988766,1.779741859708433,161.40973276231983
13,2010-04-21 21:20:08,B0038,13,9354.125,2.3185259779641214,4.202154936719974,-2.1501069980688983,1.51986457608747,45.95148358880298,6571.156000000003,2.16658130125341,4.188933311711306,-1.0102287651459148,-0.0005600544899219431,47.146072926598166,1.7815666306452766,161.57522630716272
14,2010-04-22 01:48:02,B0038,14,9684.859,2.29968010151426,4.202919449305604,-2.1482380492885502,1.5215586656358286,45.904850206831014,6569.11,2.1366453580856253,4.189402399305119,-1.010971995271496,-0.0011494683518749383,47.127641701986995,1.7834859577156017,161.74929541039512
15,2010-04-22 06:21:26,B0038,15,9398.093,2.285277508152116,4.201997917711941,-2.128126524294196,1.520087737917411,45.90459492897931,6558.75,2.1909799678189845,4.189825570933335,-1.0107718854484014,0.0003421780312953933,47.09918641441624,1.7864411650415675,162.01731137132757
16,2010-04-22 10:49:53,B0038,16,9448.985,2.3106162090342406,4.2026837050032855,-2.1720467152339973,1.519186897033103,45.89186321816499,6567.516,2.166402675362294,4.191065310739852,-1.010981301037933,-0.0008776861119403173,47.133209565495285,1.7859997608067948,161.9772791952082
17,2010-04-22 15:55:05,B0038,17,9396.0,2.488977478951743,4.202865264226703,-2.3660201954147144,1.5217619824703417,45.82571018234271,6430.172,2.145739105715045,4.18123625379194,-1.011456158958353,-0.002240173705937403,47.15436113022586,1.7769523773001608,161.15674685449937
18,2010-04-23 19:17:17,B0038,18,9409.969,2.484428242602735,4.201976560742325,-2.3372431384424663,1.5191958832931465,45.89670540261019,6554.327999999994,2.139096537674337,4.185716420658905,-1.0106507915352578,-0.0005589055147479009,47.16342394557887,1.781428917321899,161.56273670334576
19,2010-04-24 00:21:39,B0038,19,9368.047,2.2871798156193526,4.202669599947682,-2.1296454936408287,1.5182498470580654,45.98616942679065,6560.922,2.1550256706410824,4.189329902417763,-1.0102198577009358,0.0003825127180461833,47.14213994735863,1.7859452772697197,161.97233793189451
20,2010-04-24 04:49:39,B0038,20,9400.125,2.292625807641274,4.202001078642656,-2.156761366036795,1.5201395574306853,45.90325806173722,6559.047,2.1776344857025127,4.189967846272303,-1.011735169153586,-0.0003419484616123479,47.07812277465954,1.785208429691551,161.90551117832348
21,2010-04-24 09:18:11,B0038,21,9433.39,2.3162079068687653,4.202325799063613,-2.155910254903007,1.520097983861854,45.90528085075567,6553.781,2.1804158381574807,4.18974503175606,-1.010295900186465,-0.000505416982310994,47.07326100880018,1.783596609584544,161.759330735742
22,2010-04-24 13:47:11,B0038,22,9381.859,2.3106013364109383,4.202915720558821,-2.14388703151303,1.5193038164107768,45.86029364675825,6540.187,2.1075006723313274,4.188353739927258,-1.0110939875613185,-0.0007226677466988103,47.08146790123274,1.7796783152744713,161.40396974109947
23,2010-04-24 18:50:52,B0038,23,9474.5,2.48767875010134,4.202711494077296,-2.240285572579924,1.5185436289900314,45.781998787686604,6535.922,2.1931517470679913,4.1880636486598535,-1.0105864257560286,-0.0006897029922488539,47.087615537529175,1.7841102592788645,161.80591505326055
24,2010-04-24 23:56:01,B0038,24,9408.218999999997,2.3073191437161644,4.202844062795816,-2.1627181910252498,1.5209689075624073,45.87499890482748,6544.078,2.1577326042974923,4.18971330698209,-1.010810008103469,-0.0008946981733087862,47.09422579980021,1.7833032331592193,161.7327236128314
25,2010-04-25 04:24:28,B0038,25,9408.875,2.300922064407064,4.202790971923748,-2.139668025910336,1.519128844081055,45.883884759455896,6531.187,2.1621899189117855,4.188131880621521,-1.0116623289953321,-0.0009220282394920596,47.083185115341905,1.7796186141356956,161.39855527899485
26,2010-04-25 08:52:42,B0038,26,9432.687,2.311561027744642,4.202196063653362,-2.1168926075706285,1.519891175835921,45.90431980331498,6528.562,2.199945094089768,4.188924695577913,-1.0098072976535653,-0.001069921659088593,47.06402084308688,1.7816592334352586,161.58362471140458
27,2010-04-25 13:21:18,B0038,27,9471.735,2.3268378892502986,4.202095414408565,-2.1375393806828766,1.5205531721081467,45.896390103058216,6525.187,2.1302151249881103,4.187542870745614,-1.0104773124547506,0.0009597423739816832,47.07142767555465,1.7775911304124035,161.2146771484832
28,2010-04-25 18:26:16,B0038,28,9526.234,2.4795559223900447,4.202573301381368,-2.33947998136968,1.519466951705706,45.83138970126793,6515.938,2.164304791761506,4.1857951584704445,-1.0109802413886324,-0.0014884668911372863,47.094941474493815,1.777701881971679,161.2247215150233
29,2010-04-25 23:32:00,B0038,29,9971.717999999993,2.2939498755978613,4.202334424007766,-2.168176673590489,1.5196852579305302,45.87445302229694,6532.015,2.103101288221301,4.187443417451479,-1.0098115227107507,-7.184433314482893e-05,47.0995133510692,1.7789547618270618,161.33834866917348
30,2010-04-26 04:09:40,B0038,30,9591.875,2.2780552119444426,4.202932330161394,-2.1602468815770806,1.5186796874632036,45.890271865870346,6527.922,2.1449886066523933,4.1900372622396045,-1.0118882343579725,-0.0018832819877408805,47.07452189489319,1.7807753731135043,161.50346496376739
31,2010-04-26 08:40:56,B0038,31,9518.188,2.2875132977540287,4.202358643750409,-2.1786170157326965,1.5186354181417463,45.871546915499096,6519.328,2.1205293855533207,4.188861157517333,-1.0109780766463656,-0.0012851043492373203,47.12153419194554,1.778415319026661,161.2894251032202
32,2010-04-26 13:10:50,B0038,32,9546.937,2.2720045132821887,4.202048784689153,-2.153162164913677,1.5205707240413548,45.97653718098806,6510.063,2.1339834463152427,4.190060028748116,-1.0107722282787006,-0.0005079937987579698,47.15829653400459,1.7789773899108463,161.34040087294488
33,2010-04-26 18:16:51,B0038,33,9686.781,2.4702901343212273,4.202351712878416,-2.3819889302752135,1.5187240951533394,45.920107817565636,6501.718,2.1093887147366805,4.187583021759709,-1.0108021856673532,-0.001015230201776432,47.161612217353984,1.7792479347236045,161.36493733349354
34,2010-04-26 23:25:03,B0038,34,9566.5,2.2641280054733994,4.202832045420286,-2.1256259578880825,1.5211909723441406,45.96938264340977,6509.047,2.098244904990502,4.1891099360693005,-1.010302645629404,-0.00010929684146614402,47.155567707969865,1.7779204573685081,161.24454472488833
35,2010-04-27 03:55:37,B0038,35,9556.735,2.2661326161002404,4.202068579764424,-2.1457347855261952,1.519499376797164,45.954568303665475,6502.438,2.1367946107881166,4.18915400521565,-1.0140415606547912,-0.000299158440124532,47.13225621283967,1.779227040224144,161.36304235329976
36,2010-04-27 08:25:55,B0038,36,9634.469,2.2836268016125385,4.202679468634746,-2.1585262201257907,1.519742579977221,45.93472968600179,6502.047,2.103206542363035,4.188887533318818,-1.0115553715036771,-0.00014332884907515447,47.13346886842004,1.7760634320079352,161.0761259367659
37,2010-04-27 12:57:30,B0038,37,9887.515,2.271309428531566,4.202757354576207,-2.1348791290385876,1.5212759171167625,45.95776665518423,6498.86,2.1895312972615004,4.187944942179681,-1.012686564574278,0.0012032850265985152,47.176385542899524,1.775103937963957,160.98910675677595
38,2010-04-27 18:09:03,B0038,38,9817.796,2.486381357543095,4.202699262680036,-2.4085560625017406,1.519013457442981,45.95119923890631,3162.047,2.1594623220347016,4.182064571336064,-2.0155210780038173,-0.0015044782014178454,50.154407994251926,1.733064100138742,157.17639709232444
39,2010-04-28 14:52:55,B0038,39,9363.235,2.7154794229816,4.20270963269917,-2.7194923290149022,1.5209223360150146,45.87279666049269,3173.141,2.023065783993831,4.186725946685351,-2.0179602336684033,0.0009989389996633317,50.1979427615177,1.7394892806215223,157.75911455722982
40,2010-04-28 19:00:20,B0038,40,9343.531,2.4798955550509336,4.203081080887495,-2.409145165068261,1.5199593108293332,46.20680314886696,3169.844,2.0028176202456365,4.189706586585002,-2.016707594147861,0.0015932062780928142,50.18895736512512,1.7378064360392924,157.60649270770904
41,2010-04-28 22:31:34,B0038,41,9346.89,2.4935470854583937,4.202790042719162,-2.448740520601214,1.5198975747575818,46.20530835738669,3156.563,2.061244397117138,4.188139594837195,-2.017081976460273,-0.0026688295855706833,50.178407502665095,1.730028145799833,156.90105796050105
42,2010-04-29 02:02:38,B0038,42,9330.485,2.5248619812667767,4.202918062427187,-2.4839318360027343,1.5192949400664673,46.18098281793005,3155.047,2.030738155835073,4.189030830558383,-2.0158658223081836,-0.0008139552240412262,50.182509844874,1.7290404566542985,156.81148168843478
43,2010-04-29 05:33:24,B0038,43,9391.578,2.530528632861513,4.202251349231842,-2.483945646191711,1.5193709300796203,46.17207464076251,3142.312,2.1901431826977382,4.189306425000166,-2.0167581638360677,-0.002292419952746922,50.173666427799,1.7286072907068815,156.77219666547882
44,2010-04-29 09:40:47,B0038,44,9479.703,2.7842981288812103,4.2020685375956,-2.808453043275565,1.5189697018586066,45.74447603528703,1485.047,2.11587711023423,4.17467236177005,-4.032121081634592,-0.0010768430588176817,58.41948951650429,1.52573884649634,138.37349396187687
45,2010-05-04 14:24:03,B0038,45,8733.172,3.0230017116948287,4.202831739808466,-3.1380262657970426,1.518530247328675,45.887326483783916,1489.313,2.052769819032336,4.186501078488458,-4.032714355951809,-0.002002008557110236,58.954810986890266,1.5301475534434217,138.77333184076593
0,2010-04-14 17:37:11,B0039,0,10573.281,3.5587224049170842,4.214637748085074,-2.2559694586963848,1.4944672640908876,25.75670933460284,1489.953,2.4756646285889476,4.201433690744269,-3.9797908406119102,0.001497243525160029,34.602296282226774,0.4729861500927512,100.0
1,2010-04-14 21:36:20,B0039,1,10806.983999999997,3.623698271066712,4.214766871735198,-2.2577685472889137,1.492213330069544,25.806731566152397,1479.703,2.497942856856816,4.202601079177913,-3.979067055149875,0.005367171956079882,34.706915531211784,0.16280793829202067,34.42129082640042
2,2010-04-15 01:03:31,B0039,2,10806.125,3.622098220811412,4.214693406074585,-2.256152589972413,1.4917333550113154,25.817958079402572,1468.172,2.480114715641411,4.20285727861485,-3.9790518292907846,0.0020694124552397574,34.771517765327,0.4787632853388766,101.22141742310902
3,2010-04-15 04:30:29,B0039,3,10806.219,3.6229030705024017,4.214612835823146,-2.256414947380682,1.4921957204766239,25.804645412685264,1457.0,2.4872303300157066,4.203125866428561,-3.9782527352191823,0.0023722115018107223,34.709560141583104,0.4711383364607152,99.60933028764718
4,2010-04-15 07:57:17,B0039,4,10805.219,3.6261721754138394,4.214709108587287,-2.2567008799058206,1.4914372277419479,25.768553499268197,1437.047,2.489183697067473,4.203130606417118,-3.9809499540372766,0.0018462175602695636,34.65890294500357,0.4668172561120673,98.69575589486624
5,2010-04-15 11:59:29,B0039,5,10807.094,3.6187753436085175,4.214681538427754,-2.2581664049649057,1.4927015225406746,25.611156791418377,1170.531,2.498492440398465,4.199225453541231,-3.978769669734932,0.002475045468780367,35.44499437757343,0.4699932676625547,99.3672367722375
6,2010-04-16 13:11:35,B0039,6,10806.5,3.6227266138305945,4.214558016785386,-2.254587282967798,1.491373712631492,25.60646668894674,1436.141,2.4971812527928607,4.201734819728371,-3.9789079743390108,0.0023925587395744775,34.6176662375867,0.4627052684317185,97.82638843462612
7,2010-04-16 17:13:49,B0039,7,10805.484,3.629677711339969,4.214723402875752,-2.2573317456015722,1.4918316203334916,25.795975065208022,1420.172,2.4988010332333745,4.202672121596153,-3.9785204745154576,0.0012351535100332573,34.65017232704175,0.46049447826560974,97.35897725024468
8,2010-04-16 20:40:01,B0039,8,10806.625,3.631143237793544,4.214669937282972,-2.2555477240296278,1.4936651209491205,25.79970680430089,1397.0,2.487295552712161,4.202779797627703,-3.9797138222849955,0.0042437696109340365,34.822277873738145,0.4412227248835694,93.28449147972873
9,2010-04-17 00:05:52,B0039,9,10808.453,3.6306863341117093,4.214773574496782,-2.2577393736110705,1.4918381056265593,25.803125495437154,1393.25,2.4958019219001284,4.202689684084776,-3.982043712047701,0.002970338246661669,34.67233382014022,0.44354421943965844,93.77530808305502
10,2010-04-17 03:31:41,B0039,10,10805.343,3.6336734356633005,4.214683414358574,-2.257177510707991,1.4926693092321288,25.801759809519968,1380.938,2.498934011647546,4.202868370613372,-3.979711977994799,0.004713112417416082,34.74469432520436,0.4126655541164234,87.24685787004564
11,2010-04-17 07:33:00,B0039,11,10805.765,3.6280217619465644,4.214656624095802,-2.2571221644126425,1.490353699536072,25.628570507669178,6375.828,2.4987062304520014,4.197294023274615,-1.0009808343171922,-0.001169568296067401,44.007524345018545,1.7461791006389626,369.18186722730513
12,2010-04-21 16:15:08,B0039,12,9431.187,2.775375903738183,4.214607419064385,-2.256240702887572,1.4981761923637065,45.47160761076524,6574.671,2.473002904156423,4.204972433209606,-1.0025756987118928,0.0005016857859861492,46.67611297517316,1.7695250734505363,374.1177353932113
13,2010-04-21 21:20:08,B0039,13,9354.125,2.5768003829605446,4.214730449121824,-2.0535199866817107,1.4938260890932862,45.61082993178333,6571.156000000003,2.4894344650176916,4.208448210539393,-1.0031061081836674,0.0010422942506089748,46.6383045331837,1.7715391419501945,374.54355515543125
14,2010-04-22 01:48:02,B0039,14,9684.859,2.581694314778738,4.214714628940151,-2.061310815736321,1.4945929168545498,45.56645091129546,6569.11,2.473981445559395,4.206898230242775,-1.0000100485815209,-0.0004797660937087429,46.624310116631904,1.770625483958279,374.35038713312525
15,2010-04-22 06:21:26,B0039,15,9398.093,2.5761460195442143,4.214630239350461,-2.059559675593495,1.49699178082833,45.561791638190684,6558.75,2.4673788761032256,4.207946244454896,-1.0011404247002111,-6.075481354176288e-05,46.60181681852236,1.7704040639447296,374.3035739202001
16,2010-04-22 10:49:53,B0039,16,9448.985,2.570359114354382,4.214608089826396,-2.0567528935905175,1.4940457559836977,45.60948782124888,6567.516,2.458737817987512,4.207227267233697,-0.9997689271977604,-0.000962449630036068,46.64079559317347,1.7695081788801759,374.11416349784884
17,2010-04-22 15:55:05,B0039,17,9396.0,2.7596221809544343,4.214707019039124,-2.243852715477059,1.4951557089854637,45.565199489307076,6430.172,2.4562277920171924,4.197666044398925,-1.0007520082133685,0.00029238402877627083,46.65269866016946,1.7638356274269416,372.91485746063785
18,2010-04-23 19:17:17,B0039,18,9409.969,2.7428631394451357,4.214703430790045,-2.228162215055294,1.494112897207788,45.54522178393937,6554.327999999994,2.4379313646643412,4.2045074487347165,-1.0001244493615749,-0.0005688615748229975,46.637301691869546,1.7715725869786123,374.55062619301054
19,2010-04-24 00:21:39,B0039,19,9368.047,2.551512709313031,4.214606601712171,-2.03493899194832,1.4950974823977123,45.592897387695004,6560.922,2.4476008226100348,4.208084129481043,-1.0009890843051303,-0.0003949523212586567,46.62385161772923,1.7701196454489683,374.2434413992572
20,2010-04-24 04:49:39,B0039,20,9400.125,2.5632339867726905,4.214705859576771,-2.0417879442447564,1.4976995153533825,45.58667752370163,6559.047,2.467377500135635,4.207142953751636,-0.9998789875445321,-0.0005866536966315517,46.59535143073503,1.7667569752860521,373.5324966575863
21,2010-04-24 09:18:11,B0039,21,9433.39,2.578276445111344,4.2146185607557785,-2.062273757218589,1.4947344524409365,45.63816599004251,6553.781,2.457416820096295,4.207099547920701,-0.9998571461225195,-0.0006151380058416368,46.59281927437507,1.7648743629092642,373.13446970131736
22,2010-04-24 13:47:11,B0039,22,9381.859,2.577655526163678,4.214632623427743,-2.056202181866612,1.4994080400983132,45.57069047200011,6540.187,2.4702283951852175,4.2078293027865055,-1.0000003263864055,0.00033039769243414004,46.595538716376765,1.763838685943225,372.91550410035074
23,2010-04-24 18:50:52,B0039,23,9474.5,2.7721592138362383,4.214628113856506,-2.256927642761678,1.493774054638614,45.59949458367212,6535.922,2.47756542534469,4.20415549392574,-1.0004178749173283,0.0011008007880939188,46.61592285314662,1.7657225752056789,373.3138010192108
24,2010-04-24 23:56:01,B0039,24,9408.218999999997,2.589446814455629,4.214706935959305,-2.0740843293179556,1.5001836618446736,45.60891707549904,6544.078,2.480137502417058,4.2074857099225,-0.999529179518921,0.00036947822785172795,46.61306744285817,1.7645632809383045,373.0686999169593
25,2010-04-25 04:24:28,B0039,25,9408.875,2.5978014128848392,4.214794128720131,-2.080446697486679,1.4938747599497197,45.61345471012996,6531.187,2.4411463439008707,4.207192516257174,-1.0024734646700488,-3.1553697800508864e-05,46.60739102749507,1.7608991948479125,372.2940290117597
26,2010-04-25 08:52:42,B0039,26,9432.687,2.5829383781643673,4.214668435277325,-2.0663908793236936,1.4945059315966194,45.551824266278025,6528.562,2.4393843779206725,4.207616345532635,-1.0005732751031589,0.002269167264536598,46.59731896053421,1.7598362095817717,372.069289816768
27,2010-04-25 13:21:18,B0039,27,9471.735,2.5860997132012877,4.214619422376906,-2.0657731684403386,1.4943839288441476,45.631897126272456,6525.187,2.49689484054888,4.207147287931799,-1.0008157279135228,-7.198941599677714e-05,46.60563234024716,1.7590955400143164,371.9126954709695
28,2010-04-25 18:26:16,B0039,28,9526.234,2.8021739160566623,4.2146384640497105,-2.256972829329666,1.494279135723372,45.53926254671954,6515.938,2.465533668800099,4.204165409407158,-1.000236431675222,0.003365804504393741,46.62474216211915,1.7560495443976523,371.2687029109195
29,2010-04-25 23:32:00,B0039,29,9971.717999999993,2.6016043762429577,4.2147125582195075,-2.0810723809191276,1.4942012908510616,45.650959011818145,6532.015,2.487866062972102,4.206316214831835,-1.0006688784958597,0.002214118342777852,46.6386326424737,1.7571677199949287,371.50511059369353
30,2010-04-26 04:09:40,B0039,30,9591.875,2.6220446910109048,4.2146547828711896,-2.100761393007675,1.4950101556349364,45.727122190957665,6527.922,2.480376897645346,4.20729233602744,-1.000189600537282,0.001332031898119838,46.62408082494751,1.7558911269459976,371.23520986854953
31,2010-04-26 08:40:56,B0039,31,9518.188,2.622886226223554,4.214598747013193,-2.106898151969156,1.4947443523586068,45.57242315344911,6519.328,2.4235129554433494,4.207400407989978,-1.002543132516972,0.0012971817137517646,46.6573959514452,1.7533419072229914,370.69624699986804
32,2010-04-26 13:10:50,B0039,32,9546.937,2.6002001928744183,4.214600477481813,-2.0775296416127293,1.4946709073617126,45.81379367778218,6510.063,2.4421166575524973,4.207172779835573,-1.0002377370623996,0.0007773495445484678,46.69850634609825,1.7506673845335168,370.13079224205956
33,2010-04-26 18:16:51,B0039,33,9686.781,2.805121509198524,4.214628905837706,-2.2577850542041333,1.4938599950417886,45.65896940370266,6501.718,2.48916723023537,4.203796739473216,-1.000266726704825,-0.001118737685991733,46.70366699259687,1.7510006664162403,370.20125559128405
34,2010-04-26 23:25:03,B0039,34,9566.5,2.6336581075895045,4.214722041560293,-2.1126707168828602,1.4941763234836962,45.684363269206074,6509.047,2.486277943958813,4.207405098710311,-1.0005563283787113,-0.0009319974467701795,46.69858207228199,1.7496058853847873,369.9063672459954
35,2010-04-27 03:55:37,B0039,35,9556.735,2.6411348076367687,4.214576336436055,-2.123941795696558,1.4976569192910565,45.692627410702556,6502.438,2.4621592876012923,4.2069497463433745,-1.0033647356784487,0.0010895719436704633,46.68478011498361,1.7477359172183355,369.51101356257675
36,2010-04-27 08:25:55,B0039,36,9634.469,2.6392873414970133,4.214641516258998,-2.118884447778885,1.493808181221372,45.71640973342736,6502.047,2.419307605326947,4.20717367641765,-1.001627835766793,0.0013117121933103172,46.691631182155156,1.7444225468099093,368.81049190718016
37,2010-04-27 12:57:30,B0039,37,9887.515,2.6315296912011577,4.214657138875203,-2.112785707826255,1.500974372097525,45.81959068506397,6498.86,2.498091152649448,4.206902271296153,-1.0019022091888887,-0.0003821110311148944,46.752413955353425,1.743308366083936,368.5749288308079
38,2010-04-27 18:09:03,B0039,38,9817.796,2.8558589138801063,4.214718390629379,-2.25786947023962,1.4944913385712766,45.60180387095777,3162.047,2.4729033909981424,4.196674813894532,-1.99287097541368,7.902741237672961e-05,49.300859599002976,1.6556691733888471,350.04601573728434
39,2010-04-28 14:52:55,B0039,39,9363.235,3.1945323089975357,4.214705728100906,-2.2575803277870463,1.4944467949273754,45.5635354525884,3173.141,2.482404434239833,4.204257320385259,-1.9925221850874488,0.0003057882594655519,49.34643167372232,1.64297669457593,347.3625378362025
40,2010-04-28 19:00:20,B0039,40,9343.531,3.0446001014675224,4.214616742883337,-2.2576535219912004,1.4936720165396795,45.81786271844457,3169.844,2.4529055944220666,4.206474730273981,-1.9931619036045067,0.00274980229151992,49.35236153077406,1.6343822729361266,345.54548217017117
41,2010-04-28 22:31:34,B0039,41,9346.89,3.058018156387754,4.214739170420281,-2.2567900366228373,1.4940423795644941,45.83723136712004,3156.563,2.442965370421763,4.206865048530781,-1.993232599772215,-0.0012061721648373171,49.34646841409122,1.6265067062165601,343.8804087387351
42,2010-04-29 02:02:38,B0039,42,9330.485,3.068070588233254,4.214694281057799,-2.256819463230553,1.493716409938804,45.8588988225841,3155.047,2.450251182214539,4.206889463177472,-1.9927135137255618,0.001174161780804926,49.35565140520816,1.618865991735961,342.26498839733597
43,2010-04-29 05:33:24,B0039,43,9391.578,3.085078594597868,4.214641769480486,-2.257028818132624,1.493918125435179,45.87817957899608,3142.312,2.447037438010891,4.206575007421019,-1.9933471273838639,0.000181012364478203,49.368284273788476,1.6114968339209264,340.70698129425494
44,2010-04-29 09:40:47,B0039,44,9479.703,3.2902374305712323,4.214639295595402,-2.2564730916457822,1.4945214684872137,45.583098191723465,1485.047,2.4740907394153795,4.189178895374635,-3.979768153681504,0.0017821461933156953,55.97390404609549,1.3240805773461226,279.94066572276466
45,2010-05-04 14:24:03,B0039,45,8733.172,3.421989770735741,4.214923082076687,-2.2565624009550898,1.4945041661249825,45.59621954065725,1489.313,2.442276380666166,4.204083091786472,-3.979638522408062,-0.0002871382535949633,55.95647115817562,1.3153386221697692,278.0924181208763
0,2010-04-14 17:37:11,B0040,0,10573.281,3.4847713966101304,4.200232783697392,-2.2342609720751003,1.5048254573100164,25.847637118595284,1489.953,2.6944224499802396,4.181329419378459,-3.996235657636858,0.0024089033291458876,34.02922924081149,0.7913062105760345,100.0
1,2010-04-14 21:36:20,B0040,1,10806.983999999997,3.5217051676904467,4.200292201521178,-2.2366826808638782,1.5021023777506655,25.880479607251246,1479.703,2.6769978869674524,4.182169713231169,-3.9959369894327645,0.00486040227928314,34.012090723638956,0.7865824034601745,99.4030367697454
2,2010-04-15 01:03:31,B0040,2,10806.125,3.522642727359843,4.200233992992643,-2.235498686564789,1.5048245793015427,25.888757514345055,1468.172,2.675172001926867,4.1821186375364,-3.9961379781309794,0.002742824583498613,33.978388906178346,0.7795871426061582,98.51902236918559
3,2010-04-15 04:30:29,B0040,3,10806.219,3.5254425387507906,4.200618849572363,-2.2371499612556573,1.5019723480978833,25.87151174518116,1457.0,2.69268420954805,4.181769825430115,-3.99493304951291,0.003588086616917437,33.83721613724266,0.7628241523125163,96.40062748366596
4,2010-04-15 07:57:17,B0040,4,10805.219,3.5299006407407902,4.200177623159738,-2.235427044811649,1.5017629450847647,25.83230189834371,1437.047,2.695919341909784,4.181957861733809,-3.9985251055256823,0.0033590979024455446,33.67935609685469,0.7405021514606399,93.5797219285804
5,2010-04-15 11:59:29,B0040,5,10807.094,3.530714959351167,4.200453921781581,-2.2362436763240146,1.501652792041364,25.733099727742335,1170.531,2.6973035934049494,4.177687640263026,-3.995894881418469,0.0038215675734787177,34.856675647434145,0.7783970881100656,98.36863122095659
6,2010-04-16 13:11:35,B0040,6,10806.5,3.5230418752713395,4.200593714273395,-2.235721567887083,1.5026306370543214,25.733356682666184,1436.141,2.680482862570943,4.181217465945281,-3.9948545437295784,0.0025829022233452297,33.93437846177736,0.7733165409025605,97.7265855577731
7,2010-04-16 17:13:49,B0040,7,10805.484,3.5290361253651414,4.200596026198778,-2.2350844474311047,1.5014024821269039,25.863930247109877,1420.172,2.6867581507978358,4.182275640250018,-3.9961314651946203,0.0023557305933629372,33.87341008861747,0.7589575236409498,95.91198874686751
8,2010-04-16 20:40:01,B0040,8,10806.625,3.53313551851166,4.2004544454149535,-2.2362882032870823,1.5027946271629709,25.86962789978266,1397.0,2.674688015022009,4.181827468882669,-3.996235079267833,0.003996721669523651,33.801632457231946,0.7407399462256391,93.60977284462541
9,2010-04-17 00:05:52,B0040,9,10808.453,3.538000852232352,4.200625563763117,-2.2352293126217315,1.5014631638344769,25.848141578478423,1393.25,2.686289969564933,4.181567286734688,-3.995317141166538,0.004303115440774783,33.841214598826475,0.7446218752617147,94.1003451394201
10,2010-04-17 03:31:41,B0040,10,10805.343,3.5372385107968487,4.20039491438154,-2.237156484218591,1.5024770817144133,25.862058005780032,1380.938,2.6945279873006065,4.181983804533861,-3.995361067358871,0.0025259929997769504,33.68915739169769,0.7149875629820736,90.35535844734437
11,2010-04-17 07:33:00,B0040,11,10805.765,3.540642546794292,4.200467498305495,-2.2363970728052065,1.5011930062795438,25.738891330617058,6375.828,2.682915069119874,4.175387518911088,-1.0054061310164104,-0.000602264768821255,44.27504698193625,1.7075144448533202,215.7842845199368
12,2010-04-21 16:15:08,B0040,12,9431.187,2.8382879704892683,4.200190951892241,-2.2352743298538664,1.5026962235880625,45.42572260466843,6574.671,2.6893633842231073,4.183371957728605,-1.0045560878148372,0.0014828910539338525,46.496780020843715,1.730880859428193,218.7371761139334
13,2010-04-21 21:20:08,B0040,13,9354.125,2.682825197835,4.200430540790101,-2.203712506442686,1.5023002213669323,45.513445804115676,6571.156000000003,2.663011590614207,4.185403574589526,-1.0039916444953547,0.0026229121250043296,46.4678468881245,1.7328212845233328,218.9823940926634
14,2010-04-22 01:48:02,B0040,14,9684.859,2.665669946626242,4.200211593138407,-2.1765601507948795,1.5068260473853232,45.48056264369703,6569.11,2.6936866986118786,4.185139783184118,-1.0035412359730254,0.0018042054143051327,46.45190241544343,1.7317734323431513,218.84997352447164
15,2010-04-22 06:21:26,B0040,15,9398.093,2.6799551146653755,4.2000439534282386,-2.197001971624889,1.5060222185846237,45.47565952325479,6558.75,2.644136217828117,4.185518450705473,-1.0033495846328242,0.0008606575749141533,46.440231939332925,1.7341296392350067,219.14773523294352
16,2010-04-22 10:49:53,B0040,16,9448.985,2.651710989019871,4.200347864575681,-2.1730942613115634,1.5018522826116398,45.48235596268505,6567.516,2.6743889241293513,4.185427919430507,-1.0030055331887324,0.0007631387427286425,46.465222077063906,1.7334756929990074,219.06509387018676
17,2010-04-22 15:55:05,B0040,17,9396.0,2.7895049508355374,4.200555631343796,-2.236238478128929,1.503239770476581,45.47727743923944,6430.172,2.6812131139529,4.1761905648713675,-1.0027747249074535,-0.0001414437506866314,46.49072067213048,1.7243057179457875,217.9062535968942
18,2010-04-23 19:17:17,B0040,18,9409.969,2.798568318509314,4.200259347355486,-2.23742484726517,1.503739171361541,45.49864714863976,6554.327999999994,2.6999262584848243,4.182711714289401,-1.0034382664884212,0.0030001114825820205,46.47888431603475,1.7318975861687205,218.865663256703
19,2010-04-24 00:21:39,B0040,19,9368.047,2.6775307937679274,4.2004749669748085,-2.202362788157662,1.5018871042876565,45.501084328037194,6560.922,2.6709504481448794,4.185107481198763,-1.00341328437475,0.004005889438169884,46.45480276183313,1.7333691208377457,219.05162599140135
20,2010-04-24 04:49:39,B0040,20,9400.125,2.6613654052000464,4.20025424071367,-2.192842701936747,1.506818521529466,45.468228007767074,6559.047,2.677767553221005,4.185322736341408,-1.004224655039593,0.0018124880766567533,46.423098338329766,1.732175650153278,218.90080312807524
21,2010-04-24 09:18:11,B0040,21,9433.39,2.663342754120566,4.200485073944901,-2.1945083516296453,1.5032947949518167,45.446823644509756,6553.781,2.6464594317551624,4.185286474015191,-1.0021217239246465,0.0007810721939000453,46.417883981463206,1.7334832776102866,219.06605236276243
22,2010-04-24 13:47:11,B0040,22,9381.859,2.6463333920750998,4.200258676748789,-2.1799516161346553,1.5091141767975396,45.44740100073103,6540.187,2.654408689336339,4.185544800435261,-1.0037473971660458,0.001534788454942605,46.41962937983974,1.732372495746513,218.92567916096928
23,2010-04-24 18:50:52,B0040,23,9474.5,2.7747126311788883,4.2001378477549585,-2.235741283493235,1.501985812060135,45.411274411481344,6535.922,2.6386466599890395,4.182805883908282,-1.0028648893332504,-0.0007041590317920718,46.437216774742105,1.7338175297202416,219.10829291458515
24,2010-04-24 23:56:01,B0040,24,9408.218999999997,2.6424048366811177,4.200373128106598,-2.1787438552105427,1.5073127248809648,45.46973632274594,6544.078,2.650918288963567,4.184959782592119,-1.0029366943014713,0.002176764517084106,46.440515516123355,1.7329630786357868,219.0003130866709
25,2010-04-25 04:24:28,B0040,25,9408.875,2.648807474254224,4.200100527107846,-2.1835419260927114,1.5022209696439124,45.46710071585051,6531.187,2.6471595195723987,4.184990348881109,-1.0055702938792732,0.0019072602179350617,46.438246093452804,1.7318839084573339,218.86393475878347
26,2010-04-25 08:52:42,B0040,26,9432.687,2.645306062483173,4.200029087827853,-2.1795732094837517,1.5036165107134776,45.45470440699787,6528.562,2.669669356026842,4.1849433685502655,-1.0035201801507372,0.0019278382707148395,46.419799968945064,1.7306960059812662,218.71381556848885
27,2010-04-25 13:21:18,B0040,27,9471.735,2.656072712314063,4.2002336539213445,-2.191879038989231,1.5034667802381592,45.441195416046796,6525.187,2.6833023579431665,4.184970988659253,-1.0023712414422135,0.0022952094998644553,46.41925960985013,1.7296011601947467,218.57545626182775
28,2010-04-25 18:26:16,B0040,28,9526.234,2.7835409695097146,4.2007024849690655,-2.2356392067975093,1.5026539086944868,45.40069771096212,6515.938,2.664835318499988,4.182014111969684,-1.0031895155635666,0.002692904416328267,46.442880190211326,1.7296187381064656,218.57767764104653
29,2010-04-25 23:32:00,B0040,29,9971.717999999993,2.653069841636929,4.200659618194203,-2.1887332759573215,1.5022389896311747,45.458393925611645,6532.015,2.695190974478952,4.185325352263018,-1.0022727458635838,0.003312114946849619,46.455010751151,1.7307198617163877,218.71683029714924
30,2010-04-26 04:09:40,B0040,30,9591.875,2.673054727499716,4.200576744941417,-2.20838875123848,1.5033097616769047,45.4525463379231,6527.922,2.659441128426158,4.18476201200528,-1.004096237718038,0.0016503654453088078,46.42899601057106,1.729274556175907,218.53418222473886
31,2010-04-26 08:40:56,B0040,31,9518.188,2.6560269666614924,4.200505549346072,-2.1911851582752253,1.5016818191345616,45.449385749863204,6519.328,2.645724055946119,4.184831315830137,-1.0023111389899824,0.0006494295255993921,46.44608315517329,1.7297962212599596,218.60010677797507
32,2010-04-26 13:10:50,B0040,32,9546.937,2.6477084885370763,4.200738162794012,-2.173218293646512,1.5051049913815147,45.489462422118734,6510.063,2.686333486141192,4.184646274630554,-1.0020932273329097,0.0028312707466933056,46.477279245422224,1.7268942069037494,218.23336956330093
33,2010-04-26 18:16:51,B0040,33,9686.781,2.7883733595385194,4.200249974767244,-2.236103496451928,1.5021351679377044,45.48439470911848,6501.718,2.67226557137279,4.182435522794885,-1.0026245473984143,0.0021612198677544896,46.50566493668475,1.7272191689306016,218.27443609639633
34,2010-04-26 23:25:03,B0040,34,9566.5,2.660453469024999,4.200279228204512,-2.1905114967779595,1.5035303599804228,45.49854527399584,6509.047,2.6426430588133014,4.184925895802646,-1.0031176329618126,0.0025490018406792996,46.489529302216496,1.7285674981160106,218.44482894399292
35,2010-04-27 03:55:37,B0040,35,9556.735,2.648097440309745,4.200419472661324,-2.172574089988038,1.504786723500094,45.49365786032188,6502.438,2.6490836320353925,4.184718733685154,-1.0071805506029239,0.0001232110301356496,46.47422502580763,1.726636381605547,218.2007873220956
36,2010-04-27 08:25:55,B0040,36,9634.469,2.652231863808183,4.200480126301119,-2.174851134969682,1.5035448037389019,45.475300611635916,6502.047,2.65252579490315,4.1846888191470475,-1.0057632619161987,0.0002453278658436129,46.467598009037445,1.7262424141835067,218.1510003474991
37,2010-04-27 12:57:30,B0040,37,9887.515,2.654416353568841,4.2005992949545705,-2.1822501720255802,1.5078003540875318,45.494686837886576,6498.86,2.6675427612038987,4.184286661063821,-1.0036710316885369,0.004007469729578841,46.50711933936233,1.7252725927602899,218.02844078582058
38,2010-04-27 18:09:03,B0040,38,9817.796,2.7849557576310238,4.200679840943758,-2.234886871904932,1.503040243894334,45.46013930931233,3162.047,2.6781395492001447,4.176406009176324,-1.9993456181076452,0.001446300492050024,48.821116047310866,1.6668026877455053,210.63940424935498
39,2010-04-28 14:52:55,B0040,39,9363.235,3.0821329206275565,4.2002645829866925,-2.2368416937456272,1.5037897958613693,45.46345997861025,3173.141,2.6375556284574677,4.182388453906596,-1.999341108890042,0.0008960653767449273,48.862739172817825,1.666754853762041,210.6333593096306
40,2010-04-28 19:00:20,B0040,40,9343.531,2.9922100573323718,4.200351999909475,-2.2362306531542466,1.5025652060110062,45.63413602456737,3169.844,2.654677503869026,4.184674961031428,-1.9995292630247654,0.0017468007386395815,48.859668212563015,1.6583274448761054,209.56835959481722
41,2010-04-28 22:31:34,B0040,41,9346.89,3.0239187753201717,4.200490467821181,-2.2344138731644554,1.5034683225416323,45.620961122322925,3156.563,2.6785586854358763,4.184986819959415,-2.0008786622241015,0.0008982892019353855,48.84759659003841,1.65032263550715,208.55676518775095
42,2010-04-29 02:02:38,B0040,42,9330.485,3.0472409077597176,4.200316349559603,-2.2339100159884637,1.5030707936540253,45.613873918822634,3155.047,2.619691419158041,4.184706989313181,-2.0047864831033904,0.0001074086444772065,48.86015453747502,1.6493406341242296,208.43266640401893
43,2010-04-29 05:33:24,B0040,43,9391.578,3.039147027610037,4.20032058136326,-2.236900693305214,1.5018020515953105,45.614525333246704,3142.312,2.6631019561941023,4.184343189730703,-1.999637685107115,0.00043409775515326386,48.85593683732135,1.641919055037739,207.49477674925583
44,2010-04-29 09:40:47,B0040,44,9479.703,3.1702294578582473,4.200903875931408,-2.234362278580845,1.501784716273355,45.4358083882308,1485.047,1.7489828090032307,4.168100705327105,-3.995168139661149,0.005174105008398033,49.04132294442338,0.425812451177779,53.81133693716459
45,2010-05-04 14:24:03,B0040,45,8733.172,3.6244969157621076,4.203216507009983,-2.237213056809302,1.4983432891350401,45.271922574944206,1489.313,2.5354681123911122,4.1824060069381375,-3.9957706201861773,0.0035436985419924263,50.17313973556242,0.5569902643736575,70.38871386693582
0,2010-06-16 11:09:50,B0041,0,10803.406,4.143081624504068,4.363548656400089,-0.007860784086867079,1.201181968275194,5.496962912554365,1067.641,1.9012002130732606,4.1926577100385645,-4.027860931751215,0.0011455718787924615,7.793067309492065,0.05569747261227687,100.0
1,2010-06-16 15:06:05,B0041,1,10806.531,4.139118338957169,4.352101422696436,-0.0070488261189142745,1.2207134628639185,5.517533576622091,1048.687,1.964899016000036,4.191826198838155,-4.026399571595533,0.0008631061264894026,7.471857159027487,0.05583901629185397,100.25412944778019
2,2010-06-16 18:26:18,B0041,2,10803.828,4.144124356062508,4.3629376201041845,-0.009384876444997178,1.2227280259729851,5.6295356021210665,1039.984,1.9253389098858817,4.192086560129419,-4.027903394302233,0.0006408213159168877,7.8427380417497545,0.056148059974053,100.80899067882805
3,2010-06-16 21:46:19,B0041,3,10805.687000000005,4.1441085003564675,4.364907828070354,-0.006566590258746243,1.2177014632948915,5.699146778575972,687.328,1.9131372213178368,4.192301938512631,-4.02702139786563,0.00046837181595033045,8.729861757639965,0.05647053159913906,101.38796062120024
4,2010-06-17 01:00:30,B0041,4,9426.047,4.140381272283746,4.36045150786282,-0.006684693558294142,1.2335727681224027,5.713538036065231,1047.531,1.8627826858792498,4.193625714514964,-4.027019202895542,-1.6399831212031727e-05,7.667746337954232,0.044092291840801906,79.16390057361966
5,2010-06-17 04:33:29,B0041,5,10802.828,4.150281796835695,4.37517969549893,-0.04342852571372357,1.1988648562002697,5.668220842043738,1038.375,1.9143969587004501,4.19119960945764,-4.027353321308967,0.0010205586141612685,7.7591749084721195,0.05677191308141789,101.92906503427983
6,2010-06-17 08:29:16,B0041,6,10806.515,4.142667054996881,4.357594356480845,-0.009073189239693113,1.2230318389073997,5.809811207739671,1030.703,1.8935647470508339,4.192541976485373,-4.026893291710312,0.0005444339932608359,7.595487830652279,0.056938376500757296,102.22793572182107
7,2010-06-17 11:49:12,B0041,7,10806.563,4.143920955252688,4.359159702835453,-0.008825732592099582,1.2190578103369953,5.743449879444428,1010.765,1.839446966520227,4.191749338859155,-4.027233078412571,0.0028492775870844664,8.243992753511499,0.04440148411312257,79.71902858539323
8,2010-06-17 15:08:49,B0041,8,10805.016,4.143339700625278,4.36708433454809,-0.008888437783214635,1.206598921365623,5.792562935442885,1025.719,1.976983963738619,4.192711269669948,-4.028689923407233,0.00025908640195605514,7.468945958924572,0.04463435818491618,80.13713386175775
9,2010-06-17 18:28:39,B0041,9,10803.234,4.149385142157077,4.36456041809013,-0.007968975415839621,1.2144061414357805,5.753653974343037,1016.859,1.873021814547241,4.191685049461782,-4.025593484182172,0.0008435982225388236,7.530653071201209,0.04479872243657484,80.43223567508929
10,2010-06-17 22:24:06,B0041,10,10804.39,4.147965809409147,4.380593641410879,-0.02637456192323549,1.1973980406725224,5.624077969058837,1021.079,1.9477419384591268,4.191473973303783,-4.026608825793279,0.0003838386790028171,7.508014036482144,0.04670898780785478,83.86195210868357
11,2010-06-18 02:19:41,B0041,11,10805.093,4.1473844666097905,4.373984377321456,-0.0061749576545114294,1.2042779661867478,5.678047734013728,1010.562,1.848331298599493,4.19266348713535,-4.026925565198509,0.0009460881278900264,7.7964600722995465,0.04495371533089529,80.71051202597398
12,2010-06-18 05:39:17,B0041,12,10803.343,4.1434172859180975,4.362982046274412,-0.011910364411182922,1.2234645290095447,5.941631374412098,1003.313,1.9596888390790306,4.191170886079178,-4.026220736016629,-0.00044032310991563595,7.8034524490998285,0.045219329019542696,81.18739845580609
13,2010-06-18 08:58:45,B0041,13,10804.438,4.147915601022537,4.372846275949059,-0.010793494687369374,1.1968022589164737,5.98652581395862,1006.187,1.9992324205815248,4.191474565768196,-4.026600353147187,-0.0005187670496533973,7.338169121535551,0.04540222414694979,81.51577085553825
14,2010-06-18 12:18:17,B0041,14,10805.344,4.147292795146209,4.367467846097501,-0.00856766332912499,1.218365527901132,5.911427854972996,996.765,1.9251333188603235,4.1914127894156605,-4.027650788959281,0.0023258367985470275,7.996082185455724,0.04567901224974174,82.01271998053488
15,2010-06-18 16:13:28,B0041,15,10803.656,4.151961489476685,4.37853137395895,-0.007041148097020158,1.2154887121293894,6.1030064767373275,999.422,1.9740055332079238,4.190379159747539,-4.027227829304676,0.000268681546977792,7.616516148546487,0.04552080257033988,81.72866816995598
16,2010-06-18 20:08:41,B0041,16,10804.406,4.146007042998485,4.369941975195937,-0.010630170871156364,1.2299431224279949,6.181241065114316,990.234,1.8695092344510635,4.192073381143846,-4.026713712659612,0.014348935166405475,8.204866825805862,0.045728541460242564,82.101645398831
17,2010-06-18 23:27:58,B0041,17,10804.733999999997,4.148030600350839,4.368316751804828,-0.01869515540281543,1.230572371637641,5.92508839728555,608.953,1.9264050760509093,4.1904893432927715,-4.026997259040961,-0.00019235288570000674,8.60158441430347,0.045860512192502,82.33858744677293
18,2010-06-19 02:40:54,B0041,18,10803.687,4.141890965705736,4.369572732937543,-0.005961875529536468,1.2359127009500739,5.814303957565221,586.719,1.9303413820598547,4.192034113238024,-4.027300892979811,0.00037118291706968545,8.142046999932631,0.045983556030275076,82.55950202691845
19,2010-06-19 05:53:27,B0041,19,10496.5,4.1425136299886125,4.368993927496563,-0.006122747366551172,1.2317928521132624,5.888864782187051,575.922,1.9192879295943026,4.191331438635326,-4.026869354986675,1.6889090996621283e-05,8.360837093570488,0.04612876296673401,82.82020853593683
20,2010-06-19 09:36:31,B0041,20,10132.125,4.150778115272371,4.379673906816397,-0.014243768606704921,1.227831725234277,6.003124927797861,1050.406,1.8958889997737756,4.183657953138958,-4.026286824191878,0.0009680326886943136,7.424942900733046,0.0463714545530443,83.25594031141563
21,2010-06-21 16:14:26,B0041,21,10806.375,4.144416615770486,4.376234890882411,-0.008513742622966128,1.206803408799358,5.832252598535701,1040.75,1.8503922251966067,4.190189952777753,-4.02722660963012,0.0013162081957901793,7.9013472750820934,0.04642385425314327,83.35001944578451
22,2010-06-21 20:10:25,B0041,22,10805.687,4.145600935161955,4.367504727508358,-0.007927836619888684,1.2383219712726348,5.8793923876811025,1019.125,1.9189577261874917,4.19007809729293,-4.0270290979278105,0.002116614515053117,7.528844792233565,0.046579469530564604,83.62941323175502
23,2010-06-21 23:30:14,B0041,23,10807.125,4.14555523205435,4.370751105249092,-0.009783534384541628,1.2362259069312753,6.0156619749585545,618.844,1.8900554775200376,4.190880582293337,-4.026309388573787,0.0001997700028285643,8.9516558822886,0.04672600894839656,83.89251209595673
24,2010-06-22 02:43:24,B0041,24,10806.219,4.141513847581272,4.370645138396536,-0.012197677072406364,1.245155880619489,6.274878188501723,1039.547,1.8174460639575951,4.191090626108922,-4.028003656373331,0.0014902855726429537,8.178079824357086,0.046863472432443716,84.13931590517815
25,2010-06-22 06:03:34,B0041,25,10804.937,4.145643392648304,4.368663648072246,-0.026111384246927296,1.244315143040202,6.321133107417835,1004.328,1.8839750015583074,4.189832720082945,-4.026666130577684,0.0021532698467925148,7.858156748807482,0.047123070484888584,84.60540177993946
26,2010-06-22 09:58:57,B0041,26,10806.062,4.148908605325917,4.385476895143367,-0.006852094945158709,1.2163124209518195,5.702577409003121,1005.75,1.8734696416805767,4.190041335900519,-4.027056277337461,0.0006415103510002413,7.290664996377678,0.047089685801538064,84.54546246530857
27,2010-06-22 13:54:23,B0041,27,10806.281,4.1439232990796535,4.368159207268186,-0.00760960993908688,1.2328161650272045,5.64371401390325,995.797,1.886110144063044,4.189984813034986,-4.02788379150145,0.00017331577046563503,7.329912113720836,0.04716816990682447,84.68637389558612
28,2010-06-22 17:13:51,B0041,28,10803.813,4.143223241119654,4.369380188378957,-0.008631213703241625,1.2372064489277008,5.769341192994062,998.921,1.8739632417811318,4.189413584762128,-4.027336921885771,0.0017978492601650278,7.554859379508905,0.047416623395846624,85.13245066957495
29,2010-06-22 20:33:19,B0041,29,10805.718,4.142699044339733,4.369827551467605,-0.006290590320184694,1.2473551801216651,5.921741981777383,989.141,1.8016696485993338,4.1899380782665405,-4.026557611997337,0.00032575533621505314,7.849809440149771,0.04747365818614322,85.23485170793737
30,2010-06-22 23:52:40,B0041,30,10807.077999999994,4.1433671805784975,4.370060298674422,-0.056491323488121456,1.2597912629814623,5.95313560739728,979.203,1.8542865324237547,4.189327989081172,-4.027961352078785,0.0028725804722429657,7.70135529903965,0.04767107168829607,85.58929059518651
31,2010-06-23 03:47:41,B0041,31,10804.672,4.147052833765722,4.387947598313033,-0.04871168653617318,1.2223519860667633,6.072399074859987,994.031,1.843811769338875,4.189084331721328,-4.0264324541097025,0.0001001028563430931,7.894047750295666,0.04775614866793622,85.74203896176391
32,2010-06-23 07:42:56,B0041,32,10804.688,4.141991719602748,4.37111983401951,-0.03011045359679236,1.2536819581029413,6.0837050930082235,971.516,1.8387012636266087,4.189241659101563,-4.02660823219147,0.0005511151310886249,8.037186019526875,0.04783369052905227,85.88125867404034
33,2010-06-23 11:01:59,B0041,33,10803.297,4.141238144259721,4.370666080149074,-0.008136947815029832,1.2485502208928074,6.162232151427096,810.563,1.839823604952559,4.189006943800672,-4.028071616576014,0.0023990220709778957,7.949369169721323,0.047922817158937946,86.04127783775735
34,2010-06-23 14:18:20,B0041,34,10807.219,4.13988471248233,4.3702903042024435,-0.0075953674520462325,1.2498354339599977,5.787417294951576,599.047,1.811117308582499,4.189396334961549,-4.027982365911394,0.002177850736618702,9.047225819573063,0.048108024971614455,86.37380246408246
35,2010-06-23 17:31:13,B0041,35,10802.344,4.137066211576136,4.3681907589764535,-0.008021441695733942,1.2543136429241406,5.7816801982719435,109.078,1.750577605139322,4.189766782198294,-4.02709431360029,0.0010647316852306916,6.867303793453594,0.04808782735825877,86.33753939430858
36,2010-06-23 21:11:42,B0041,36,4877.25,4.1460312779355775,4.377613023536471,-0.016434049024153435,1.219133542442905,5.564570998727753,109.17099999999999,1.7948775590357675,4.1899278595155955,-4.0266875108806275,0.0005095861134542601,7.376798555753924,0.04842261926326617,86.93862933484854
37,2010-06-23 23:13:26,B0041,37,4091.172000000006,4.090357668766781,4.317161563747529,-0.007704052026527834,1.3649874354264615,6.011784239248502,96.484,1.975138784399138,4.191983739835927,-4.026915576815353,0.00034295037115677953,6.443867741135219,0.04798649525462829,86.15560635699487
38,2010-06-24 00:26:01,B0041,38,3046.829,4.099186341028502,4.33023965814282,-0.005486739228030508,1.3172661011673676,6.0347289206084875,109.094,1.7728949542450014,4.192299139301579,-4.027342355246391,0.00037836403349223466,8.159447293088878,0.04822175200495124,86.57798952680335
39,2010-06-24 01:21:25,B0041,39,3301.0,4.091793887963955,4.312333305315648,-0.003943304009610513,1.3585793409612539,6.188102614292219,96.906,1.9302106494417557,4.193421662600735,-4.027238471110434,-0.00038708012406832353,5.5290205453691215,0.04787731566765343,85.95958384133266
40,2010-06-24 02:20:51,B0041,40,3004.844,4.1007429754813085,4.332822364370067,-0.012018384623587517,1.3068173691542453,5.975139617608341,97.015,1.9650910927147995,4.193648125269162,-4.02635645614634,-0.0004599745490634908,7.124961498497141,0.04829032055579415,86.70109843574836
41,2010-06-24 03:51:11,B0041,41,3752.781,4.152898672594949,4.390734196071312,-0.014783259254620217,1.1957373660783615,5.599303016701913,5608.781,1.9984945380049617,4.146039771927649,-1.0084814254402212,0.002126268495120937,9.154846882609299,1.2156494086360898,2182.593485163159
42,2010-06-25 20:55:56,B0041,42,10807.359,3.6057008151374843,4.210063668027039,0.00033023613399205684,1.5120130169229296,6.580554224576014,5703.296,1.9980483774045472,4.165360918422926,-1.0102145854313622,0.0015325716425561905,8.881539906101905,1.1476416320946565,2060.491398027444
43,2010-06-26 02:09:46,B0041,43,10803.25,3.5869863583648405,4.209716286723194,-0.0035515237538969575,1.512356239289133,6.466249156948775,5668.032,1.969259944196061,4.187489255858448,-1.0150463617879395,0.0015277751086007758,8.750669611128531,1.1194574527298193,2009.8891389967089
44,2010-06-26 06:47:06,B0041,44,10805.14,3.597772834766699,4.209571874222395,-0.0028135820537553567,1.512208788163019,6.422827031017316,5634.047,1.9711826686049976,4.186438859109176,-1.012201146303343,0.0034353988646014487,8.86215516188506,1.0841325641850128,1946.466353566728
45,2010-06-26 11:23:55,B0041,45,10802.829,3.6232469045787687,4.21075592805216,-0.0021683313955653235,1.5116888044757097,6.4697679607948455,5582.375,1.992456853950006,4.1865714064230355,-1.0155779321659608,0.015402344614667095,8.671218071184748,1.0607784232892656,1904.5360113080753
46,2010-06-26 15:59:50,B0041,46,10802.656,3.6559340282518593,4.211524592247176,-0.0019681352569057356,1.5120927383845142,6.45038035483515,5567.329,1.9860813942080053,4.187026822244992,-1.0096426599672785,0.0030485900875226795,8.757399436040695,1.0170312865626592,1825.9918069217463
47,2010-06-26 21:11:21,B0041,47,10803.047000000006,3.6978141400708706,4.211711597042146,-0.003774086903167507,1.5127264460721928,6.36422066598716,5528.453,1.9641170559105665,4.163770340966965,-1.0091487810629698,0.002327712188412485,8.639658664137915,1.0000374999808574,1795.4809313204428
48,2010-06-27 02:22:13,B0041,48,10802.312,3.6733569092620164,4.212683745508531,-0.0014834270058229312,1.5112741154328002,6.34726971860068,5513.39,1.9738816345942323,4.187200947787786,-1.009833327026415,0.002167212175422763,8.65548107609068,0.991506494786248,1780.1642485438367
49,2010-06-27 06:57:00,B0041,49,10802.484,3.682088795418424,4.213009970338375,-0.0018439253172306011,1.512418069821583,6.444641122123865,5486.187,1.96202217374659,4.186784389157799,-1.009193591238253,0.004775678671593971,8.759984675272241,0.9655644425371017,1733.587535037041
50,2010-06-27 11:31:20,B0041,50,10802.266,3.6816373992542393,4.214493500015274,-0.002643716813006818,1.5115214509874126,6.3512381383851055,5461.922,1.9654140118768377,4.186125026049552,-1.0088082268326934,0.003460380138785523,8.830297151200996,0.9383311962439673,1684.6925941791114
51,2010-06-27 16:05:16,B0041,51,10803.234,3.6896093034685995,4.215198588236022,-0.0012236007423697096,1.5138247936687883,6.436831061188837,5438.157,1.9863126768890387,4.186746028379296,-1.0103209549778753,0.0022272824153911335,8.799768115250679,0.9298903389240268,1669.5377641229986
52,2010-06-27 21:14:40,B0041,52,10807.89,3.7110484254440164,4.214622635477942,-0.000768320096700205,1.5125043708195063,6.350717922073639,5402.875,1.9630747982406382,4.163158535852763,-1.0124340477235452,0.003805457706842556,8.745105198865453,0.9072117399448598,1628.8202990110033
53,2010-06-28 02:23:34,B0041,53,10803.938,3.694578352977082,4.215372019518911,-0.0003221615018322761,1.5119834864137118,6.511494906066053,5384.438,1.9779431503032714,4.186772472927074,-1.0090835879550415,0.0028049895931582343,8.946917298516645,0.9176870676937323,1647.627844950823
54,2010-06-28 06:56:15,B0041,54,10807.062,3.701125179422955,4.213014123112136,-0.0008083659239661386,1.5119784173040816,6.7253667622845885,5344.859,1.9639398858129093,4.186831658425379,-1.0105284011067648,0.003690648409006258,9.040543925569377,0.9157430721963028,1644.1375689898973
55,2010-06-28 11:28:20,B0041,55,10806.157,3.7025541975875824,4.213489074396513,-0.0017605713972963372,1.5114475590108793,6.376189878027923,5305.156,1.9702983324374248,4.186655518987532,-1.0086893503366123,0.0020335109340240748,8.532733645586704,0.9111662690050432,1635.9203142804784
56,2010-06-28 15:59:45,B0041,56,10804.781,3.7060706894147484,4.215292604482415,-0.005036195326014021,1.5120809014060628,6.27373374644879,5284.547,1.9730383300739132,4.18742749688236,-1.0089940440238492,0.0018133685396086406,8.782675041661408,0.8968901443572698,1610.2887658848217
57,2010-06-28 21:06:40,B0041,57,10808.187000000005,3.714386350559027,4.217824713185597,-0.0024961036672384146,1.5115695338021924,6.32422352063664,5267.843,1.9838761544280692,4.162787419492519,-1.0115567754248007,0.0039332100550204495,8.560357801003482,0.8862133472800153,1591.1194991721682
58,2010-06-29 02:13:23,B0041,58,10805.625,3.707906655579958,4.215206543780232,-0.00251418515439786,1.5117780974854358,6.274708331221537,5229.688,1.9788346452939312,4.187165554713402,-1.0167179389820475,0.0021419900201196506,8.764133478033603,0.8931124136187014,1603.5061767270224
59,2010-06-29 06:43:33,B0041,59,10805.5,3.7011089305712472,4.21611539451348,-0.0030647449536986373,1.5136104180636794,6.32432155739574,5206.954,1.9814002802204322,4.187045396695641,-1.0092383149208406,0.00548263768897364,8.765404824218605,0.880898507091054,1581.577162797304
60,2010-06-29 11:13:20,B0041,60,10803.016,3.700494843318678,4.216925805011436,-0.000830859886609653,1.5123011550634529,6.410361625654565,5179.062,1.9709138772975623,4.186293612544601,-1.009966218358327,0.0015529494938448828,8.755093905294753,0.8798879382023741,1579.7627736674513
61,2010-06-29 15:42:37,B0041,61,10803.875,3.7076674745137908,4.217288569800693,-0.0036926584940314986,1.51193984143083,6.433612379787689,5144.109,1.963309434324626,4.187093036345873,-1.0090929337978087,0.0011829916275836153,8.893802155578395,0.8682347537115443,1558.84048771033
62,2010-06-29 20:47:12,B0041,62,10807.344,3.7160287097682154,4.21703755031119,-0.001779365920657334,1.5125386739917033,6.371187328040647,5142.891,1.969632856814267,4.1622764650624795,-1.0114348379697002,0.002154094041995595,8.81827276383748,0.8443569490395516,1515.969952384227
63,2010-06-30 01:51:52,B0041,63,10805.812,3.704993672212865,4.217279178040275,-0.0032049070984150347,1.5122674838459385,6.3858382443045745,5109.734,1.9745500537070804,4.186536627382842,-1.0109225916210234,0.0023120161465997897,8.817889726396931,0.8657093203148538,1554.306290235571
64,2010-06-30 06:20:03,B0041,64,10804.172,3.7065614181576043,4.216738758122404,-0.004351699094240894,1.5125211546597574,6.441955860461028,5078.937,1.9757714925691652,4.186463574636571,-1.008247978169289,0.001279352101969007,8.813349159884925,0.848696904019178,1523.7619665925517
65,2010-06-30 10:47:43,B0041,65,10803.296,3.705374808769091,4.216872654144862,-0.005478676803030343,1.5123048859421104,6.432774699660181,5051.672,1.9845398354520498,4.186593388980786,-1.0087841111125984,0.0014094178166973621,8.798028132789177,0.8364948433646345,1501.8542209045474
0,2010-06-03 18:29:28,B0042,0,5080.078,4.061299260077181,4.233259886073159,-0.006728237361857121,1.4718048542431315,23.134196847306885,3360.922,2.129158438168119,4.186140431282269,-2.014638801503157,0.0017182819450348265,30.57466734048236,1.7287126633755356,100.0
1,2010-06-03 21:28:23,B0042,1,10803.703999999998,3.104257103927822,4.202972006441163,-0.007229838765636185,1.5209360492174073,24.88380082102146,3289.406,2.1712317301519577,4.187001880186287,-2.0148053114573066,-0.00020116620562418,29.95773352180402,1.7314706281853145,100.15953864793201
2,2010-06-04 01:25:39,B0042,2,10802.781,3.124898030267102,4.202656664275907,-0.006183103528247686,1.519167378131257,24.465672215840407,3244.797,2.0952902803723332,4.187021318592124,-2.015434761164688,0.0020564914579724422,29.657371849977196,1.7282350363146088,99.97237093988805
3,2010-06-04 05:22:11,B0042,3,10802.468,3.102982820197802,4.2020300661134105,-0.0062571542040678425,1.5199706409027736,24.32790671317934,3211.438,2.1366970037230573,4.186893543931745,-2.0155565107237616,-0.0001845581676960956,29.58111945436258,1.720344742291621,99.51594494208335
4,2010-06-04 09:18:10,B0042,4,10802.39,3.123958804760795,4.201933442840452,-0.00702040946112254,1.5183659466176012,24.57768126410447,3175.594,2.168073033459323,4.187506351946306,-2.015995237854003,-0.0003839805140552891,29.852452033753185,1.7221734367707637,99.62172854151463
5,2010-06-04 13:49:16,B0042,5,10802.547,3.388580500785766,4.202327075664965,-0.006136623727894255,1.5174973746992348,24.261768767406622,2646.625,3.3813406435619986,4.182774174856053,-2.0156141177062725,-0.0014793412116017486,29.44940696187815,0.0,0.0
6,2010-06-04 18:11:41,B0042,6,10513.953,3.661146788925058,4.20214140164921,-0.006907343245896847,1.5189140510257824,25.19894056280682,3121.672,2.139145470034486,4.186160728297307,-2.0146673758608302,-0.0016426030143646974,30.133153080135422,1.708669577331945,98.8405773574624
7,2010-06-04 22:01:23,B0042,7,10805.0,3.0643604300621123,4.202751366071644,-0.006103382037958114,1.5191515697443843,25.043682710446248,3102.937,2.0578186631112567,4.185572306171051,-2.016448918600222,-0.0016062938841261412,29.740453708978055,1.7036476485918646,98.55007629002218
8,2010-06-05 01:55:37,B0042,8,10804.266,3.0357271256162166,4.201957358183909,-0.006604568499677105,1.518955763104266,24.717555225031102,3089.437,2.0659696365057045,4.185230831091511,-2.016370882539026,-0.002244777297343679,29.503354124651093,1.6958375743577971,98.09829072730076
9,2010-06-05 05:49:38,B0042,9,10803.594,3.050730573871822,4.2021127674025385,-0.00671230028380467,1.5195745685701423,24.48751372344515,3077.75,2.1287000635251876,4.185842765241663,-2.0173293605362743,-0.0001720142145016335,29.324509292718897,1.6949064846676911,98.04443043519832
10,2010-06-05 10:19:11,B0042,10,10802.406,3.465056928771983,4.201937684169764,-0.007041220090615726,1.5176632891598585,23.406282739742473,3074.875,2.0313187007109774,4.181929749098425,-2.0179688284834034,-0.0032857606579941665,29.22569193760115,1.6874768094352455,97.61464962836727
11,2010-06-05 14:48:40,B0042,11,10805.516,3.057189562835079,4.202341271464621,-0.00590031657977087,1.5196248614291528,24.321482865801453,3061.891,2.1649043558777703,4.185220171197086,-2.018830939124682,0.0004905732385570956,29.238210532728655,1.685989172917945,97.52859504284723
12,2010-06-05 18:42:16,B0042,12,10804.578,3.092688911175281,4.202392369906553,-0.00682578605021334,1.5195380938174252,24.317471318215024,3058.469,2.0349571700229223,4.185080917700821,-2.019325717882185,-0.0028296503882772476,29.20609205353922,1.6782864747774933,97.08302081274867
13,2010-06-05 22:35:48,B0042,13,10802.781000000003,3.071587115704027,4.202625219633746,-0.0067389947748123695,1.5202325112162314,24.304534342538293,3040.75,2.181544114739576,4.184485186999273,-2.0198651097991984,-0.001279701751986286,29.183920322474094,1.6739647640901527,96.83302491817926
14,2010-06-06 02:29:01,B0042,14,10803.484,3.109400956336638,4.20195930048483,-0.007888903223675588,1.519941917086979,24.26578006775423,3037.641,2.113769860085841,4.1847915856010305,-2.019707495930309,-0.002652121454792672,29.153714127894734,1.6722378801237066,96.73313070192042
15,2010-06-06 06:57:56,B0042,15,10803.953,3.5111365389948763,4.201995027273503,-0.006356136443923948,1.5182904043218062,23.26480068089889,3044.828,2.098421577709346,4.184774909668599,-2.019811604847253,-0.002175708409508,29.10632507144163,1.6759897900491967,96.95016560916545
16,2010-06-06 11:27:00,B0042,16,10802.313,3.0985847128691892,4.2019709303390425,-0.007038677931424806,1.518690417837909,24.20222177902673,3030.25,2.037616415551784,4.183886479555269,-2.019941517456099,-0.0028485703598498543,29.126742424015156,1.6618247672847988,96.13076843203487
17,2010-06-06 15:20:03,B0042,17,10802.547,3.0923203544652096,4.202569917434918,-0.006319213325772514,1.5187923587097438,24.23768846211698,3017.578,2.187174985653482,4.185135902762495,-2.020188403345957,-0.00015945041076528602,29.11535255703125,1.6606710352566112,96.06402905697097
18,2010-06-06 19:12:55,B0042,18,10805.141,3.1293385679109122,4.202559013954616,-0.006488955336431082,1.5199010627129352,24.198575851154413,3015.0,2.072733153164181,4.1851821245426,-2.0200971028016084,-0.0007384060495031991,29.12272547212756,1.6530644874507203,95.62401678847527
19,2010-06-06 23:05:46,B0042,19,10802.875,3.1112425564491586,4.202071821517591,-0.006457641810134671,1.5189639333781577,24.236562566373014,2999.454,2.153538168709435,4.1837159565353605,-2.0220817004003178,0.0006422289496137022,29.13774561916092,1.649953986270456,95.4440851407143
20,2010-06-07 03:34:07,B0042,20,10803.204,3.5461696530568076,4.202287769951203,-0.006587262165303143,1.5181597990432023,23.258098250268674,3054.859,2.0832977472531726,4.180907860399083,-2.0208707402093506,-0.0013752044979968077,29.35747712988229,1.681297805444492,97.2572157920993
21,2010-06-07 15:25:45,B0042,21,10803.672,3.475307395339328,4.202076041441997,-0.006719494201100694,1.5184450631940818,24.0817036538795,3034.875,2.199482829433638,4.1839131722082135,-2.0221682438178825,-0.0009057434365643359,30.058298726634376,1.6700520424481298,96.60668761384188
22,2010-06-07 19:54:42,B0042,22,10803.109,3.1154513717415746,4.202014608713862,-0.006681453022510973,1.5195638548631973,25.534942462849695,3030.0,2.053610599291471,4.186499199755687,-2.0194606261451518,-3.264133466017354e-05,30.335552136245834,1.667181860354792,96.44065758732879
23,2010-06-07 23:47:48,B0042,23,10803.687000000005,3.0956723365229832,4.20210817708169,-0.00661591171156662,1.5206700932500998,25.54167181309616,3011.781,2.0842633816547624,4.185720302344454,-2.0196503096891822,-0.00012200872967821821,30.22790176989086,1.6568865613275168,95.84511043565973
24,2010-06-08 03:40:37,B0042,24,10805.016,3.114723667000863,4.202708456107605,-0.005722487107234138,1.5183119217706669,25.358896639198115,2990.25,2.1599889328107214,4.183888714545253,-2.0197092405916743,-0.0016208708068343783,30.04068826163031,1.6449819446579936,95.1564698696632
25,2010-06-08 07:33:06,B0042,25,10802.484,3.1413068055078366,4.20194985640818,-0.007095996390968968,1.5195936472382632,25.154824472067563,2980.234,2.1678081694534352,4.18402917199016,-2.021433558764001,-0.0017287035571895096,29.995148407588697,1.639214585000014,94.8228482227483
26,2010-06-08 12:01:09,B0042,26,10804.281,3.560750426384052,4.201974981203766,-0.005538327356055582,1.517992106302275,24.3827244623461,2994.844,2.0092759412003707,4.1826825462923845,-2.0209567624857296,-0.0008327829483928086,30.299545316589416,1.6410599890208055,94.92959841090209
27,2010-06-08 16:29:29,B0042,27,10806.0,3.115689437141631,4.2028568887354245,-0.006225678757068487,1.5185240791007073,25.793202171855576,2987.672,2.0586265993400703,4.1858935294796344,-2.0209872934269897,-0.0011614647093873423,30.68092451180232,1.6432696512198481,95.05741966459314
28,2010-06-08 20:21:58,B0042,28,10803.312,3.133742515120099,4.202595366552765,-0.008562262423836755,1.5188731736712435,25.96102578316287,2975.1100000000006,2.043267705708337,4.185186392104773,-2.0191972634782047,-5.5944877781625684e-05,30.663435287795615,1.6298673102402295,94.2821409694369
29,2010-06-09 00:14:12,B0042,29,10806.016,3.1410305483118717,4.201953871314286,-0.007450195602938194,1.5189275250771104,25.73663758473645,2953.219,2.1921151659229676,4.184091250625792,-2.0193297812824187,-0.00205587058752552,30.40848004603748,1.6238536344658807,93.93427079403097
30,2010-06-09 04:06:07,B0042,30,10802.829,3.178240309950912,4.202030701039999,-0.005341854239038298,1.5181070535897594,25.47349784080474,2955.484,2.009457332273357,4.185322505991986,-2.021266928188253,-0.0013207371739492463,30.239404481904074,1.6186308887044174,93.63215316210102
31,2010-06-09 08:33:48,B0042,31,10802.265,3.585845302921447,4.202020496320327,-0.006712888829879208,1.5181375922026663,24.253230288110814,2957.016,2.022898050960585,4.184033603294302,-2.019754051447638,-0.00042129067195272854,30.138707501965232,1.6193418112441196,93.67327755221882
32,2010-06-09 13:01:30,B0042,32,10805.875,3.159376281773685,4.202676014405489,-0.007176438820230959,1.518184579326216,25.454190224642467,2948.219,2.0786601580627257,4.186164958491378,-2.0194164856966417,-0.0010122095977501732,30.49092272629849,1.614593271326993,93.39859107494998
33,2010-06-09 16:53:21,B0042,33,10804.343,3.172340504434913,4.202066359770153,-0.005851639094324073,1.5178858488547453,25.735280328602766,2935.5,2.0245603644426806,4.18461988628569,-2.018937306071589,-0.002880976739829788,30.52916769412123,1.6072040891927848,92.97115265266297
34,2010-06-09 20:45:00,B0042,34,10805.5,3.171060312702142,4.202818743797355,-0.006551520636027161,1.519230791445555,25.399549827544202,2913.797000000006,2.1378818450405794,4.184040894709915,-2.0197870445936115,-0.0009847832694445762,30.179619049814637,1.6012663590062357,92.62767566470853
35,2010-06-10 00:36:17,B0042,35,10803.484,3.20152854662085,4.201997107476515,-0.006411652127980081,1.517930646419591,25.061633325596564,2900.703,2.1834760399486535,4.184856050801538,-2.019731795851263,-0.002366089076090569,29.93310245467766,1.5940407410631041,92.20969886056905
36,2010-06-10 05:03:07,B0042,36,10805.328,3.6252097904594662,4.202047708418428,-0.005601291178325413,1.5173109229501323,23.780879423400766,2914.031,2.0156684625826635,4.183683003795162,-2.0193579089897273,-0.0006941638440918704,29.855112852408766,1.5946888289374477,92.24718848438415
37,2010-06-10 09:30:14,B0042,37,10805.453,3.18622322396839,4.20216812793584,-0.006712468444046491,1.5189815152676411,25.1150789766601,2901.968,2.0632481862122884,4.184611325870051,-2.019389721774823,-0.0006398187790150943,30.257387669276046,1.5882100957302596,91.8724163580241
38,2010-06-10 13:21:20,B0042,38,10806.391,3.1946604088893245,4.202993913969835,-0.005836894064012277,1.5177055507848958,25.525424996601117,2901.734,1.9973214087149431,4.185413957037178,-2.0213797301297833,-0.00039291175473987077,30.562785800580222,1.587985558077698,91.85942763772843
39,2010-06-10 17:12:28,B0042,39,10805.922,3.186675958973613,4.202043439978875,-0.006691800658845387,1.51863144960653,25.680301485446304,2887.407,2.040034213071634,4.184723241072492,-2.019502208637406,-0.0014477021978065545,30.59004134732037,1.5799165406650344,91.39266311499347
40,2010-06-10 21:03:21,B0042,40,10805.39,3.2011830228222067,4.2028924147137765,-0.006933869078286236,1.5175184787349505,25.446405342788754,2861.937,2.11763338483894,4.182701394192162,-2.02072945969767,0.0007887257964197284,30.190272809188617,1.5655946193652834,90.56418990465754
41,2010-06-11 01:29:36,B0042,41,10803.094,3.6426567092229476,4.2020243683696465,-0.007563845280712279,1.5178725485734148,23.92399598245707,1055.25,2.166646513631925,4.181775825418943,-4.032113976084337,-0.001300388626828951,24.183402923813027,0.07070127737340176,4.089822378887903
42,2010-06-11 13:12:12,B0042,42,10806.266,3.7831625674427256,4.201706181141841,-0.0016135027430758282,1.5162767138275934,5.943695474697144,1012.187,2.1499182639223604,4.178606054628232,-4.034013050651154,-0.0014040617202484493,23.826987359225914,0.08416878530139071,4.86887075478699
43,2010-06-11 17:07:40,B0042,43,10803.094,3.683888642679149,4.20228320357413,-0.002846505864875064,1.516983969862937,7.261663752820549,991.172,2.1626004782242956,4.187711795130632,-4.034190401454665,-0.0015910768541789232,23.77974968565753,0.08443785621465827,4.884435568938473
44,2010-06-11 20:26:56,B0042,44,10805.765,3.6875286996164647,4.202333823343818,0.0015341990392749756,1.518210368262643,7.321099819072225,982.094,2.174009268733748,4.188160354925031,-4.032988970431842,0.0010617334447227764,23.729074463498662,0.08478919060590338,4.9047590384593756
45,2010-06-11 23:46:05,B0042,45,8483.202999999994,,,,,,1063.609,2.1861984912538444,4.147325113187213,-4.034270870730653,-0.00047393607634380486,24.093822128089528,0.09334258183442584,5.399542897554898
46,2010-06-16 11:09:50,B0042,46,10803.406,3.7557835876194012,4.201866783155404,-0.00039423130282028874,1.5185254068357739,6.167182304415417,1067.641,2.1758569457027304,4.178007633870366,-4.035551171922283,-0.00046395737528633736,23.99346261249294,0.10603180131397782,6.133570000403479
47,2010-06-16 15:06:05,B0042,47,10806.531,3.6791408320628576,4.202281352173555,-0.0026583969007050083,1.5186379171692463,7.082133536186223,1048.687,2.1928857082631903,4.187777600667363,-4.0336360496244295,-0.00124516242122111,24.134267829139272,0.106505866207118,6.160993001529327
48,2010-06-16 18:26:18,B0042,48,10803.828,3.6821336809948186,4.202222424416401,-0.0018646661757065837,1.517546720614724,7.214797001819842,1039.984,2.1962120524397566,4.187801760321389,-4.0344969748098904,-7.243994267375294e-05,24.399198659580694,0.09439111585512952,5.460196934684254
49,2010-06-16 21:46:19,B0042,49,10805.687000000005,3.6836675169212123,4.201940709928624,0.0006425882401475101,1.5169501965945653,7.272485538706172,687.328,2.177441070098024,4.187724346556428,-4.034666797827482,-0.0023372383400789612,19.290333517015608,0.09450595927387112,5.466840226029002
50,2010-06-17 01:00:30,B0042,50,9426.047,3.7516205140329326,4.202542923908464,-0.0022681809764490157,1.5171945924722248,6.926975256117324,1047.531,2.1475982200987445,4.184585351637899,-4.034572987789034,-0.0010899874353723059,24.880141621063864,0.08211456108215626,4.750041046255595
51,2010-06-17 04:33:29,B0042,51,10802.828,3.7817058126742324,4.202832783946542,-0.0020876255358806984,1.5175425357055712,5.920166332032702,1038.375,2.1889636369151995,4.174370629404978,-4.03512977633892,-0.0008747962133831193,24.484790248053308,0.09518470631946747,5.506103376000439
52,2010-06-17 08:29:16,B0042,52,10806.515,3.68284911660739,4.202608755002486,-0.0033930511826136805,1.5179047930983447,7.209928601578606,1030.703,2.1591530449897105,4.187149567075233,-4.03420892483412,-0.0008121114595693276,24.324380281877854,0.09539129998659052,5.518054099304544
53,2010-06-17 11:49:12,B0042,53,10806.563,3.684547976307838,4.202053152316596,-0.00252675848829324,1.518229101500185,7.068732580652726,1010.765,2.1872998670546773,4.186990272639876,-4.03394881658736,-0.001861892207628201,24.31173812149945,0.08289664565854568,4.795281912072029
54,2010-06-17 15:08:49,B0042,54,10805.016,3.6900163289732006,4.202112986354036,0.001021929506528701,1.517883140901175,7.136067450067132,1025.719,2.1645340110741715,4.187147788668544,-4.034576773439992,-0.0010553441197214642,24.798155128694976,0.08343199036452603,4.826249736703741
55,2010-06-17 18:28:39,B0042,55,10803.234,3.685189138959237,4.201891538708712,0.0008576659500316251,1.5184149607458814,7.203747780137148,1016.859,2.1770285343272047,4.18639765148157,-4.034351864470546,0.0003041886385817139,24.477937441374635,0.09624772156495698,5.56759510149135
56,2010-06-17 22:24:06,B0042,56,10804.39,3.7874260260570907,4.201979614865103,-0.004833266235442261,1.5167268454557912,5.899988490826723,1021.079,2.141111284495936,4.171541055891453,-4.0360153311832665,0.004795592661441842,24.426888204419104,0.0871279249656989,5.0400466666085695
57,2010-06-18 02:19:41,B0042,57,10805.093,3.686654082398594,4.20284064567638,-0.0021244773383127507,1.518413959490956,7.102278875563002,1010.562,2.169659057289744,4.185612994515991,-4.034406713148468,-9.72148222703691e-05,24.529804368213707,0.09681912182757578,5.600648614358148
58,2010-06-18 05:39:17,B0042,58,10803.343,3.688256142166039,4.202094488188615,-0.001840220326753937,1.5176616978766913,7.196714961068667,1003.313,2.181654361966916,4.185815228961297,-4.03395759066338,-0.0017411040008431158,24.521420210496924,0.08440054891345107,4.8822774716445965
59,2010-06-18 08:58:45,B0042,59,10804.438,3.6905254613634684,4.20287393154556,-0.000801646499228208,1.5173009583122499,7.100343914312286,1006.187,2.152597184317211,4.185190800042781,-4.035821871740746,0.000757118118019328,24.626500323697712,0.09770121716674529,5.651674754089613
60,2010-06-18 12:18:17,B0042,60,10805.344,3.6889849463606232,4.2026230420054835,0.0006739846540252929,1.517121441113295,7.1362328960005295,996.765,2.1543073222809688,4.185054518834841,-4.036045295099187,-0.0029838713042761194,24.561944088587065,0.08517426476572666,4.927034235950633
61,2010-06-18 16:13:28,B0042,61,10803.656,3.791210196749104,4.2028865021134285,-0.0011551770040980017,1.516703205829584,5.803119242766472,999.422,2.177098848593695,4.168001002398225,-4.034780378871755,-0.003022715826767279,24.349376846518034,0.08471993544879124,4.900752869095352
62,2010-06-18 20:08:41,B0042,62,10804.406,3.6907124035166983,4.20255715341928,-0.0007303739581767119,1.5170373965988952,7.087635105835575,990.234,2.1860372690383523,4.184494029120111,-4.033579787707524,-0.00303181205559452,24.83962802826491,0.08548836969893649,4.9452041111337355
63,2010-06-18 23:27:58,B0042,63,10804.733999999997,3.6927408052134303,4.203053287093307,-0.0020597652478127975,1.519043203903115,7.056609138601379,608.953,2.1515100073583078,4.184245249283899,-4.03486917319316,-0.0002365954410871517,18.66421642737719,0.08577749933433501,4.961929252420892
64,2010-06-19 02:40:54,B0042,64,10803.687,3.784921296943254,4.205645795850926,-0.0005982638374401218,1.516860450037765,6.555237226196823,586.719,2.186039852986656,4.188328512345139,-4.034128418138735,-0.0008738851024605422,18.036688378070966,0.08595553255245832,4.9722278533333
65,2010-06-19 05:53:27,B0042,65,10496.5,3.7948557079275194,4.205610495015983,-0.0027326945127681026,1.5157551467581927,6.590272224969528,575.922,2.194439659521147,4.183150067115272,-4.035982933293039,-0.002320109755672334,18.05907472602224,0.08614796979658328,4.983359676926772
66,2010-06-19 09:36:31,B0042,66,10132.125,3.893119575544792,4.2049755625949405,-0.0004517192935578073,1.51411453536878,5.580163810910925,1050.406,2.1996590897894817,4.146111713893696,-4.03581430505571,0.0008740084244236819,24.765477730551947,0.08652450808993331,5.005141104304922
67,2010-06-21 16:14:26,B0042,67,10806.375,3.7780040424802426,4.201944238783851,-0.002506207503592991,1.517777045648647,5.924545275318911,1040.75,2.1361070306368717,4.168085841455298,-4.034670379890685,-0.0013796716649676448,25.247650848522692,0.08676036428685732,5.0187845629271015
68,2010-06-21 20:10:25,B0042,68,10805.687,3.6842272603938886,4.202922070626076,-0.0016394100658680404,1.5177939929397377,7.138232574002386,1019.125,2.1419779252621813,4.183024595509789,-4.034567644462774,-0.0016879895212775884,24.850317398468412,0.08662025389371077,5.010679665212464
69,2010-06-21 23:30:14,B0042,69,10807.125,3.6885353990920517,4.202046257723798,0.00010366836083904748,1.5176495883627346,7.185085362690994,618.844,2.1988863560155885,4.183194814686632,-4.035671934777944,-0.002427445657589341,18.864531156596232,0.0869802394927499,5.031503576939715
70,2010-06-22 02:43:24,B0042,70,10806.219,3.7903094201574965,4.205666370525361,-0.0007303513634288383,1.5170472632231076,6.63717142275604,1039.547,2.122954770697664,4.187955458211665,-4.0334227980197594,-0.000527700833343363,25.750153086607327,0.07387787113473963,4.273577252016163
71,2010-06-22 06:03:34,B0042,71,10804.937,3.688159735900539,4.202176463823388,-0.002677504409178262,1.5178711322877845,7.1964390108901926,1004.328,2.152849839303629,4.182683957990996,-4.033737999973946,0.0008490808760314476,25.210180888220314,0.08775865702231889,5.076532316883635
72,2010-06-22 09:58:57,B0042,72,10806.062,3.7848563606943855,4.202244366157337,-0.0015375507471606833,1.5165623265575678,5.863287238742853,1005.75,2.196522899315092,4.162514481062673,-4.033875415877974,0.000294010211596314,25.400612986280134,0.08790576300272998,5.085041884929713
73,2010-06-22 13:54:23,B0042,73,10806.281,3.689059708848987,4.202554180094201,-1.7062283719208473e-05,1.5171920144871367,7.216919935170547,995.797,2.197996842344396,4.182351033163065,-4.035122004029501,-0.002047659702682906,25.47246500800018,0.08808784882200178,5.095574914688184
74,2010-06-22 17:13:51,B0042,74,10803.813,3.6919075384184996,4.202280620339015,-0.0030755765500665617,1.5192673576878644,7.297562152152464,998.921,2.1297135396833,4.18217351248383,-4.034188562278321,-0.000504340603270576,25.7066698253335,0.08834250268158712,5.1103057525527085
75,2010-06-22 20:33:19,B0042,75,10805.718,3.6901431017917585,4.202351064552897,-0.0010315379029842613,1.5183707551224186,7.318515940899813,989.141,2.167460006041706,4.182212563987984,-4.035608644890248,-0.0013759515805679718,25.73079046383608,0.07463055332745072,4.317117292455352
76,2010-06-22 23:52:40,B0042,76,10807.077999999994,3.69291045634812,4.2020966874131345,-0.004268914783204596,1.5179710556001065,7.287058507362182,979.203,2.188428099048639,4.182029042319134,-4.03477323779569,-0.001986074495312301,25.610151874322735,0.07485698665122698,4.330215670721067
77,2010-06-23 03:47:41,B0042,77,10804.672,3.789653077201875,4.202070237128592,-0.004048391756199125,1.517670169489588,5.9731109179008515,994.031,2.1364927300394707,4.1594358105794,-4.035478262157419,-0.002589487570254189,25.871001272619925,0.07527573643141765,4.354438885432355
78,2010-06-23 07:42:56,B0042,78,10804.688,3.689494127675644,4.202154345242508,-0.0007542140786447795,1.5167834283320676,7.33814328970953,971.516,2.191166300272401,4.181389260665308,-4.0348123254431405,-0.001417317889479082,25.600970602838455,0.07532351860488727,4.357202917563428
79,2010-06-23 11:01:59,B0042,79,10803.297,3.696889356782108,4.20266698177889,-0.0022185189887152243,1.5177521232462832,7.243299821313384,810.563,2.1913163423875845,4.1811310594098385,-4.036198260626553,0.000642900107638055,22.972831047751573,0.07553765302367196,4.369589847058498
80,2010-06-23 14:18:20,B0042,80,10807.219,3.7367132047162834,4.20560267971975,-0.0040087827128783195,1.517244503521504,6.968334997998006,599.047,2.1777089403180425,4.183136931480622,-4.035140494431039,0.0004867641078371885,19.739623944709617,0.07584285606128259,4.387244778619808
81,2010-06-23 17:31:13,B0042,81,10802.344,3.8051297801724266,4.205894141247275,-0.005381941449493715,1.5177403512131182,6.619646855235022,109.078,2.1316975124246333,4.186858423852253,-4.034942103518998,-0.0008462779898683204,6.0573358126113375,0.0759921803489148,4.395882668003959
82,2010-06-23 21:11:42,B0042,82,4877.25,4.106011849691542,4.3042063302938445,-0.0028222399892224477,1.1809179909435499,5.223334970972177,109.17099999999999,2.1969934922661687,4.173229464797026,-4.03535806126515,0.0011581209737159038,6.452306826213871,0.07621652609591999,4.4088602872323115
83,2010-06-23 23:13:26,B0042,83,4091.172000000006,4.0250442348104825,4.230082879726106,0.00011623403007082648,1.354620261363097,6.008815522565931,96.484,2.1767041905630014,4.182309477232018,-4.03389585056911,0.0017708340942048577,5.8829411130714435,0.06216923141552526,3.596273269273783
84,2010-06-24 00:26:01,B0042,84,3046.829,4.0395548924515365,4.23534254859665,-0.00602889575363228,1.311649066080245,6.103030548192398,109.094,2.137070814591814,4.179128534299532,-4.034621719624155,-0.0011780329669630765,7.141415346306763,0.0759822277461493,4.39530694463614
85,2010-06-24 01:21:25,B0042,85,3301.0,4.029517137329087,4.230651951511762,-0.0004222137571090425,1.3337304253652238,6.2344069637578725,96.906,2.082550981383133,4.181278186068862,-4.0354552764801035,-0.0029746030201113173,4.976092805264432,0.06227013548943564,3.6021102181229545
86,2010-06-24 02:20:51,B0042,86,3004.844,4.038911193717427,4.237062607283533,-0.0024506230101766957,1.3243320833640868,6.075003512889934,97.015,2.144385419639702,4.180985964629633,-4.033746345766042,-0.002155790769271562,6.411857494253951,0.06259446608798445,3.620871612391653
87,2010-06-24 03:51:11,B0042,87,3752.781,4.116817843922261,4.321593038306976,-0.004135630487155262,1.177028001734625,5.202247702549832,5608.781,2.1679616860507585,4.091725418867881,-1.0117101728405982,0.0007729257222862269,8.336150156814936,1.4377344766079456,83.16792646156607
88,2010-06-25 20:55:56,B0042,88,10807.359,3.3176412252086016,4.201993433013558,-0.0018811631939804688,1.5194997721475088,6.199121749026284,5703.296,2.1808501795778437,4.159841572444575,-1.0157168253561746,-0.00046618949845138953,8.088311260303593,1.5246019289244055,88.19290569361726
89,2010-06-26 02:09:46,B0042,89,10803.25,3.082133113056013,4.20212903394529,-0.0008326184588515156,1.5195372593236245,6.382972786404532,5668.032,2.148712088809679,4.180350451491815,-1.014585811777543,-0.0013941777112871086,8.108636077883194,1.5215273965539478,88.01505471608961
90,2010-06-26 06:47:06,B0042,90,10805.14,3.0472376609625953,4.202004847319482,-0.0009931314709502527,1.5176122346718488,6.366982697079196,5634.047,2.126630218048744,4.180484652340476,-1.0152252739169738,0.0004917354460156597,8.179473273978417,1.5155323631175952,87.66826293493575
91,2010-06-26 11:23:55,B0042,91,10802.829,3.0307014024908443,4.20331701276969,-0.0014921941253940034,1.5181387460314983,6.416374118747356,5582.375,2.177720591678305,4.179828984428225,-1.015528714589196,-0.000375861507562752,8.133323147997125,1.5044249661534554,87.02573874919564
92,2010-06-26 15:59:50,B0042,92,10802.656,3.049916717537771,4.201945361406691,-0.0011601982499828635,1.5184672485588036,6.479320247388409,5567.329,2.1738551413791023,4.179688473119865,-1.0152994782253595,-0.0017314201089289405,8.221548017024785,1.5001507149498807,86.77848822028305
93,2010-06-26 21:11:21,B0042,93,10803.047000000006,3.3690305906516436,4.202612299356203,-0.0012175498464070307,1.5176424420082832,6.216488032033752,5528.453,2.1739453453589515,4.156718320546126,-1.0156907563945252,-0.0025000475145131695,8.196033184015114,1.489011227320312,86.13410770143977
94,2010-06-27 02:22:13,B0042,94,10802.312,3.067937881185883,4.202918804666687,-0.003113870947668368,1.5180707406947196,6.422582427120998,5513.39,2.1496986936751377,4.179126280631904,-1.0141702039281322,-0.0012569793191836165,8.16363192494008,1.4810149357562845,85.6715501154721
95,2010-06-27 06:57:00,B0042,95,10802.484,3.069376678949012,4.2027284803460265,-0.0008478577945777518,1.517390233582143,6.424040988176936,5486.187,2.1308714510516316,4.178321190076967,-1.015116075388854,-0.0019003583424086314,8.182297960881899,1.476262027748574,85.3966109593934
96,2010-06-27 11:31:20,B0042,96,10802.266,3.0647730797042594,4.201961417303293,-0.0009731523096913537,1.5189935718980039,6.3679675835955445,5461.922,2.1249846428522594,4.177914160605347,-1.0161898571210812,-0.001235670588422102,8.239851195999249,1.4662551025438961,84.81774522787627
97,2010-06-27 16:05:16,B0042,97,10803.234,3.061013483946872,4.201901776581899,-0.002026708871421415,1.518422078599202,6.428233807576391,5438.157,2.124079082604729,4.177668141485771,-1.0156335856045817,0.0005687903234577565,8.314381068196377,1.4593282593817019,84.41705150306322
98,2010-06-27 21:14:40,B0042,98,10807.89,3.4462823311100945,4.201897932681028,-0.0029638298669344802,1.5181129511303795,6.1557141677129605,5402.875,2.157698091133544,4.153042890139087,-1.0151373782288406,-0.002021243389795451,8.203300249486228,1.445704157754381,83.62894472765973
99,2010-06-28 02:23:34,B0042,99,10803.938,3.086569882527301,4.202717055496568,0.001228360746336439,1.5171169644802511,6.41214867279023,5384.438,2.128860427750212,4.176783274878805,-1.0156661309978001,-0.0017615914551981737,8.252382764570392,1.4400686089389023,83.30294787839303
100,2010-06-28 06:56:15,B0042,100,10807.062,3.0877556988006227,4.202019359995984,-0.00034242200619756204,1.5191736782360619,6.394052870532499,5344.859,2.162828573021361,4.176835821672092,-1.015570651710456,-0.001295845381980595,8.247452041994245,1.4290313659547842,82.6644818557883
101,2010-06-28 11:28:20,B0042,101,10806.157,3.1079125048353364,4.202282029042411,-0.0013948221770502165,1.5203356178006657,6.3736652317463784,5305.156,2.1882897882574714,4.1765571620332524,-1.0147574189655577,-0.0024425355844481696,8.179356055314594,1.414172188151386,81.80493022999157
102,2010-06-28 15:59:45,B0042,102,10804.781,3.127732267850015,4.202732581474074,-0.0035556255323411262,1.5184926639869987,6.336261946714505,5284.547,2.1285029465259013,4.1766999837334025,-1.015910590106893,-0.0013228207107746923,8.33800631225338,1.415603079129078,81.88770228390237
103,2010-06-28 21:06:40,B0042,103,10808.187000000005,3.521131947333391,4.201984377315355,-0.0040670952939308655,1.51702484929748,6.195417855865735,5267.843,2.158726692822152,4.150196439454072,-1.0159094949842238,-0.001649295270730888,8.293330795902381,1.3994410223300702,80.95278365101348
104,2010-06-29 02:13:23,B0042,104,10805.625,3.1216949125005162,4.202823338427662,-0.0014648619647242146,1.517900739993765,6.387149514313762,5229.688,2.1998128745691083,4.175707583064406,-1.015635228418542,-0.000597670991539855,8.373136255476883,1.3959635285794907,80.75162276266843
105,2010-06-29 06:43:33,B0042,105,10805.5,3.148436129344929,4.201868347549194,-0.0014541008263081801,1.5174768137678507,6.3935753780131215,5206.954,2.1540885607694915,4.176508363415245,-1.016152801679653,-0.0028143667405868696,8.329037453715973,1.3929784652630588,80.57894725796059
106,2010-06-29 11:13:20,B0042,106,10803.016,3.139297932774006,4.203042936449519,-0.0004787123053430347,1.5175043673223014,6.466741797059271,5179.062,2.159795216779738,4.175329405348679,-1.0151802085458579,-0.0010365158630051465,8.396128944133206,1.3740772023800918,79.4855751040215
107,2010-06-29 15:42:37,B0042,107,10803.875,3.1404101341187043,4.20272818488811,-0.0009881042685053931,1.5180028634941993,6.482405997269859,5144.109,2.185043715780537,4.1751813693585715,-1.0146961801450893,-0.0007376994377314608,8.43692173445999,1.3752493030002435,79.55337703808398
108,2010-06-29 20:47:12,B0042,108,10807.344,3.573508028230249,4.20234478231277,-0.0021790498604189208,1.517242560645376,6.189509602735411,5142.891,2.1784898920030544,4.147372136171002,-1.0153472628222506,-0.0015101895474657527,8.419794670115083,1.3671966130854505,79.08755700417106
109,2010-06-30 01:51:52,B0042,109,10805.812,3.149612921004469,4.203979271656892,-0.002488085178375556,1.5183240552342867,6.419169967799757,5109.734,2.189853076065801,4.174822480867543,-1.015989585590983,-0.0011949572748057567,8.409805733876953,1.356887600783644,78.49121658738503
110,2010-06-30 06:20:03,B0042,110,10804.172,3.1625527254454666,4.2022397940311205,0.00015279648959484323,1.518231391659974,6.451665219363198,5078.937,2.169597235193881,4.174669508085626,-1.0147917391902936,-0.0003718638051042368,8.370055044633526,1.3449320225969348,77.79962807530897
111,2010-06-30 10:47:43,B0042,111,10803.296,3.1592207364224136,4.202822924652277,-0.000605006646007525,1.518401138197065,6.421390822473037,5051.672,2.153907127504055,4.174072805021775,-1.0152446711938672,2.465679595063534e-05,8.33428157906845,1.3374691704584258,77.36792810014151
0,2010-06-03 18:29:28,B0043,0,5080.078,4.1235606318829205,4.2733892342541475,-0.006261475273876925,1.2717383674131542,23.04161411053881,3360.922,2.421307986424623,4.204104775621549,-1.990987822798042,0.002759030854540164,30.907894474048284,1.713782642126885,100.0
1,2010-06-03 21:28:23,B0043,1,10803.703999999998,3.2256941180764187,4.214785239921512,-0.0053923625075772575,1.4962043465194617,24.705614135556722,3289.406,2.4612810169393184,4.2050537738824865,-1.9917802328214218,0.001860661440889201,30.363796429604484,1.6955681658647108,98.93717698998462
2,2010-06-04 01:25:39,B0043,2,10802.781,3.2749408057641634,4.214654718744785,-0.011656088264053593,1.4948214945764116,24.408514826281476,3244.797,2.3997609695216755,4.204546702288046,-1.9921619298055877,0.0006171347576784951,30.07611798184701,1.6814906372051954,98.11574676228406
3,2010-06-04 05:22:11,B0043,3,10802.468,3.2859454353646984,4.214721445108799,-0.005927681411197356,1.4949949403969878,24.285497961380837,3211.438,2.399740066713552,4.204756646870948,-1.9914034366675073,0.0013219649313469717,30.05896964075817,1.6786372409532953,97.94924978759427
4,2010-06-04 09:18:10,B0043,4,10802.39,3.3006262086478686,4.214628839074979,-0.007059098172493366,1.4933623134048863,24.68245638818333,3175.594,2.3786378834863195,4.204750835132976,-1.9917916805558111,0.0003667088363332359,30.417149405736243,1.6694168550864992,97.41123606052365
5,2010-06-04 13:49:16,B0043,5,10802.547,3.4884429216323296,4.214667604906892,-0.006562642249333963,1.4947503033852565,24.48135835003309,2646.625,3.3579241790202077,4.2033864964434615,-1.9916737594555385,-0.0024452219143259197,29.92385834200675,0.0,0.0
6,2010-06-04 18:11:41,B0043,6,10513.953,3.656241962832202,4.214690364759036,-0.006200613061360529,1.4950985980216045,25.501288304312805,3121.672,2.416288536712014,4.204901465726193,-1.992343743472965,0.0008785937306626388,30.617574721987218,1.6611938521224778,96.93142008142048
7,2010-06-04 22:01:23,B0043,7,10805.0,3.303107266908093,4.214607612591435,-0.00591481669765787,1.494615728636868,25.54587608974894,3102.937,2.3791815969853816,4.205123789023272,-1.9917617417601157,0.0006505199361241833,30.258236869364143,1.6506423382064332,96.31573442463558
8,2010-06-05 01:55:37,B0043,8,10804.266,3.300978202380196,4.214594719106322,-0.006207299525757607,1.4956592683229342,24.688239167589188,3089.437,2.4666546752460183,4.204720843069481,-1.9926632981632448,-4.053565775769004e-05,29.936684037867014,1.6424273190907783,95.83638430673149
9,2010-06-05 05:49:38,B0043,9,10803.594,3.3431253540938113,4.214681715529311,-0.005049205201150243,1.4952938196103756,24.40629769631033,3077.75,2.429311406516166,4.204351643955918,-1.9910210969809978,-0.00030013254677948605,29.74762436888935,1.6353664801041328,95.42438112656842
10,2010-06-05 10:19:11,B0043,10,10802.406,3.5745464648239027,4.214684850451982,-0.0062703259696342654,1.4939142999308623,23.621455927730384,3074.875,2.4024069940444392,4.203254409200642,-1.9917602339187832,8.03685131861218e-05,29.699035458962353,1.633232875930849,95.29988434845681
11,2010-06-05 14:48:40,B0043,11,10805.516,3.3544912935244593,4.214593232054969,-0.007003947042036473,1.4959125081644618,24.42565578339866,3061.891,2.406157541131262,4.204230992986033,-1.9925408228773611,0.0007316620638213458,29.746622188626663,1.6258840554387932,94.87107731590714
12,2010-06-05 18:42:16,B0043,12,10804.578,3.3633130074706554,4.214671328850282,-0.005376193462617358,1.4959017340858831,24.245822608815796,3058.469,2.415785415380386,4.204061240829561,-1.9923230772192122,6.37208826967672e-05,29.642987306218718,1.617976174654771,94.40964885995031
13,2010-06-05 22:35:48,B0043,13,10802.781000000003,3.383851370315733,4.214637514835517,-0.004957639894925803,1.497092848562912,24.27588520751605,3040.75,2.400209592232293,4.204423283955662,-1.992372409835,0.00136296002377789,29.6639395578783,1.6136652707273988,94.15810564662765
14,2010-06-06 02:29:01,B0043,14,10803.484,3.380112491310207,4.214703324618347,-0.006661754006708934,1.4953972120433316,24.303044495192403,3037.641,2.4374747406672226,4.204490583977483,-1.9935372199400445,-0.000496059063857326,29.637650852441404,1.605821026619692,93.70039041980216
15,2010-06-06 06:57:56,B0043,15,10803.953,3.62112946004478,4.2146769276961455,-0.005270233473085856,1.4943404588832538,23.32007963485865,3044.828,2.3865949081957893,4.202477824031488,-1.9925774400879446,-9.649659603026656e-05,29.593597067401642,1.6033527961961531,93.55636804713559
16,2010-06-06 11:27:00,B0043,16,10802.313,3.4114329677974427,4.214663796037297,-0.007982433382851949,1.4955359266364756,24.3522648562709,3030.25,2.4489169685849195,4.204489330076927,-1.991618906287858,0.00044862616801423353,29.63922727943673,1.5951342406182645,93.07681157504477
17,2010-06-06 15:20:03,B0043,17,10802.547,3.427510017911802,4.2146282850728305,-0.005773435997221053,1.493610369906259,24.647072748982826,3017.578,2.4933649317176108,4.2049536620331756,-1.991997740216363,0.0006829786283691177,29.666195384468185,1.5878135544728507,92.64964619447302
18,2010-06-06 19:12:55,B0043,18,10805.141,3.442453502779312,4.214633658717848,-0.005376593172385205,1.495932877609112,24.219088986516528,3015.0,2.473993010608268,4.204018303566451,-1.9916623493440428,0.0008361130921469012,29.635949832755518,1.5800601969084245,92.19723423896366
19,2010-06-06 23:05:46,B0043,19,10802.875,3.4554137709588164,4.214610669012679,-0.005045478848788713,1.4957156750401375,24.613003939549717,2999.454,2.4568566798816054,4.20390099564762,-1.9915432702858618,0.0015714835841860021,29.671876354508125,1.575565087879128,91.93494257380141
20,2010-06-07 03:34:07,B0043,20,10803.204,3.6532533521800823,4.214578274290984,-0.005416371093564172,1.493800080983479,23.467297045078052,3054.859,2.389783772934692,4.19682124697899,-1.9935482540074148,-0.00017630845209682796,29.993152820136338,1.5950169012164208,93.0699647673482
21,2010-06-07 15:25:45,B0043,21,10803.672,3.6217790928315545,4.214666029610474,-0.00662281979948992,1.4936985586730047,24.122527737657208,3034.875,2.3834815017568327,4.202479371762253,-1.9935266008477734,-0.0008798809511987908,30.681276254794994,1.5898075522577595,92.7659968760527
22,2010-06-07 19:54:42,B0043,22,10803.109,3.4311427151748397,4.214607470427077,-0.0061363460186298294,1.494598422485961,25.58602249152384,3030.0,2.427559147580718,4.204284851556785,-1.9920971011220756,-0.0010677904511500582,30.871236598447616,1.5807953202097411,92.24012901938951
23,2010-06-07 23:47:48,B0043,23,10803.687000000005,3.4533651940877665,4.214620380299947,-0.005964561576084764,1.4938327000698328,25.55518513783047,3011.781,2.458384607788224,4.20378732342866,-1.9921457624515235,0.0008091845029971647,30.779999574712413,1.5704333289187615,91.63550209434842
24,2010-06-08 03:40:37,B0043,24,10805.016,3.4691162002747005,4.21472769635953,-0.006037159651813651,1.494145798276848,25.327560742148805,2990.25,2.394787213470724,4.204330620589128,-1.9912425550809054,-0.0009103473917132046,30.581480715523952,1.5643368431897877,91.27976936727356
25,2010-06-08 07:33:06,B0043,25,10802.484,3.4644968041460786,4.214700756007285,-0.006854309613018421,1.4958063599133231,25.06871982866927,2980.234,2.365525236922006,4.2038717516378,-1.991041676372342,0.00198953894941226,30.546605962885614,1.558307017802491,90.92792630158505
26,2010-06-08 12:01:09,B0043,26,10804.281,3.6640826151803276,4.214552311759327,-0.005548198357945936,1.4943935683230323,24.381604701460624,2994.844,2.4742728824322295,4.202475048160179,-1.9909446444723564,0.0006647374957945685,30.92329503843904,1.5537149289772467,90.65997582103022
27,2010-06-08 16:29:29,B0043,27,10806.0,3.4944814853352075,4.214615262643986,-0.007702264365826044,1.493889386000937,25.69090722171443,2987.672,2.4720598546819113,4.203857283529741,-1.991996113254465,-0.00040864320078743793,31.225884514077716,1.549528250585513,90.41568122445653
28,2010-06-08 20:21:58,B0043,28,10803.312,3.497405547395928,4.214663698921369,-0.005987307139275215,1.4933230176639383,26.050309391121186,2975.1100000000006,2.4838780206846622,4.203991230539982,-1.9914446702730202,0.0007408592528157625,31.163201064541546,1.5424430535161062,90.00225673903792
29,2010-06-09 00:14:12,B0043,29,10806.016,3.5058603921113645,4.214641574276795,-0.004813958397585053,1.4936973120651567,26.24783104387571,2953.219,2.4291754256355516,4.205957997721127,-1.9937155470584818,-0.001334783122954133,31.130645067035932,1.54256227031715,90.00921309383538
30,2010-06-09 04:06:07,B0043,30,10802.829,3.4910235123516493,4.214675933712371,-0.00443599532528353,1.494006605336014,25.612231801026333,2955.484,2.397532773087188,4.2037856859347436,-1.9926097349240806,-0.001418515211249006,30.837232735283838,1.5309356452520158,89.33079421040539
31,2010-06-09 08:33:48,B0043,31,10802.265,3.679837271400452,4.2146649571395916,-0.009445196214609168,1.4941888943653523,24.198942680522105,2957.016,2.435189655089205,4.202128090345783,-1.9922654806203883,0.00013009460923417472,30.641318807832377,1.5247733176952427,88.9712195826028
32,2010-06-09 13:01:30,B0043,32,10805.875,3.525480699992863,4.214741233599856,-0.0056140867385174355,1.4943632069393864,25.237896535837113,2948.219,2.4649257198080514,4.203512527913386,-1.9909690488532357,0.000756935917929289,31.01732542847249,1.5196742408779502,88.67368612112695
33,2010-06-09 16:53:21,B0043,33,10804.343,3.527777828405946,4.214695939661185,-0.006039228333466024,1.4938636922186697,25.53489628242206,2935.5,2.4457109146915506,4.203182025095136,-1.991978047763166,0.0010801247264375174,30.93897323974993,1.5123696925788683,88.24746239126021
34,2010-06-09 20:45:00,B0043,34,10805.5,3.532513093419442,4.214594202199954,-0.006533020202019376,1.4943897111289999,25.124980654367622,2913.797000000006,2.4807762094187127,4.202993560256935,-1.9913479340556113,-6.834459439358272e-05,30.585360437692227,1.499914486202397,87.52069540982936
35,2010-06-10 00:36:17,B0043,35,10803.484,3.544561057554523,4.214601785074998,-0.005639406298290267,1.4939470058003341,24.836450611937178,2900.703,2.482626305221594,4.203399051569862,-1.991255410410246,0.0015269350505374489,30.3648233882985,1.4924106271188253,87.08284180464528
36,2010-06-10 05:03:07,B0043,36,10805.328,3.6902483836874005,4.214586097745762,-0.005541166740348701,1.4933386454833184,23.64221814121482,2914.031,2.397470273055264,4.2008898664224255,-1.991416403593573,0.0014447698059237995,30.432401864910737,1.492624987952706,87.09534985721923
37,2010-06-10 09:30:14,B0043,37,10805.453,3.548074920561698,4.214659741928378,-0.005224524167394338,1.4940055300054103,24.935626466522745,2901.968,2.370171214445116,4.2034382985534515,-1.9932848499087765,-0.00028403975197592167,30.831835959630617,1.4924024018806028,87.08236185823782
38,2010-06-10 13:21:20,B0043,38,10806.391,3.5372619123009184,4.214612789490729,-0.00578042324291243,1.494408247073178,25.35140979955049,2901.734,2.4670029904490636,4.203125269256038,-1.9915678335386535,0.00011778646513073094,31.094991080529404,1.4853020201751674,86.6680513423708
39,2010-06-10 17:12:28,B0043,39,10805.922,3.5531265124358513,4.214645841505271,-0.008114635106526404,1.4938456769534616,25.425211952536788,2887.407,2.476788514821077,4.203051054659131,-1.9914103858193752,-0.0001800246189846829,31.038470618761803,1.477208127101587,86.19576898435045
40,2010-06-10 21:03:21,B0043,40,10805.39,3.5589752559040018,4.214618639791856,-0.007147513014195896,1.4943440095125726,25.131852446307594,2861.937,2.4014857684023228,4.203121514305449,-1.9914698934009563,0.0004906338413997106,30.652253424171764,1.4694738525181406,85.74447052949809
41,2010-06-11 01:29:36,B0043,41,10803.094,3.692813601708376,4.214577790105492,-0.00606574900227517,1.494022766718277,23.784739183985547,1055.25,2.4576176811598773,4.199278377795993,-3.9790202106481383,0.00012271762362573506,7.628394260109583,0.057034391042653794,3.327982769849473
42,2010-06-11 13:12:12,B0043,42,10806.266,4.157325528440126,4.359220381103622,-0.005774329208660774,1.1318602270272315,5.34710038331514,1012.187,2.427637650375664,4.197486385695169,-3.976994268390442,0.0005520917621009688,7.4649167649876285,0.0571536334895882,3.3349406210963752
43,2010-06-11 17:07:40,B0043,43,10803.094,4.1499068866643825,4.345255923973584,-0.006794687830826782,1.1519138559927706,5.462444934995862,991.172,2.4427831763874552,4.198105245504659,-3.978414173747544,0.0014480996432118885,7.503302872635532,0.05729366005937665,3.343111235405706
44,2010-06-11 20:26:56,B0043,44,10805.765,4.150198717438761,4.34499183060557,-0.006748734052160528,1.160679615190458,5.532060436342047,982.094,2.3604432554634345,4.197970873673746,-3.978020094727615,-0.0004245114604187849,7.637968852421283,0.05744203185278054,3.3517687973249792
45,2010-06-11 23:46:05,B0043,45,8483.202999999994,,,,,,1063.609,2.381932819122213,4.1944764420212435,-3.9772827671809017,-0.0014801606712992075,7.608951449591351,0.06713062107721124,3.9171024041823053
46,2010-06-16 11:09:50,B0043,46,10803.406,4.145103602727071,4.345630806008598,-0.008248129269524515,1.1684817018313913,5.200319725144997,1067.641,2.484673285435373,4.197752247409493,-3.9769644736289558,-0.0015909297354780695,7.076698354969239,0.06714781920234739,3.918105922639862
47,2010-06-16 15:06:05,B0043,47,10806.531,4.145520713539482,4.338180160753014,-0.0072403466098160665,1.1732039547975137,5.212416903020671,1048.687,2.4449132183808002,4.198570311408386,-3.9766535760963024,-0.0015168801551566273,7.203287534892745,0.06732001211690299,3.9281534578594917
48,2010-06-16 18:26:18,B0043,48,10803.828,4.146090453040282,4.342592725214798,-0.008512278076729479,1.1770222744413794,5.284960555752222,1039.984,2.3975988971956834,4.1988415529393635,-3.976962731071752,-0.001906841759292056,7.515405447362731,0.06784038051613318,3.9585171916515662
49,2010-06-16 21:46:19,B0043,49,10805.687000000005,4.145969228690258,4.345272867465958,-0.006811317777240648,1.1825002941798675,5.316602556760975,687.328,2.3944641668469124,4.199385029561721,-3.9770413411476904,-0.0003255228386646401,8.284967270173246,0.06799604927210635,3.9676005346699075
50,2010-06-17 01:00:30,B0043,50,9426.047,4.143643183750404,4.341075532156753,-0.00815330553714712,1.2132548746400513,5.308802443957455,1047.531,2.484746371426068,4.198510355333928,-3.9768840982044757,7.43883165125051e-05,6.857064194557378,0.06828011147886554,3.984175694189941
51,2010-06-17 04:33:29,B0043,51,10802.828,4.155753044005766,4.351642727993509,-0.007785055889140511,1.1127373357125951,5.246944792183854,1038.375,2.439654912409003,4.198662948375451,-3.9773559134401215,0.0006754476534428327,7.332807580550581,0.06844632943125976,3.9938745876381763
52,2010-06-17 08:29:16,B0043,52,10806.515,4.1452193919347184,4.341437590336065,-0.008730320321557142,1.201284946637956,5.290716482127024,1030.703,2.4090725568197633,4.197798424948824,-3.9777598539045798,0.0011478493232138925,7.093409222592422,0.06851361914788083,3.9978009733400146
53,2010-06-17 11:49:12,B0043,53,10806.563,4.144123209495024,4.340834458802838,-0.006537136578115221,1.200600062419416,5.17706415527059,1010.765,2.4859989490669228,4.197881021158161,-3.977445240880274,0.0004278373832344988,7.192057776504479,0.06887402435616684,4.018830781871553
54,2010-06-17 15:08:49,B0043,54,10805.016,4.151220015694433,4.353700424811715,-0.009612158071133338,1.1668323667045977,5.239210188416809,1025.719,2.4347562857307143,4.198733839270603,-3.978076611417741,-0.00022550053567087114,7.020826540727179,0.056544389321695726,3.29939094560565
55,2010-06-17 18:28:39,B0043,55,10803.234,4.151290796901612,4.345681380212199,-0.0065216999599761365,1.1878997716778308,5.263804631364765,1016.859,2.406517387646374,4.198110326587282,-3.977528651299922,-0.0008470022568792757,7.160800567147388,0.06918353164189846,4.036890673372583
56,2010-06-17 22:24:06,B0043,56,10804.39,4.14876896722909,4.355750462127289,-0.006302428384679343,1.147151118484735,5.248896430442651,1021.079,2.451707097247213,4.197869647773584,-3.9778198232377036,-0.00037527756837162004,7.125807255445202,0.059122086455436665,3.4498007508153643
57,2010-06-18 02:19:41,B0043,57,10805.093,4.149481935143023,4.351140958964032,-0.011614972526958142,1.1628427207167276,5.256452688855163,1010.562,2.381706206862016,4.197430661878491,-3.9765929339855948,-0.000748195669588448,7.276161437071745,0.06956120084140223,4.058927843677627
58,2010-06-18 05:39:17,B0043,58,10803.343,4.143313149062533,4.338909536793683,-0.00785120849102693,1.181064261791928,5.283464288058895,1003.313,2.474242037374171,4.197964103178539,-3.977735314263721,-0.00016108190289182157,7.0723476874628055,0.07017897804376615,4.09497542562753
59,2010-06-18 08:58:45,B0043,59,10804.438,4.150516211582407,4.351154118652911,-0.007142876730362077,1.1619254906894376,5.218756740398779,1006.187,2.3764067993680786,4.1984290827154815,-3.976763233599402,-0.001510018083077162,7.211729709283271,0.07028148183862523,4.100956568879856
60,2010-06-18 12:18:17,B0043,60,10805.344,4.143826947090265,4.342129778004825,-0.008461486673919409,1.1975986119715172,5.2520026779076865,996.765,2.444206792905019,4.197776325811346,-3.9775998337681004,-0.0008120789444715858,7.126821145688813,0.05787364202878375,3.376953448248247
61,2010-06-18 16:13:28,B0043,61,10803.656,4.153500304139739,4.352263380194907,-0.007063590180819028,1.141111220889385,5.177054440368508,999.422,2.3625240054533236,4.196951926227284,-3.976739739726006,0.000640497809531067,7.168249960966138,0.07056618554293374,4.11756916007492
62,2010-06-18 20:08:41,B0043,62,10804.406,4.1424161334664955,4.343110131966273,-0.007076296536914664,1.2076729839352829,5.269127424323128,990.234,2.3656545996286327,4.19797990922366,-3.9778656380270108,0.00039071341532208976,7.434058256465138,0.057989410208958,3.383708574442697
63,2010-06-18 23:27:58,B0043,63,10804.733999999997,4.149384778946122,4.3452755211735,-0.011401333257559848,1.1854616618795188,5.244590664168822,608.953,2.4649338982361098,4.198154349205609,-3.9773621490207614,-0.0010638110949864612,7.930969485581617,0.07129266446800787,4.159959537198389
64,2010-06-19 02:40:54,B0043,64,10803.687,4.1463204136068015,4.345254835430386,-0.008131525308333365,1.1845506911409154,5.29143004574907,586.719,2.4780138487049133,4.197870451831717,-3.9771300354377037,-0.001376465906585161,7.59327498772461,0.07146546557664281,4.170042560820362
65,2010-06-19 05:53:27,B0043,65,10496.5,4.145575557146855,4.3432831980193845,-0.007194075644331516,1.182635233023597,5.322973564662384,575.922,2.467345657591589,4.198411457661763,-3.9779080167511784,-0.0007371586631494323,7.6206831277866485,0.0716254973792324,4.17938048960175
66,2010-06-19 09:36:31,B0043,66,10132.125,4.153163279247198,4.349669013564704,-0.007695693775960131,1.1359610550990964,5.2873513574046385,1050.406,2.453991394977099,4.194430059860958,-3.976499927125273,-0.0008066057021680428,6.882286937183749,0.07192596356272017,4.196912828657004
67,2010-06-21 16:14:26,B0043,67,10806.375,4.1503648866775515,4.360743419640758,-0.007129233309558296,1.185072448105944,5.284511016982894,1040.75,2.3794329527267557,4.197497159574681,-3.97769541756124,-0.0008539388694312755,7.3351511578492685,0.058840095111364746,3.4333464270790732
68,2010-06-21 20:10:25,B0043,68,10805.687,4.148904898626226,4.346097424815047,-0.00761851607439724,1.1906679031218774,5.261781848996204,1019.125,2.3452670801496267,4.1973835054560045,-3.97788488306095,-0.000599176020015696,7.3668189489801215,0.07213853480103966,4.209316457512508
69,2010-06-21 23:30:14,B0043,69,10807.125,4.14170845078818,4.342720577665752,-0.010586142151729856,1.2093862106972222,5.360743146821756,618.844,2.474574662858291,4.196870024472014,-3.9787860145489566,-0.0013997887913588937,7.9936664890195335,0.07231835711877917,4.219809171892924
70,2010-06-22 02:43:24,B0043,70,10806.219,4.144641799118631,4.3445344122288265,-0.0060459268921704045,1.1971984636562951,5.384544654599325,1039.547,2.3452420900020043,4.198079959089733,-3.976902186853475,0.0007575854373163767,7.296477939821086,0.05938170626668099,3.4649496853921624
71,2010-06-22 06:03:34,B0043,71,10804.937,4.148960226533768,4.346223275845548,-0.008111389929419954,1.2007644167358984,5.331851693302187,1004.328,2.4837961610187183,4.196857869022103,-3.9770017267086653,-0.0005707548659945959,6.946289418376631,0.07294488485625279,4.256367351563601
72,2010-06-22 09:58:57,B0043,72,10806.062,4.1515125527498915,4.3585242808850975,-0.006905666792307779,1.159124665718982,5.237643622475966,1005.75,2.45187326606884,4.197040748347509,-3.9765911746920217,-0.00028751755211658785,6.902633045655659,0.07306917734079586,4.263619874811754
73,2010-06-22 13:54:23,B0043,73,10806.281,4.147683109568652,4.34867713672749,-0.00785932772033473,1.209734132378709,5.241743509151269,995.797,2.481690176251403,4.196682246183551,-3.977587594021444,-0.00043086543776372854,6.896174405116905,0.07317054128128272,4.269534507040791
74,2010-06-22 17:13:51,B0043,74,10803.813,4.147179563763336,4.348004171797622,-0.006868437670931912,1.1987901703440136,5.3134978675838545,998.921,2.469341225978269,4.19696998692681,-3.976125848069426,0.000566170127430035,7.035611200131563,0.07347430293304898,4.2872591381754175
75,2010-06-22 20:33:19,B0043,75,10805.718,4.1470809732659735,4.347086399266274,-0.007640764239264023,1.1980864973720853,5.3523104245109945,989.141,2.3359478200885606,4.197583527373011,-3.9770473107829605,0.002092932679302835,7.22435677434366,0.06010697591831878,3.5072695008582415
76,2010-06-22 23:52:40,B0043,76,10807.077999999994,4.147950710646636,4.345662613214427,-0.006736285820897226,1.19883614381772,5.3258933702164954,979.203,2.455991331590063,4.1970633301567934,-3.978121135361649,0.000527592679423842,6.990028087646541,0.07383162509955737,4.30810904981094
77,2010-06-23 03:47:41,B0043,77,10804.672,4.151343990501399,4.3583774320001885,-0.012249923779425336,1.1463179209412817,5.308288000925838,994.031,2.446533765156367,4.197323566834658,-3.977738911880702,9.953877011578583e-05,7.072814815985095,0.060495215307428206,3.5299234465550895
78,2010-06-23 07:42:56,B0043,78,10804.688,4.147059386426617,4.346695598079427,-0.008116650914101574,1.1959000348090392,5.3237868955868715,971.516,2.4401050698854356,4.197136062671134,-3.976381485366203,0.0009262238803689249,7.152123066131912,0.060604010237618126,3.5362716804276704
79,2010-06-23 11:01:59,B0043,79,10803.297,4.1468472319054035,4.34702964441471,-0.00831720268142743,1.2004838262891055,5.310550395216054,810.563,2.426379928299938,4.196810616000894,-3.9788388766990823,-0.0006326592603038144,7.40243656537614,0.06073438432235217,3.543879067824957
80,2010-06-23 14:18:20,B0043,80,10807.219,4.145399168709224,4.346205366372145,-0.008475419974010643,1.2044277496520701,5.310265472806872,599.047,2.3818713355998336,4.19749831364625,-3.9767622508780898,-0.000539587012327033,8.281671008133785,0.06099653048237791,3.5591754160071516
81,2010-06-23 17:31:13,B0043,81,10802.344,4.143871875075964,4.3434322435122805,-0.0068336680879484855,1.2110758788568872,5.320894215076832,109.078,2.259462555169981,4.197443547761606,-3.9769579428175974,0.001861794000618719,5.990209166830171,0.061130459259873135,3.5669902213507867
82,2010-06-23 21:11:42,B0043,82,4877.25,4.1501709143101495,4.350996694352156,-0.006425294245252429,1.1676504155831968,5.1651147034098654,109.17099999999999,2.3642680452849265,4.197249677217233,-3.9767291231283286,-0.0026713391993762005,6.4435194897145704,0.06129124410987595,3.5763720907927175
83,2010-06-23 23:13:26,B0043,83,4091.172000000006,4.089743889527589,4.28026622325726,-0.0054888492064909065,1.3342502332651012,5.692734384556013,96.484,2.2200788093903734,4.199324238157774,-3.976784600681961,0.0013875928608605053,5.804997367748431,0.06130329065804092,3.577075012380838
84,2010-06-24 00:26:01,B0043,84,3046.829,4.082117651324847,4.273973050579822,-0.005206420610174995,1.3520706366106445,5.837669500448253,109.094,2.3089650825269894,4.20125127915007,-3.9777976422643935,-0.0003253066180622895,7.064649745993309,0.061151661574090986,3.568227386070318
85,2010-06-24 01:21:25,B0043,85,3301.0,4.0923580152756145,4.279069544785096,-0.0047032671541107655,1.3452867879820307,5.841463391806596,96.906,2.4643253089090313,4.201927103230439,-3.976527780195651,0.00015926819003148751,4.857763577409316,0.061405387192057306,3.58303239177696
86,2010-06-24 02:20:51,B0043,86,3004.844,4.102810905035499,4.301002715532054,-0.004630619019133278,1.2994667585588433,5.639355699638985,97.015,2.227174478989743,4.201871725413588,-3.978417528616236,0.00036901399687716557,6.365147956644147,0.06175780765942851,3.603596287028801
87,2010-06-24 03:51:11,B0043,87,3752.781,4.151490593471918,4.357801880108763,-0.00548905733439082,1.153381030384985,5.172409283683212,5608.781,2.487710804240493,4.151713316448254,-0.9989196316837596,-0.003571095626999674,7.784854957371514,1.5250840516518187,88.98935105090793
88,2010-06-25 20:55:56,B0043,88,10807.359,3.483797318189068,4.214557969660432,-0.0010296719904985625,1.494011737949005,6.088428872435954,5703.296,2.4700528908595785,4.1860990142535135,-1.0004222702851215,0.0004325901221601669,7.677310156075022,1.552568811301301,90.59309933110829
89,2010-06-26 02:09:46,B0043,89,10803.25,3.17537934208951,4.214562993718529,-0.0017943849806740153,1.4940886779370277,6.254314581149227,5668.032,2.4917865311625422,4.20024763178396,-1.0013749229178603,-0.001504452154232964,7.720355963617298,1.5427752626774387,90.02164129535015
90,2010-06-26 06:47:06,B0043,90,10805.14,3.186198986032316,4.214626326620668,-0.0006704761436280237,1.493474929697526,6.220777686463732,5634.047,2.4681420264399123,4.199618145627328,-0.999906490000437,-0.0029166043859581714,7.795012554263815,1.5331932831264679,89.46252841163701
91,2010-06-26 11:23:55,B0043,91,10802.829,3.1804260603665053,4.2145645952368,0.0007953870974278722,1.494803145539413,6.266207727328131,5582.375,2.4840346404021036,4.1989206972349695,-1.0000803262722175,-0.0017843806336135864,7.802002705131443,1.5152721949172019,88.41682472852438
92,2010-06-26 15:59:50,B0043,92,10802.656,3.2264818279593395,4.214601046873228,-0.0023646122698657347,1.4937734003906642,6.316376836712626,5567.329,2.4820985064146877,4.1989096150494385,-0.9998205155477988,-0.0003884534970397314,7.8854226977198625,1.5074989761997712,87.96325386566491
93,2010-06-26 21:11:21,B0043,93,10803.047000000006,3.568854481600056,4.21457219287982,-0.0025856469439760462,1.493438231071705,6.107018925434001,5528.453,2.4995448861629077,4.182123550892078,-0.9995028844280673,0.00046373173796644934,7.865599621307659,1.4896288908647644,86.92052622356267
94,2010-06-27 02:22:13,B0043,94,10802.312,3.302374334933432,4.214554512746121,-0.002449401057820835,1.4927844839373023,6.253394665075765,5513.39,2.4624361945446704,4.198072340064109,-0.9994974790321102,-0.0004446704583660312,7.840911830800532,1.4780778852088083,86.24651976720013
95,2010-06-27 06:57:00,B0043,95,10802.484,3.3145165515118173,4.214650258351318,0.00039869232351460017,1.4933899627330365,6.246066315686795,5486.187,2.4931009972754072,4.19729618680157,-1.0007522715759782,-0.0012613985506070278,7.866129688953066,1.4700035345334466,85.77537771704252
96,2010-06-27 11:31:20,B0043,96,10802.266,3.3343544792559467,4.214586534186616,-0.0012094384830288497,1.4930623962292275,6.177159169718172,5461.922,2.462787320418678,4.196562826262564,-1.0074496368791506,0.0009610082927127459,7.9393273558149495,1.4565623180137077,84.9910765933564
97,2010-06-27 16:05:16,B0043,97,10803.234,3.345620398990363,4.214658999334046,-0.0031976249614724343,1.4932716651354336,6.238820361071226,5438.157,2.497516098993309,4.1961404278065615,-0.9995519473703497,0.002357738303520221,8.020423171340544,1.445976962830235,84.37341628315885
98,2010-06-27 21:14:40,B0043,98,10807.89,3.629706440110098,4.214628457178995,-0.0024912000611682474,1.4924581229686418,6.032146581202874,5402.875,2.472999574663348,4.178175250938716,-1.0000552345201275,-0.00020253049223384803,7.909281139740462,1.4325855992469252,83.59202410108549
99,2010-06-28 02:23:34,B0043,99,10803.938,3.3825495376968626,4.214550642873334,-0.0002874422752298668,1.4932028941719482,6.207958629577041,5384.438,2.4798848457409326,4.195619110791885,-1.0000587870310462,-0.0004145189886527689,7.9764627392531535,1.4197344854662965,82.8421557417771
100,2010-06-28 06:56:15,B0043,100,10807.062,3.4128304929245643,4.21464379019617,-0.0029933342397519846,1.4930711895224642,6.178885306836691,5344.859,2.483308761917933,4.195354802720307,-0.9996583037293504,0.0004912000522550359,7.975220288628877,1.401262575071573,81.76431133253516
101,2010-06-28 11:28:20,B0043,101,10806.157,3.4297865243304946,4.214630844142894,-0.0012353762686534734,1.493239060591731,6.152290958880117,5305.156,2.4722726688004673,4.195137899317883,-1.0003023505936774,-0.00049760110525502,7.919276364601211,1.3862945308535968,80.8909191152234
102,2010-06-28 15:59:45,B0043,102,10804.781,3.444704895267542,4.21473683831731,-4.985527014953569e-05,1.4939517015838488,6.1205817742177455,5284.547,2.4995232811069013,4.195919647393222,-0.9997391001993594,-1.523743837134638e-05,8.087848756281263,1.384130256052478,80.7646326919677
103,2010-06-28 21:06:40,B0043,103,10808.187000000005,3.670751800689023,4.214600180952064,0.0017041909537422867,1.4925884864716292,6.0569341170023305,5267.843,2.492874341811692,4.176270279535014,-0.9993417683995699,0.0003722025001506802,8.02258709983945,1.3651743201871416,79.65854517541945
104,2010-06-29 02:13:23,B0043,104,10805.625,3.477548836417183,4.214569596988129,-0.0002718098050971685,1.4935554099209305,6.141428880742803,5229.688,2.466722917823166,4.195157601948688,-0.9985673084050938,-0.0004598315898297383,8.12948679263687,1.361508332192898,79.44463310138339
105,2010-06-29 06:43:33,B0043,105,10805.5,3.465095158288926,4.214637106149192,-0.0003230096153188188,1.4930552682083842,6.158112050214804,5206.954,2.4707802117428486,4.195480097537295,-0.9980068368798175,-0.00016541851510324857,8.089656475775936,1.351001663879717,78.83156420601041
106,2010-06-29 11:13:20,B0043,106,10803.016,3.4717255145769683,4.214587340514354,-0.0018790682906663957,1.49251463429788,6.209401616890961,5179.062,2.4848489819284896,4.1943133355165845,-1.000251640119134,0.0008465508340473731,8.144440591218109,1.3282588067265129,77.5045081025025
107,2010-06-29 15:42:37,B0043,107,10803.875,3.5072208900097284,4.214644160142027,-0.0013774700259215908,1.4941629757179327,6.229261293526115,5144.109,2.4661345187240347,4.194450936586587,-0.9983916549138827,0.0011324508413777003,8.231983414070719,1.3257206687421472,77.3564065917289
108,2010-06-29 20:47:12,B0043,108,10807.344,3.6891451070632915,4.2146090688957605,-0.00028172554047787,1.4927053562817967,6.073650240486114,5142.891,2.4725812888729317,4.173215087704208,-0.9999277500600487,0.0032808403710279706,8.207473278156359,1.3142909715978441,76.68947854243332
109,2010-06-30 01:51:52,B0043,109,10805.812,3.512593891656676,4.214623627639825,-0.0009864576528296211,1.493947730808768,6.17690508639018,5109.734,2.4919564449811342,4.193501778898149,-0.9989961791594165,-0.00028979533681811195,8.189312466474622,1.3003260094811093,75.87461662392283
110,2010-06-30 06:20:03,B0043,110,10804.172,3.530973389985758,4.2145590067622,-0.001535125912681512,1.4938067871896104,6.187216342286885,5078.937,2.485517355170574,4.193305249397542,-0.9986368638895086,-0.00035441333553725687,8.139466322876048,1.2881071401556836,75.16164001737596
111,2010-06-30 10:47:43,B0043,111,10803.296,3.538364905367979,4.214635702003804,-0.0013837136464277264,1.4931340316862416,6.152129005511,5051.672,2.499796953515674,4.192997819348426,-0.9990064665951188,0.000927886113475438,8.11394700059043,1.2767801501201566,74.50070497479263
0,2010-06-03 18:29:28,B0044,0,5080.078,4.135000179332785,4.315170606854968,-0.010097368716146268,1.309775817577332,23.14273156239866,3360.922,2.6909422904080547,4.181787286734685,-1.9964791277692224,0.002959744197394814,32.08333169533252,1.686525555152074,100.0
1,2010-06-03 21:28:23,B0044,1,10803.703999999998,3.3756989540935316,4.200040841311116,-0.005341898659874409,1.5026034300155284,24.889369351115302,3289.406,2.6852515353168815,4.183923616071334,-1.996937518623866,0.0013695111015536744,31.44294016626267,1.6624606531639186,98.573107776835
2,2010-06-04 01:25:39,B0044,2,10802.781,3.3901130127433747,4.200045779876343,-0.005990194655070024,1.5051832627650141,24.58546074781323,3244.797,2.6435613323767395,4.183717457974608,-1.997287749488606,0.001288924672163811,31.14990089807352,1.6534010755700512,98.03593372891193
3,2010-06-04 05:22:11,B0044,3,10802.468,3.387901627507066,4.200274248541369,-0.006491889685057152,1.5029094416564415,24.41644071753624,3211.438,2.6433677125804977,4.183480576276661,-1.9967295286630409,0.0013397859482086375,31.12954746264574,1.6452145903490936,97.55052838204664
4,2010-06-04 09:18:10,B0044,4,10802.39,3.396327280444679,4.200099125103555,-0.005836897572371173,1.5008851822137943,24.715535275583587,3175.594,2.684789036307898,4.181986298076157,-1.9979913128709894,0.0017733280248056248,31.513994261671055,1.635664062367341,96.9842441681741
5,2010-06-04 13:49:16,B0044,5,10802.547,3.5440658076050484,4.2002640048989495,-0.007530842735113162,1.5012435473911656,24.531924106136273,2646.625,3.2896584926178556,4.18108163961898,-1.9962095515627811,-0.0010508030704849062,30.9572734254796,0.0,0.0
6,2010-06-04 18:11:41,B0044,6,10513.953,3.638983216223241,4.200235086239773,-0.006766044136084841,1.5012638214262957,25.495334594293215,3121.672,2.6725301429926103,4.183320051971667,-1.9967897857151822,0.0006334345228696479,31.634787338016164,1.6267769765146463,96.45729775899896
7,2010-06-04 22:01:23,B0044,7,10805.0,3.4205121845332522,4.2004719099869385,-0.00577986182796147,1.5042449950508645,25.109046403989463,3102.937,2.69384241497005,4.183385673000076,-1.9971940723453783,0.0033231258814095015,31.273656122735403,1.6159715504743064,95.81660624932508
8,2010-06-05 01:55:37,B0044,8,10804.266,3.438866782728488,4.200366066673836,-0.005731544676888739,1.5083102618188977,24.75612606590057,3089.437,2.6763379244951913,4.183075069105795,-1.9966888809490444,0.00045380433139001946,31.0513882525287,1.6076028386649623,95.32039605056592
9,2010-06-05 05:49:38,B0044,9,10803.594,3.44640122687352,4.2000314470968565,-0.005781218498701715,1.5025293400852568,24.519925919469557,3077.75,2.6678573050009757,4.18316470580942,-1.9967525939808977,0.0017642344012601652,30.825315603911406,1.6003360401431612,94.88952214535871
10,2010-06-05 10:19:11,B0044,10,10802.406,3.609057639125731,4.200071165869155,-0.0050066549380581565,1.5021427319842113,23.601763259846912,3074.875,2.651692148341609,4.1809489315384525,-1.997645249612211,-8.403253962669601e-05,30.772306222074594,1.5978700914991917,94.7433074238304
11,2010-06-05 14:48:40,B0044,11,10805.516,3.4583133799167465,4.200591349700734,-0.0068491386541999315,1.5023095802752526,24.341723285189744,3061.891,2.638384304971687,4.183395298117799,-1.9974850325068683,0.0012396452905209891,30.77793162980491,1.5900310265163515,94.27850183823503
12,2010-06-05 18:42:16,B0044,12,10804.578,3.4617655597115884,4.200112808732284,-0.006231087880954251,1.5032441451597254,24.36067740003091,3058.469,2.633572972853497,4.18312292936732,-1.9972534524301682,0.0020485637364457384,30.734077377574607,1.5816311155652092,93.78044173321723
13,2010-06-05 22:35:48,B0044,13,10802.781000000003,3.4733936858488583,4.200192734781513,-0.007413084433776078,1.5026079784771802,24.306078745509627,3040.75,2.670554577314724,4.183401469736752,-1.9973962391444862,0.0029975639144892508,30.711931701692418,1.5714556311034702,93.17710166341192
14,2010-06-06 02:29:01,B0044,14,10803.484,3.487698484134542,4.200517738994481,-0.007602594164450889,1.5034046415455908,24.28334797997582,3037.641,2.662418584963947,4.182608034549464,-1.9986091240587898,0.002513460275417969,30.692223526355477,1.563220798569978,92.68882963525698
15,2010-06-06 06:57:56,B0044,15,10803.953,3.6508705141100437,4.200579198845404,-0.005465702721398635,1.5009179110500532,23.464310671217874,3044.828,2.656737093913297,4.180665797789407,-1.9964580129835687,0.0020262994622793403,30.656716513936473,1.5606775388245586,92.53803086807258
16,2010-06-06 11:27:00,B0044,16,10802.313,3.5038959652096704,4.200304281836464,-0.007669650686508012,1.5019132784796907,24.181522122815508,3030.25,2.6456088379984415,4.183243082901965,-1.998262725597201,3.741603769891466e-05,30.677651249958302,1.5523886011314287,92.04655075573106
17,2010-06-06 15:20:03,B0044,17,10802.547,3.507200008292633,4.200090611202969,-0.0049586638703490605,1.5022083714070018,24.20768024755387,3017.578,2.657434360611611,4.182596378873874,-1.997119290009149,0.0006154231002514857,30.670401222972917,1.5444592876561967,91.57639402131282
18,2010-06-06 19:12:55,B0044,18,10805.141,3.514540217689805,4.200585717078888,-0.00804248621592638,1.5035123443155323,24.182294899181468,3015.0,2.6700448196473143,4.182792894198413,-1.99785698826369,0.0013502484419816493,30.695903900430444,1.536558134180655,91.10790699178605
19,2010-06-06 23:05:46,B0044,19,10802.875,3.5254035587676706,4.20016095211071,-0.004896303923694663,1.502763778431326,24.189999447446425,2999.454,2.6538669632174807,4.183044202315208,-1.9975757894737975,0.001634489155381155,30.693601629277207,1.5307255867941072,90.76207485371201
20,2010-06-07 03:34:07,B0044,20,10803.204,3.673587926692947,4.20033260936626,-0.005000551668840276,1.5011184083258649,23.425114109741035,3054.859,2.679338771098678,4.17495739021519,-1.996154584194868,0.003135489908787445,31.3317805416781,1.545242808242328,91.62285169779082
21,2010-06-07 15:25:45,B0044,21,10803.672,3.6635084760170002,4.2004249561948575,-0.005190928365266255,1.5014184066422196,24.336885966656418,3034.875,2.6880235920055937,4.1804104728622375,-1.9969183804123913,0.001991462135054142,32.003093392777586,1.5397144491816253,91.29505594967337
22,2010-06-07 19:54:42,B0044,22,10803.109,3.527420998781639,4.200406577455875,-0.005649454540063142,1.5010603683051496,25.61596246140793,3030.0,2.687370056924405,4.183012088063382,-1.9973605086578852,0.0016564879469571896,32.229129548420126,1.5305357077773765,90.75081626257173
23,2010-06-07 23:47:48,B0044,23,10803.687000000005,3.534952200792535,4.20028676503577,-0.005705314087774275,1.502030090221502,25.57362855538286,3011.781,2.6893554366992016,4.183156295632244,-1.9964576467808028,0.0006469310782040937,32.11597218782517,1.5199735224097084,90.12454734328958
24,2010-06-08 03:40:37,B0044,24,10805.016,3.5420958889174696,4.2003981510519655,-0.005481570164579536,1.5018619122009746,25.387459042267434,2990.25,2.633690741780774,4.182731552192122,-1.9975793253781033,0.0011370838196343382,31.969087731359647,1.5136629526844203,89.75037158852498
25,2010-06-08 07:33:06,B0044,25,10802.484,3.5339383639107047,4.200093212999186,-0.005276787234832774,1.5026612169367843,25.230996305594537,2980.234,2.6891582121304634,4.182713459240956,-1.9961193009923857,0.0013205924024940665,31.87470050843518,1.5012870006992953,89.01655810154175
26,2010-06-08 12:01:09,B0044,26,10804.281,3.6851965312510133,4.200231977148718,-0.007532212229568683,1.501194133910894,24.628455409591417,2994.844,2.6829363216833317,4.180340134562246,-1.9962084053853812,0.0015097398776068836,32.24329057966032,1.5023814734911674,89.08145322207689
27,2010-06-08 16:29:29,B0044,27,10806.0,3.554593266164234,4.200262735775518,-0.006113281047635602,1.5010944371430817,25.81145521646865,2987.672,2.6587209985414955,4.182573946557156,-1.9967029680268844,0.0004091443110585725,32.62193857776337,1.4980955154277502,88.82732377527876
28,2010-06-08 20:21:58,B0044,28,10803.312,3.5517388694370866,4.200299942263817,-0.005794120464654079,1.5018221407014485,25.955845888848415,2975.1100000000006,2.660938360343116,4.182900962902353,-1.997103683848464,0.0017857682443869116,32.534721843990155,1.4906542391377111,88.38610447283136
29,2010-06-09 00:14:12,B0044,29,10806.016,3.557541887837322,4.200079507430397,-0.006706745360702532,1.5015066723576005,25.72058222116792,2953.219,2.6382065057381183,4.182966025381988,-1.997186957551534,0.001717052677305801,32.315090431633784,1.4843971639436213,88.01510059595708
30,2010-06-09 04:06:07,B0044,30,10802.829,3.556142082904756,4.200448776961852,-0.004068944031735936,1.5029347537604187,25.477771186041426,2955.484,2.6803751950872314,4.183016347451806,-1.9960209799250945,0.0013777344731151111,32.11227103017126,1.4725321936230114,87.31158499938847
31,2010-06-09 08:33:48,B0044,31,10802.265,3.6916573892276032,4.200083178475703,-0.006644270166462481,1.5016795814494077,24.46883091867299,2957.016,2.695456060678521,4.1793816650979885,-1.9968995033172354,0.001316625320984191,31.7443365044674,1.4663149382113208,86.94294217671093
32,2010-06-09 13:01:30,B0044,32,10805.875,3.5855270480130392,4.200316084329747,-0.005615768620863564,1.501287622859373,25.308230662044124,2948.219,2.658317830680757,4.183025078755878,-1.9963246097670302,0.0015873559542654307,32.11351047936838,1.4671298468877776,86.99126096286673
33,2010-06-09 16:53:21,B0044,33,10804.343,3.575794515039615,4.200052902992031,-0.0057228741396407445,1.5007280979993924,25.627862498685133,2935.5,2.6504983510643836,4.182295217506064,-1.997150820770342,0.0007251169997461292,32.04801967333395,1.4593858997633138,86.53209524783756
34,2010-06-09 20:45:00,B0044,34,10805.5,3.5793338305477613,4.20040202667734,-0.00532043282115373,1.5028261530027096,25.261181515983694,2913.797000000006,2.688935729076874,4.182630774542257,-1.9973020414669822,0.003559796186657841,31.708021910539802,1.4467901368505207,85.7852484020062
35,2010-06-10 00:36:17,B0044,35,10803.484,3.5916470564886804,4.200400723487632,-0.005803033876608958,1.5011720665177035,24.90550858278098,2900.703,2.687761244178016,4.182872685249836,-1.997028487870564,0.002881812142580237,31.467203186429355,1.4390669859638228,85.32731576866395
36,2010-06-10 05:03:07,B0044,36,10805.328,3.6958222721978164,4.200331387546169,-0.00401038802173097,1.5012268082050448,23.904160789370966,2914.031,2.668468130193828,4.179973909655392,-1.9965535272405561,0.0022170051863129696,31.560453436032944,1.4389892550462602,85.32270683064192
37,2010-06-10 09:30:14,B0044,37,10805.453,3.595855689836515,4.201076551284202,-0.006512097346885607,1.5006550587974454,25.011653225897057,2901.968,2.6420564556682917,4.182978380469111,-1.9982510496408243,0.000818349681568151,31.887709097598353,1.4386198779578576,85.30080517090875
38,2010-06-10 13:21:20,B0044,38,10806.391,3.586996590164563,4.2005244101310195,-0.009007111826232083,1.5025085107964402,25.400732637646126,2901.734,2.6780728769094244,4.183054454837302,-1.9967399870670337,0.001534782201654243,32.164811812502585,1.4313412096653504,84.86922746547333
39,2010-06-10 17:12:28,B0044,39,10805.922,3.596488575523115,4.2002035641730195,-0.006102129485467573,1.5008318326994698,25.493403917057734,2887.407,2.6917750634373303,4.18231054917298,-1.9973791391628402,0.0018952752492584655,32.13295425226488,1.422973037663468,84.37304927378693
40,2010-06-10 21:03:21,B0044,40,10805.39,3.6031658794853287,4.200228764132911,-0.005720658681882679,1.5006092850024815,25.23461711096837,2861.937,2.68001440979752,4.182416637290177,-1.9967855021957501,0.0006225391345261028,31.75133688827036,1.4150153099745097,83.90120776123774
41,2010-06-11 01:29:36,B0044,41,10803.094,3.6977474353216166,4.200352523911146,-0.004566533648683033,1.5024464281133492,24.04148488155374,1055.25,2.5311035775191533,4.177605302188679,-3.9896989741694777,0.0055403433097710566,7.057089335323658,0.0572172710622218,3.3926121597998864
42,2010-06-11 13:12:12,B0044,42,10806.266,4.141040142570084,4.372424856068595,-0.006718340442191097,1.134054725513608,5.493162341438832,1012.187,2.5372412665469883,4.1758503096814,-3.9906931282455655,0.0035384118158599247,6.945113627374995,0.0573587470253984,3.40100076457047
43,2010-06-11 17:07:40,B0044,43,10803.094,4.133144464201478,4.355448033366683,-0.007797538339793275,1.1267677979160498,5.590068378859721,991.172,2.5608994701667624,4.1760882615952974,-3.990789539982711,0.004068949254505414,6.969210950143102,0.05749687545445231,3.4091908823325134
44,2010-06-11 20:26:56,B0044,44,10805.765,4.13304631777084,4.355330655419581,-0.009358026321258296,1.122495368845423,5.669601558731559,982.094,2.4875185728014695,4.176702751698478,-3.9914245848072887,0.0036189979782433063,7.1320933104899575,0.05763088809888528,3.4171369608264666
45,2010-06-11 23:46:05,B0044,45,8483.202999999994,,,,,,1063.609,2.652711478763571,4.173920852315538,-3.9916882386949055,0.003340908320272463,6.9052479876970985,0.055116913339787174,3.268074602926327
46,2010-06-16 11:09:50,B0044,46,10803.406,4.135874008072126,4.3634709268339895,-0.009072279219554745,1.1331074298684984,5.334831814427886,1067.641,2.567871692937443,4.176081063674498,-3.9926490229101614,0.0036404625064070505,6.719645217752847,0.06740755265748018,3.996829603415173
47,2010-06-16 15:06:05,B0044,47,10806.531,4.128463976661381,4.347375112612355,-0.007702254155850135,1.1275639732938008,5.334289091062056,1048.687,2.537541377739229,4.177001690332218,-3.9909440128041087,0.004403114801414989,6.752194119869617,0.0675676530317139,4.006322514669594
48,2010-06-16 18:26:18,B0044,48,10803.828,4.129069743320069,4.35188455985947,-0.007872755825340335,1.134413446826826,5.405176163229906,1039.984,2.6996320897449855,4.176258717683466,-3.9908887841162035,0.004262981453303117,6.682861474834709,0.055637310449156464,3.2989307680036695
49,2010-06-16 21:46:19,B0044,49,10805.687000000005,4.135237985644805,4.358988103838195,-0.010084066877013426,1.1211056725054833,5.429455945884124,687.328,2.502639203032668,4.177495150501219,-3.990777296546928,0.006061464639444281,7.805372903557112,0.06822433276106823,4.045259353032243
50,2010-06-17 01:00:30,B0044,50,9426.047,4.1267233720480085,4.35240046838587,-0.008222278903638126,1.1425629657583969,5.418807908591919,1047.531,2.645057195756969,4.177754475108936,-3.9917277049585165,0.0035858034272578795,6.452537181339348,0.056052453431514465,3.32354604768857
51,2010-06-17 04:33:29,B0044,51,10802.828,4.140176134551495,4.365618171839827,-0.010580655936062729,1.1190956392163869,5.393219383668363,1038.375,2.5457909784374686,4.176437545781662,-3.991158236131923,0.006348113315537079,6.89796196003197,0.06868220130105056,4.072407980492029
52,2010-06-17 08:29:16,B0044,52,10806.515,4.127702896860845,4.349097841386442,-0.0076466672169620544,1.153443987271669,5.415576449486085,1030.703,2.525156138635263,4.1766732396736,-3.9909330027161993,0.0036003386969768133,6.643140512754006,0.06874755353346529,4.076282942968292
53,2010-06-17 11:49:12,B0044,53,10806.563,4.127782457619675,4.348437536380697,-0.009176789083426036,1.1478213423936308,5.309178103625137,1010.765,2.6675668355109194,4.176262440841608,-3.990997288294168,0.0041912565972737886,6.823596011664432,0.05651439891347486,3.3509364113002698
54,2010-06-17 15:08:49,B0044,54,10805.016,4.134777663291985,4.364406336109033,-0.009369718816234168,1.124588205640438,5.369045856555965,1025.719,2.6214259323214453,4.17780020929139,-3.9914062156576913,0.003956089692708242,6.621700828774675,0.05673307185387369,3.3639022949022594
55,2010-06-17 18:28:39,B0044,55,10803.234,4.135090316466731,4.349026073007753,-0.00833317138574575,1.108034044467151,5.375009247500128,1016.859,2.5339139586135624,4.177530439833207,-3.992122190709,0.0032602599245902227,6.654177389025503,0.0694133756360175,4.115761864619864
56,2010-06-17 22:24:06,B0044,56,10804.39,4.13288953821488,4.357895366548625,-0.013345325559864432,1.084265813603777,5.417355473493177,1021.079,2.6459372770148692,4.176559125063143,-3.9931560142753657,0.0027635224421310545,6.691030736897561,0.05931766444664955,3.517151831197771
57,2010-06-18 02:19:41,B0044,57,10805.093,4.133337046961006,4.3656947538669195,-0.008282431933156162,1.1396513501289465,5.401752696051491,1010.562,2.5126783310210183,4.177198757478185,-3.992595683096178,0.004727694877004283,6.789742456285512,0.06981707253622738,4.1396984660533045
58,2010-06-18 05:39:17,B0044,58,10803.343,4.12763094143745,4.352246097469965,-0.008364396126989904,1.168974418902745,5.403362401957379,1003.313,2.676683003373552,4.175693660429193,-3.9927859178982166,0.003421350680358617,6.652607169727167,0.05746435089694075,3.407262387539642
59,2010-06-18 08:58:45,B0044,59,10804.438,4.133578144387415,4.364249954452015,-0.007289648028565486,1.1455222062133341,5.363359046077405,1006.187,2.509819479017468,4.1767178653680554,-3.991697440625882,0.0051968427569207,6.727197790202005,0.07053774383993697,4.182429588715991
60,2010-06-18 12:18:17,B0044,60,10805.344,4.126465417073503,4.350349034854535,-0.007402486238691507,1.163533878984249,5.372539359856143,996.765,2.659947287863178,4.175734240124533,-3.9922087112758984,0.0046771770057918525,6.704744929431838,0.05805466052344494,3.442263910327179
61,2010-06-18 16:13:28,B0044,61,10803.656,4.136842584332913,4.365645584050458,-0.00844440422827083,1.1556227295429156,5.322571677084112,999.422,2.502902423851419,4.174858788640489,-3.9930053753030488,0.0038835913980858425,6.688129486124422,0.07083992015291063,4.200346679390992
62,2010-06-18 20:08:41,B0044,62,10804.406,4.124748873821171,4.355551928359319,-0.007351821662209691,1.1857710463446756,5.401090813093875,990.234,2.597947039498895,4.175396670709832,-3.9905824714445868,0.0038423311547758094,7.135311524033081,0.058171836130525824,3.4492116619768907
63,2010-06-18 23:27:58,B0044,63,10804.733999999997,4.131966812578279,4.3542083921683,-0.009987758043804161,1.159894345810416,5.385700080151614,608.953,2.688243972514366,4.176278504943042,-3.992407076231904,0.003173192711416039,7.514206392471801,0.05830515712798288,3.4571167303021095
64,2010-06-19 02:40:54,B0044,64,10803.687,4.130371351644945,4.363968388091364,-0.007704040114200519,1.1674718808097322,5.4353553591134975,586.719,2.6997767051836083,4.1759985062489635,-3.992461574821749,0.002771523809917564,7.105939545905624,0.05845592669367763,3.466056385277047
65,2010-06-19 05:53:27,B0044,65,10496.5,4.129445790961823,4.35812944357955,-0.008075098220216981,1.1675258248298805,5.469630182341387,575.922,2.6926916057581445,4.176936753250137,-3.9906773895407737,0.003879863284028645,7.121133621766568,0.05862986110638707,3.4763695650671846
66,2010-06-19 09:36:31,B0044,66,10132.125,4.137043911619608,4.363816158621692,-0.006787362556294704,1.1559507530787148,5.453177239699646,1050.406,2.6700548004006626,4.1734597535552,-3.9900184345675953,0.0037123685484004285,6.525840333846862,0.05890033218383382,3.4924067414159508
67,2010-06-21 16:14:26,B0044,67,10806.375,4.134917218774966,4.362239341295238,-0.008784451745748757,1.1203583595115583,5.44169443916752,1040.75,2.6107085277536015,4.1757127493459585,-3.9919951224872414,0.004871282653862333,7.0347000891113804,0.05906467702011044,3.5021513216729514
68,2010-06-21 20:10:25,B0044,68,10805.687,4.1319283291645625,4.354263876291155,-0.007954943847897985,1.1470972522274412,5.386992568685968,1019.125,2.500114336550371,4.176096844607635,-3.9922653535751937,0.004442864696561866,6.8973768386013505,0.07240579982844073,4.293193163142547
69,2010-06-21 23:30:14,B0044,69,10807.125,4.125170896280284,4.347813646603953,-0.007004225288380891,1.1475083212691235,5.496654482592375,618.844,2.463640728476522,4.176353738400277,-3.990796915640813,0.003544393856491935,8.12797412482593,0.07255632846891659,4.302118532818448
70,2010-06-22 02:43:24,B0044,70,10806.219,4.12239062411853,4.3454601651500555,-0.007925325626662977,1.1485626067650463,5.526656937187599,1039.547,2.5987325707723405,4.177102599239209,-3.9911388227447215,0.004353045332031152,6.951583874586089,0.05959222988909599,3.533431776770353
71,2010-06-22 06:03:34,B0044,71,10804.937,4.1330288037940415,4.356829479582257,-0.010578220574840794,1.1684138608732264,5.466521116038281,1004.328,2.4742429443982785,4.175820770125257,-3.991443615973067,0.004742063653410455,6.953046195579622,0.07321709022768585,4.34129740898494
72,2010-06-22 09:58:57,B0044,72,10806.062,4.1293878542650475,4.366833204245496,-0.008255422976655583,1.1665998484212545,5.405047070917176,1005.75,2.693112294857156,4.174362644498064,-3.9937289569249144,0.0033085774036558067,6.413311987885646,0.05984100849986973,3.548182730885087
73,2010-06-22 13:54:23,B0044,73,10806.281,4.130331149022598,4.359436193035696,-0.0074804577143274325,1.181776107812199,5.36313026033987,995.797,2.476301013332819,4.175874340371016,-3.991810733048436,0.003023410626945579,6.779577103952525,0.07344347056971572,4.354720291391809
74,2010-06-22 17:13:51,B0044,74,10803.813,4.124139797345501,4.353503093414961,-0.0075083392312499195,1.1856680909527801,5.435655141964368,998.921,2.455959621392259,4.176007922304425,-3.990343191482173,0.004826608136294959,6.978468873690951,0.07373739605923264,4.372148161880876
75,2010-06-22 20:33:19,B0044,75,10805.718,4.124145207393748,4.350025698827715,-0.007760425448039934,1.1777091876488708,5.483092127524799,989.141,2.595966933411927,4.176473294247625,-3.991055043675492,0.008050334690859823,6.809785593582902,0.06032312489727431,3.5767690986357437
76,2010-06-22 23:52:40,B0044,76,10807.077999999994,4.131578817673852,4.359593704621811,-0.00971730617487059,1.1843616457619446,5.459965510880567,979.203,2.4476887634196065,4.176068533506241,-3.9933235016411084,0.0035454695598344595,6.971049837313714,0.07409611978234346,4.39341814631811
77,2010-06-23 03:47:41,B0044,77,10804.672,4.128817487724308,4.369396929659898,-0.008502124415472986,1.1684447064478989,5.46329633207285,994.031,2.696514442504613,4.1740583227112635,-3.991161876623272,0.003363612684290061,6.579881562367587,0.060717150532954955,3.600132256963049
78,2010-06-23 07:42:56,B0044,78,10804.688,4.129632407662495,4.359572724948547,-0.010109003467409025,1.1834341359210363,5.454963228185108,971.516,2.690051793810678,4.175423863730147,-3.9915962217441727,0.004638555951811526,6.690126647286674,0.06082844229397962,3.606731134797108
79,2010-06-23 11:01:59,B0044,79,10803.297,4.1307650866678545,4.360523337799005,-0.0077769701604655525,1.179225991356487,5.44649323932613,810.563,2.682527208849319,4.1750234301728835,-3.991136960671815,0.0031598068505257113,6.925009518097775,0.060928844447982224,3.6126843297366027
80,2010-06-23 14:18:20,B0044,80,10807.219,4.128901571981386,4.358520542732774,-0.008409081484614183,1.1769209700532324,5.44589780141289,599.047,2.6522914416676375,4.17570719288233,-3.991424193255269,0.0028573457211166324,7.831469751479567,0.061220387365620216,3.629970929204211
81,2010-06-23 17:31:13,B0044,81,10802.344,4.127467024778231,4.359530003454044,-0.00856315746516198,1.1784562860732657,5.436319416794836,109.078,2.546878970446884,4.176924395260363,-3.989885469699493,0.008981273123246413,6.3578218287881425,0.06133677582691605,3.636872008226719
82,2010-06-23 21:11:42,B0044,82,4877.25,4.134461177790573,4.364303911479497,-0.006239045201231087,1.1726573081823504,5.303671777013737,109.17099999999999,2.6459302194913836,4.176472262163263,-3.9922420213879173,0.00023402116475407472,6.5954208155010985,0.0615021959933087,3.6466803485680392
83,2010-06-23 23:13:26,B0044,83,4091.172000000006,4.082845700400314,4.308415706297118,-0.0067162534865615395,1.2823549862720256,5.683959663091402,96.484,2.5366466461777906,4.177637250505157,-3.9916255830434317,2.94281467370658e-05,6.324536214740793,0.0615436456229027,3.649138042106532
84,2010-06-24 00:26:01,B0044,84,3046.829,4.075867851696893,4.299916527528604,-0.0035676067328005716,1.2788909111395261,5.761658378819928,109.094,2.619612898646795,4.178674620885059,-3.9917742802321072,0.00233575185107131,7.644851838660085,0.061368282981907545,3.63874017766508
85,2010-06-24 01:21:25,B0044,85,3301.0,4.085072944829853,4.303405106309335,-0.004707151505737797,1.280452734330064,5.7827630160196986,96.906,2.48420676655347,4.180128549369836,-3.99341095347209,0.0018380871713237175,5.10818141008298,0.061633508888739995,3.654466349499371
86,2010-06-24 02:20:51,B0044,86,3004.844,4.076886113625315,4.303262268036986,-0.002671600966820712,1.2756358528236391,5.730161805416016,97.015,2.5492794097929745,4.1786173675742635,-3.991569924612713,0.002697596739934985,6.978200107513246,0.061981030875948785,3.675072143828853
87,2010-06-24 03:51:11,B0044,87,3752.781,4.134850995047913,4.370818493623703,-0.0065557275936561354,1.1553451916541848,5.34665741006942,5608.781,2.6987042664288663,4.132709552803766,-0.9996908932907373,0.0005119272383861949,7.831586108538486,1.4779954511171076,87.63552064788232
88,2010-06-25 20:55:56,B0044,88,10807.359,3.5963556759143667,4.200655055325836,-0.004181981276495603,1.5014192664113137,6.1628708808558414,5703.296,2.6902025456609366,4.15897226684506,-1.002764391386482,0.0009107829167059021,7.730546352316417,1.494119871447679,88.5915939360287
89,2010-06-26 02:09:46,B0044,89,10803.25,3.4670943555939777,4.200428776716092,-0.0015293184443380579,1.500319517151668,6.222517583569959,5668.032,2.682194069736634,4.173670999223567,-1.001809989064009,0.0008606130538372946,7.787963683864436,1.488007820113173,88.22918903111429
90,2010-06-26 06:47:06,B0044,90,10805.14,3.4687655708982494,4.200484578433629,-0.0008225387078052523,1.4999258085733025,6.195388404685395,5634.047,2.698791325109984,4.173428084270444,-1.0010193795008968,-2.9338418792105184e-05,7.849823078169805,1.4748338592717107,87.44805880742939
91,2010-06-26 11:23:55,B0044,91,10802.829,3.4840838222208976,4.200459781798068,-0.0014155929491819653,1.5017875861518672,6.239599023616455,5582.375,2.6972261726105513,4.17295985340472,-1.0008333686989588,0.0005583489138716594,7.863220580243154,1.4604378044785566,86.59446635819693
92,2010-06-26 15:59:50,B0044,92,10802.656,3.4943478911572075,4.200175157334651,-0.002009086582212171,1.50071231434023,6.306215377786661,5567.329,2.6816548421625512,4.172771279792943,-1.0006757296253446,0.0003606007179158548,7.930106785779635,1.452380841576719,86.11674084272964
93,2010-06-26 21:11:21,B0044,93,10803.047000000006,3.63848494070441,4.200308775943039,0.002527540189343485,1.5014962485001515,6.185956843768388,5528.453,2.6758389635879234,4.15544388290786,-1.001584094423824,0.0020170086458555707,7.888437545923743,1.4411028883649861,85.44803154406053
94,2010-06-27 02:22:13,B0044,94,10802.312,3.499586583810219,4.200135894447758,-0.0005422436783163781,1.4999941666029766,6.229703526301077,5513.39,2.6766750362925413,4.172195811279475,-1.0011109661354312,0.001564792524233504,7.818043363205418,1.4300355978410688,84.79181317309613
95,2010-06-27 06:57:00,B0044,95,10802.484,3.51471829355637,4.200415357905074,-0.0012713191459983479,1.499913833995498,6.229028515374869,5486.187,2.695622084623807,4.171402160517197,-1.0013667929909769,0.0017297331873697762,7.830974235734798,1.413943296719903,83.83764434523543
96,2010-06-27 11:31:20,B0044,96,10802.266,3.538579621237064,4.200007868238377,0.0006738230677645794,1.5001014002572102,6.149618502992722,5461.922,2.6908429071948605,4.170188354997629,-1.0031105310166462,0.0009730796952747865,7.878562179371438,1.3972667497450317,82.84883353688882
97,2010-06-27 16:05:16,B0044,97,10803.234,3.5578106330660417,4.200370305442998,-0.0029286930306015565,1.5006307118604538,6.189221794157435,5438.157,2.6963132256039875,4.170349799747877,-1.0004034898094731,0.0012259246336586039,7.960251571512366,1.3865375876825874,82.2126639852524
98,2010-06-27 21:14:40,B0044,98,10807.89,3.67747615490933,4.200502241294513,0.0008555272947497063,1.499750342402679,6.0903838587137455,5402.875,2.6889652303475895,4.152127517238579,-0.9998017351246393,0.0030985899579741793,7.825815360855775,1.3724753685724698,81.37886582149736
99,2010-06-28 02:23:34,B0044,99,10803.938,3.5757927499587767,4.200168870079693,-0.003542652311103713,1.5022906091827568,6.149702463834278,5384.438,2.697702269918439,4.169872871486082,-1.001001283053754,0.0013697698641143394,7.871717073752719,1.3598593948812812,80.63082060791321
100,2010-06-28 06:56:15,B0044,100,10807.062,3.590662076087905,4.201178685447468,-0.0029580569895455815,1.4994214514483617,6.139138266560409,5344.859,2.6908621173584564,4.17029400170211,-1.000535766089263,0.0021013923957275125,7.872850841533409,1.3486733410392264,79.96756034435639
101,2010-06-28 11:28:20,B0044,101,10806.157,3.594744917443969,4.20104720954665,-0.003428001294490295,1.4999326318446056,6.099006755965713,5305.156,2.6956578221948044,4.16968317987712,-1.0001303334513887,0.0009310009554464437,7.787673589037049,1.3334258933205057,79.06348583020852
102,2010-06-28 15:59:45,B0044,102,10804.781,3.6037061989163752,4.2007449336805305,0.00014915637555362155,1.4997071014551087,6.062456798660048,5284.547,2.683891843696469,4.170671249766948,-1.0006996840010498,0.0014497208979828051,7.997910807563725,1.3387793081075827,79.38090852034941
103,2010-06-28 21:06:40,B0044,103,10808.187000000005,3.6931859981643536,4.200599060010198,-0.0017769329871342551,1.5007637378830512,6.112608632620739,5267.843,2.6861736439095387,4.149844268077626,-1.0012478773196167,0.0017943549116499447,7.881896352735887,1.3153320403016995,77.9906379884707
104,2010-06-29 02:13:23,B0044,104,10805.625,3.614084076622674,4.200199280033324,-0.004433527013611414,1.499574123525432,6.103288890011372,5229.688,2.6915218489806785,4.170207896534634,-1.0000486043905183,0.0008259898109111774,8.022448822976777,1.322963328110081,78.44312373854243
105,2010-06-29 06:43:33,B0044,105,10805.5,3.589541567813773,4.200174838044555,-0.0018508601278008987,1.5000158706158473,6.132864117686446,5206.954,2.6982230360736286,4.169943833836458,-1.0000156861218927,0.00757025057687288,7.977920186292173,1.3086991524155074,77.59735086240671
106,2010-06-29 11:13:20,B0044,106,10803.016,3.603968878292968,4.200025186562211,0.00026421610057073697,1.500257382422718,6.192706577814643,5179.062,2.6884148666237393,4.168649657337103,-1.0003532671448447,0.0030345758410345,8.016774436428086,1.2897499583900436,76.47378686021433
107,2010-06-29 15:42:37,B0044,107,10803.875,3.622985734391033,4.200834122602502,-0.0008268035309885146,1.4996193071659618,6.2071253146121865,5144.109,2.699098319484438,4.168865124534303,-1.0001270037964975,0.0021060612848631997,8.104364904391632,1.2906172590904164,76.52521215274686
108,2010-06-29 20:47:12,B0044,108,10807.344,3.7047234983793316,4.200465120459184,-0.002433741980526899,1.4995085062269857,6.109124204077515,5142.891,2.692387025960113,4.14775004325363,-1.0003776702130833,0.0021528243384569684,8.021367388918382,1.2752011253442166,75.61113565392917
109,2010-06-30 01:51:52,B0044,109,10805.812,3.6294443220225685,4.200635944354023,-0.0019403748064120336,1.5016146939793038,6.139410390428101,5109.734,2.684075358151804,4.16768084822256,-1.0013725571006211,0.0021603785656978316,8.012944452376887,1.2686072657374579,75.22016265108225
110,2010-06-30 06:20:03,B0044,110,10804.172,3.631055958742334,4.200481906666047,-0.0016261320692925031,1.4995078387378837,6.16224670005526,5078.937,2.687825351809013,4.167944485512648,-1.0005394687347553,0.0010019248675130364,7.944197776199544,1.2565759973225976,74.50678665875847
111,2010-06-30 10:47:43,B0044,111,10803.296,3.6385703813691923,4.200589632886184,-0.00015014686936682387,1.499887314636142,6.126052693685653,5051.672,2.6932435794466025,4.167775501643388,-1.0005198847037153,0.0020243679839175343,7.904886527570053,1.2486254509320867,74.03537095051597
0,2010-07-21 17:25:40,B0045,0,10803.313,3.7016506739400707,4.212505544111033,0.00047054810922847137,1.5140751339173384,6.398133337813654,5650.265,1.9875972636980002,4.16699885717682,-1.0087426406516653,0.0026935510429979383,9.412485833762908,0.927952404748273,100.0
1,2010-07-21 22:38:43,B0045,1,10802.077999999994,3.664881730012674,4.214912115100189,0.0009466647183138165,1.5120238715770886,6.346660652666447,5590.907,1.9885380767186824,4.187894400053388,-1.0090556479293218,0.004060923649824136,9.14441346005273,0.885193608411576,95.39213475627596
2,2010-07-22 03:14:53,B0045,2,10807.688,3.676400672516339,4.215772211395993,-0.0016041590857721495,1.5127067481021716,6.18467402193531,5543.61,1.969241613952096,4.188401226248918,-1.007865061542852,0.0020631851299733996,9.07418033049993,0.8581010699478283,92.47253043981351
3,2010-07-22 07:50:21,B0045,3,10805.687,3.6833239180375412,4.216186982840325,-0.00021119788986431653,1.513315879830602,6.199398112128066,5499.046,1.9830542841988097,4.188303916193977,-1.0092390728045402,0.0026205512748727006,9.063698357219925,0.8409352213456689,90.62266739572603
4,2010-07-22 12:25:03,B0045,4,10804.078,3.689718260122667,4.216835157279528,-0.002419843359598465,1.5131036691999489,6.132889757838919,5461.219,1.980464521626357,4.18828020412361,-1.0082097757590034,0.001774456226012779,9.076577071060372,0.8245471942901911,88.85662562767615
5,2010-07-22 17:34:59,B0045,5,10804.969,3.7090139414294345,4.216709191560564,-0.0011981440145155118,1.5133725328641991,6.240752508687593,5451.281,1.9822192378370667,4.115223647482973,-1.0081874076413238,0.002860530522004708,9.265023738219778,0.7935960418803983,85.52120106803088
6,2010-07-23 12:07:29,B0045,6,10808.375,3.710797325023185,4.217632030421649,-0.00012596514010884663,1.5130311299415478,6.354277877807074,5468.062,1.9987122390470566,4.166319111887713,-1.0098943079946225,0.0016835948034780235,9.339350112299787,0.8183676087159205,88.1906878551514
7,2010-07-23 17:17:36,B0045,7,10804.25,3.7001967933902637,4.2159992807751845,-0.0039083057763083595,1.5134536808203187,6.463270866400196,5411.297,1.97927314966301,4.188858082816243,-1.0088447706775023,0.003824984984423394,9.308634523153344,0.7977644276409412,85.97040360678325
8,2010-07-23 21:50:50,B0045,8,10802.406000000003,3.7033357308618897,4.217820005542926,-0.0013258678072799368,1.5134086648411913,6.362041799290184,5369.703,1.9640518711887227,4.189052979187811,-1.008540571989902,0.002483246031361786,9.25414520667292,0.7993777411831636,86.14426096562701
9,2010-07-24 02:23:21,B0045,9,10803.203,3.704656559266893,4.217270197581081,-0.0028808893704954774,1.5132076812753137,6.402988789679018,5327.406,1.9965583229383295,4.189280705297697,-1.0084157672653467,0.0032898503551375496,9.291749311540086,0.7783107440628891,83.87399397644997
10,2010-07-24 06:55:11,B0045,10,10806.079,3.7085641322556575,4.218979748286235,-0.0018212762731881643,1.5136313762663711,6.3441469127079735,5299.266,1.9676140964966766,4.189527524041756,-1.0088566807748427,0.0031238080493800314,9.310447961834724,0.7803738231239117,84.09631993309019
11,2010-07-24 12:02:28,B0045,11,10803.641,3.7153681764837283,4.219637943167753,6.357229089303945e-05,1.5117690493719422,6.292733673663424,5367.172,1.9877016401767398,4.097057578524458,-1.0080424431902402,0.0025883930218550243,9.29775486780575,0.7713058245640294,83.1191147969774
12,2010-07-27 18:19:03,B0045,12,10805.125,3.711523478532834,4.218222306090944,-0.0011063230368855254,1.5127255416268222,6.367852147221763,5406.812,1.99572402940065,4.166427487441078,-1.0087189699625896,0.0021632241350814383,9.245632947295453,0.795279016979026,85.70256544512782
13,2010-07-27 23:28:08,B0045,13,10806.202999999994,3.7049812120062264,4.218112683702072,-0.0029880613976257897,1.513824002804658,6.358666739311777,5353.094,1.9723902186883997,4.189116912804917,-1.010914036070883,0.002216827868786958,9.21860683892004,0.7824128169919247,84.31605036943365
14,2010-07-28 04:00:28,B0045,14,10807.016,3.705980078105491,4.218880565433784,0.0008901679297719643,1.5127884726588108,6.3346393244099675,5280.031,1.9760075772645442,4.189394418073402,-1.008249683063318,0.0007779012462240868,9.194130154197088,0.7649414992231182,82.43326870095508
15,2010-07-28 08:31:35,B0045,15,10803.453,3.708586843415145,4.218644074138911,0.0011723934741957388,1.5121540214320461,6.342789977695119,5248.593,1.9786838559411906,4.189251613691141,-1.0084247134366529,0.0025472189567085405,9.188267060937262,0.7544899426779375,81.30696561776884
16,2010-07-28 13:02:08,B0045,16,10807.812,3.7108977894052884,4.218453827207942,-0.0004125062208218401,1.512449425820173,6.32005326934741,5203.375,1.9866467601774969,4.18999236240837,-1.007946613751651,0.002000074094009827,9.211910760834266,0.7504048978314295,80.86674424158564
17,2010-07-28 18:07:53,B0045,17,10805.016,3.7177598643467133,4.219752283973944,-0.0009215107051719562,1.5122318141600357,6.187144352852324,5166.812,1.9915335628511552,4.165973150657214,-1.0076971244709267,0.0021407378575631153,9.156857409395572,0.7407258109620256,79.82368569463037
18,2010-07-28 23:13:00,B0045,18,10805.781000000003,3.711298361925506,4.217846293094645,0.00027555430892467226,1.5120767799687818,6.229111278750745,2384.094,2.942421777794815,4.1894414322262765,-1.0079890306492827,0.0006807274717778113,8.86575510454971,0.0,0.0
19,2010-07-29 02:55:52,B0045,19,10802.625,3.6158086801723406,4.2169942088679955,-0.001745392996722793,1.5125358367349508,6.188388256154581,5340.281,1.9935644864605024,4.195641973763218,-1.0082380238297786,0.0031552043724057464,9.104538013834128,0.7308525593793626,78.7597031528381
20,2010-07-29 07:27:57,B0045,20,10808.813,3.720607484155064,4.222305913821396,-0.0004538353748852311,1.5118463409834424,6.164860033220079,5103.0,1.9937078109097683,4.189381114418313,-1.008015294958034,0.0035803388253716297,9.196243634400288,0.7287255851177903,78.53049158436879
21,2010-07-29 11:56:11,B0045,21,10804.828,3.7138118232040664,4.221784445246759,-0.0005649186255219483,1.5126725758061381,6.342501812627873,5051.172,1.9840988185168291,4.189726548094093,-1.0101830059414636,0.0020661172668500526,9.224293881462565,0.7161023377036263,77.17015808562773
22,2010-07-29 16:59:23,B0045,22,10808.359,3.7213196827706265,4.223074460456042,-0.00251079715264086,1.5116970171941342,6.178631590788171,5027.563,1.9818309446595743,4.166289777836687,-1.0094830851519123,0.0033448013063438584,9.239291915944644,0.7129204834988017,76.82726827915238
23,2010-07-29 22:02:15,B0045,23,10808.75,3.713347908540216,4.219807321060552,0.001643281131435636,1.5121924723278537,6.253433163781065,4993.765,1.9984963466197732,4.189756191273931,-1.009270147494984,0.002386372493393292,9.220514425854448,0.7141991829499618,76.96506623566577
24,2010-07-30 02:28:41,B0045,24,10808.5,3.7147998616430584,4.221367342382062,-0.0017574208838130518,1.5121206881566716,6.201558196698034,4962.469,1.9886589228929203,4.1890449974281685,-1.0108313950708208,0.018424300003305784,9.140591023627803,0.7190570819844222,77.48857358470684
25,2010-07-30 06:54:35,B0045,25,10808.781,3.716228300526997,4.219942858769266,0.0002073312151332824,1.5125089467512338,6.159549767698794,4907.859,1.9836644140733661,4.189274783071479,-1.0080797400452108,0.002632956458522413,9.05273466167465,0.7173975428775917,77.30973476729135
26,2010-07-30 11:19:35,B0045,26,10804.703,3.717008113751777,4.221635921773357,-0.0006277827710414696,1.5114825713151228,6.175751461019948,4888.656,1.9705703151314151,4.189518201774546,-1.008906381541965,0.0031568899849536165,9.311519157220646,0.7071027496463946,76.20032514902651
27,2010-07-30 16:20:06,B0045,27,10804.766,3.7226572451876834,4.222839437547596,-0.0016286376135613055,1.5123019013759156,6.150165030743579,4866.25,1.971779249329659,4.166301702021804,-1.0084556602023516,0.0025149295410125624,9.167853966731156,0.703531206505542,75.81544084649362
28,2010-07-30 21:20:14,B0045,28,10802.641000000003,3.716676050104463,4.2216919197368465,-0.0006470011961989668,1.5130275936041395,6.165637375839539,4836.125,1.9938420365930107,4.19002918934191,-1.00994980914745,0.01039401459756542,9.287848514483294,0.6941108278958862,74.80026177465197
29,2010-07-31 01:43:57,B0045,29,10802.015,3.716661969897721,4.222629588756158,-0.0016299638884642337,1.513903359692743,6.151355818077522,4801.485,1.9993629637641337,4.1895524054233135,-1.0082413706235676,0.002736924726620858,9.322184761530549,0.6914114388869608,74.50936441880562
30,2010-07-31 06:07:05,B0045,30,10808.25,3.7152402001520177,4.2232421697137985,-0.0002438797694984797,1.511667112422583,6.20923971426029,4760.938,1.9932756058141663,4.189008492340535,-1.0081786693703223,0.0022824989831722532,9.289681276195049,0.6971551798505504,75.12833376833251
31,2010-07-31 10:29:39,B0045,31,10803.187,3.714941505220087,4.223836162385681,-0.0026969868729200676,1.5120995453382131,6.23403413207951,4740.907,1.9801057444800894,4.189696962609597,-1.0080303326541913,0.0017200644756042193,9.365909184464234,0.6832460217432723,73.62942519973505
32,2010-07-31 15:27:42,B0045,32,10804.329,3.723443030588441,4.225006681394514,-0.0021824104796867383,1.5125799544266125,6.213701327289025,4914.532,1.9944009127947364,4.0900107068393625,-1.0082541248682169,0.003281968818594005,9.328022708662925,0.6822029317493292,73.51701749556771
33,2010-08-03 17:52:22,B0045,33,10802.156,3.718999446501461,4.224550380615736,0.0017707357240102294,1.5127894559866528,6.297173756353018,4998.656,1.9913126738513702,4.166284738890519,-1.0086099504503174,0.004058479216629877,9.373114023056761,0.7289529213213379,78.5549902765845
34,2010-08-03 22:54:43,B0045,34,10804.672000000006,3.7164729417431004,4.22151907781768,-0.004188077502699662,1.5118698331723852,6.210264912614041,4890.015,1.9818085465777886,4.188598948796885,-1.0089146761829488,0.009545354715325544,9.306835708093752,0.7139321758287004,76.93629244081434
35,2010-08-04 03:19:23,B0045,35,10806.687,3.7122929219352625,4.2241918186434155,-0.0014313270498048872,1.5119090150975538,6.11948304049798,4842.11,1.999993313622792,4.188722662834883,-1.011018341220977,0.010540829141181507,9.339526786032339,0.6957731747455482,74.97940316608066
36,2010-08-04 07:43:19,B0045,36,10804.187,3.7157068318419415,4.221893290121031,-0.0022333624102740925,1.5130627849623997,6.226190572340675,4798.281,1.9746595802941598,4.188679542275547,-1.0088132806643768,0.002992440503063521,9.1327535688995,0.7018312962317095,75.63225146467467
37,2010-08-04 12:06:28,B0045,37,10804.703,3.7170404538246644,4.223198785855621,-0.002516093815970375,1.5121917589677474,6.195437074031994,4739.188,1.978180955008712,4.1894790557667125,-1.0088474838548318,0.002947389086217655,9.343849839453913,0.6911808244378487,74.4845124492507
38,2010-08-04 17:04:33,B0045,38,10805.594,3.722642571161788,4.22647944647443,-0.001973328606416868,1.5119938537956232,6.2004663293612206,4733.156,1.9845097801200726,4.165443751495042,-1.00822558167956,0.0014227153872084996,9.257582649630315,0.6843279752855028,73.74602100106002
39,2010-08-04 22:02:33,B0045,39,10803.797000000006,3.717896498249287,4.224910195474122,-0.000767604468449409,1.5130834137964688,6.15087524658299,4670.61,1.9921664972023339,4.189848639216605,-1.0089040108456189,0.0021258981792014165,9.38425161776499,0.6741394908812485,72.64806766292321
40,2010-08-05 02:23:35,B0045,40,10806.938,3.716143386106004,4.223864178521728,-0.009247437182522187,1.5169690471901494,6.104025259900988,4635.0,1.9991203083414102,4.165425573897933,-1.008891006761111,0.004589010015651776,9.144982402264807,0.6670070174301739,71.87944274050497
41,2010-08-05 06:44:04,B0045,41,10805.984,3.718560686189976,4.223442953484142,-0.0010295230142228478,1.5142044578775895,6.137825478877029,4615.86,1.9790832878431535,4.188987638858462,-1.0086883164534273,0.0020919769192902444,9.26257479341655,0.6804085117374855,73.32364335238303
42,2010-08-05 11:04:13,B0045,42,10804.937,3.7179273099641517,4.223236935732347,-0.000401074767160601,1.5121658061112975,6.154087888499866,4580.75,1.9986367632788742,4.1895804149451985,-1.0081099375956661,0.002338461356783473,9.40011028670591,0.6617864063235485,71.31684803414807
43,2010-08-05 15:59:42,B0045,43,10804.922,3.726199631119247,4.225164705832692,-0.0008925154824669237,1.5117627573390446,6.1713857085526085,4557.406,1.9713723245890473,4.16611714089707,-1.0087699262516547,0.0033870767217086184,9.419332811255558,0.6623168733492338,71.37401336105181
44,2010-08-05 20:54:47,B0045,44,10808.079,3.715210312406165,4.225631132785569,-0.001534315209971906,1.5126380816367955,6.1968927525542465,4524.0320000000065,1.9843056004522797,4.188826402459722,-1.0089150089693268,0.0015290868504890403,9.207828068558017,0.6679358357181778,71.97953605167604
45,2010-08-06 01:13:28,B0045,45,10808.421,3.7178990959515295,4.225902044238635,-0.005804384395798055,1.51277963753756,6.116803396036895,4502.938,1.9946795397137125,4.189296725569063,-1.0103825696902464,0.006873978324763291,9.478974220669317,0.6488990885270688,69.92805721572505
46,2010-08-06 05:31:48,B0045,46,10809.953,3.7166755798970867,4.227187917644535,0.0014442687140575697,1.5130614499190684,6.149496265425039,4483.094,1.9789936656967484,4.189791506946971,-1.0083605532110593,0.004295149442280236,9.37536325812961,0.6503639129625527,70.085912772539
47,2010-08-06 09:49:49,B0045,47,10803.234,3.717149586483315,4.223838331509187,-0.0011096431298399558,1.514938059756413,6.134862768661879,4448.36,1.9690947658783289,4.189224626327275,-1.0094489912636213,0.004123870836158107,9.348977069227304,0.6572077690202801,70.823435087553
48,2010-08-06 14:43:07,B0045,48,10806.329,3.727676834010307,4.227808887492154,-0.003160733837139557,1.511261153184801,6.077735856346787,4440.531,1.9951107736579325,4.165757111360098,-1.0088647594062352,0.0038883550610247183,9.539830147989116,0.6363517458476216,68.57590352602682
49,2010-08-06 19:36:20,B0045,49,10804.89,3.716942690396085,4.225283146322072,-0.00043787392970797757,1.5138775131399829,6.158340320892469,4416.547,1.965197509539028,4.188761935596181,-1.0085879672096902,0.0035221405764743396,9.436879605277216,0.6536449360948587,70.4394894339623
50,2010-08-06 23:53:10,B0045,50,10807.342999999993,3.7164041653534845,4.223224193777394,-0.0034484184389988568,1.512260459164947,6.149313419281584,4382.937,1.9820270227741772,4.188802708146619,-1.0081206341074493,0.0008969412858814422,9.4879310296259,0.6391428272150887,68.87668203074165
51,2010-08-07 04:09:31,B0045,51,10809.625,3.7146638217628216,4.2281807899659825,0.0008249375674937676,1.512749702532823,6.1046390900662715,4347.453,1.9731005832473114,4.18882331762149,-1.012324540932804,0.002349464663607201,9.300314416191522,0.6482206049496236,69.85494101127604
52,2010-08-07 08:25:18,B0045,52,10804.875,3.7189062593014035,4.226473707945896,-0.0013601546268874837,1.5117012888770998,6.104294763321776,3581.188,1.9974420919351863,4.189363830091343,-1.0095045117473536,0.0019845153705322113,10.07602230197817,0.6287957471922729,67.76163777094227
53,2010-08-07 13:04:21,B0045,53,10804.531,3.7261129810635167,4.2288292167353845,-0.002489253733918274,1.5122358263432325,6.124559526967275,4746.5,1.9759474231215746,4.087899947377259,-1.0083299001575527,0.0031132594070846236,9.254842453288928,0.6380571850193401,68.75968872481415
54,2010-08-10 17:36:14,B0045,54,10810.016,3.723679380397729,4.22459318481904,-0.00031402085133205534,1.5130785172685954,6.2421538803278835,4679.156,1.9944210992064382,4.164689190245494,-1.0094473741371575,0.0028084398017307896,9.58411609363967,0.6554825047832906,70.63751345750372
55,2010-08-10 22:33:31,B0045,55,10803.282000000007,3.717319570548759,4.226874973344554,-0.003667961134863252,1.5121718931456405,6.207527712549004,4596.578,1.972391693643957,4.1883794105875705,-1.0100876092585305,0.001177446130937781,9.566905713744635,0.6484934835397033,69.88434753996042
56,2010-08-11 02:53:22,B0045,56,10808.906,3.7160926854681953,4.22709690449861,0.000635772066440369,1.5115092206978518,6.224273050292287,4544.641,1.9932621672542286,4.188367290905127,-1.0110407655502038,0.00823712481579638,9.486246140892044,0.6454071687844921,69.551753460844
57,2010-08-11 07:12:27,B0045,57,10809.375,3.7165515582378745,4.22524346926149,-0.0005089190738626743,1.5128373739353285,6.356922170308384,4526.938,1.9848873247448806,4.189241965038727,-1.0078016297171766,0.002600814535480193,9.492943245052498,0.6427008031845645,69.26010427861446
58,2010-08-11 11:31:14,B0045,58,10803.938,3.717467752267382,4.224862450834921,-0.00171878168273136,1.5121722134509057,6.484463848655845,4487.438,1.9683654551310577,4.189229122156955,-1.0081100082305772,0.003492204030412119,9.621291466671478,0.6352454880802477,68.45668860059388
59,2010-08-11 16:25:13,B0045,59,10802.313,3.7249702385591372,4.227048667602161,-0.0014564296303722515,1.5115391337864272,6.452529959566809,4513.312,1.9924043536128275,4.106243161598799,-1.009973121232977,0.005214365727727677,9.480811280043975,0.6156760019587869,66.34779960786913
60,2010-08-12 14:27:15,B0045,60,10807.516,3.727786811583755,4.22855891544696,-0.005334444180569459,1.512027195542021,6.4546045672401124,4568.438,1.9776141524479487,4.132596928052376,-1.0110530492189724,0.0036321606387848507,9.448949676434,0.6170833682807023,66.49946324004617
61,2010-08-12 19:22:39,B0045,61,10804.64,3.7183029118842548,4.228609711004787,-0.0011055464164968982,1.5121626140027076,6.401812882065797,4499.656,1.996982635601323,4.18912672162077,-1.0077262022738762,0.003375869921123673,9.522656892771677,0.6434227390858672,69.33790308570939
62,2010-08-12 23:40:56,B0045,62,10807.093999999997,3.720597747057886,4.228083348653295,0.0007428483587605519,1.512367608766892,6.383232670692953,4430.984,1.9822999400765693,4.1893708877050795,-1.0088787623235531,0.006744326671938432,9.570096566546104,0.6278124433742752,67.65567287306969
63,2010-08-13 03:58:07,B0045,63,10803.235,3.7170883966804267,4.225000124664818,-0.00121713849735512,1.5114587392052516,6.385066792128529,4411.141,1.9703495135592828,4.189359078886884,-1.0075105897625538,0.0021298336691764393,9.488568418373822,0.6290078315253372,67.78449285833459
64,2010-08-13 08:14:54,B0045,64,10805.453,3.719726556537373,4.22706559358462,-0.0009598342179462347,1.513211177266548,6.383830300816934,1991.531,2.9329708174243927,4.1893540752465075,-1.00811996758102,-0.0018274013940157159,8.948370017570232,0.0,0.0
65,2010-08-13 12:27:18,B0045,65,10806.078,3.7844544607481314,4.234121122484596,-0.0021323173633511815,1.5137622790743919,6.2276546861746045,4883.312,1.980504790064301,4.107093365455889,-1.0068312874472778,0.0039482056686982,9.378195494421618,0.6266355568292261,67.52884669760778
66,2010-08-16 12:56:14,B0045,66,10806.641,3.728048220364857,4.227592158324971,-0.004092005445193677,1.5129082577089248,6.399342844908104,4663.907,1.9754246490329654,4.165486716481237,-1.0077613985685372,0.0029679009691201304,9.495184531517388,0.6495813516716594,70.00158072200614
67,2010-08-16 17:53:19,B0045,67,10807.969,3.7215016712728417,4.228189179521998,-0.0056223089769788185,1.511482989763696,6.444080539036814,4581.328,1.9843068510361204,4.189250217496488,-1.007878767792016,0.000710860066328243,9.474914433741436,0.6337485177966306,68.29536887385387
68,2010-08-16 22:13:02,B0045,68,10809.593999999997,3.7207872697071,4.227651941375762,-0.001250172007951376,1.5120228611462783,6.422819172871319,4553.031,1.9881721268958945,4.189075663187289,-1.0110523170001116,0.002906548386898504,9.411639640493867,0.6298550929085645,67.87579725917367
69,2010-08-17 02:32:20,B0045,69,10804.109,3.7219403001762164,4.226519047533556,-0.001116076760283019,1.512182074794873,6.388268052807578,4486.5,1.9809529177782506,4.189728966453982,-1.0093503038300253,0.008044070286859193,9.476832839675836,0.6183063778386736,66.63125982268483
70,2010-08-17 06:50:25,B0045,70,10810.344,3.7196766118738966,4.227989319848853,0.0013335046833484643,1.5135514851971976,6.396850658634223,4450.625,1.9697892783360584,4.189240671585531,-1.0077970558442526,0.0031363187482987167,9.49822266009937,0.6069476168507777,65.4071926259435
0,2010-07-21 17:25:40,B0046,0,10803.313,3.321480132347745,4.203019416094464,8.57456703165609e-05,1.519310185855195,6.59524251127803,5650.265,2.1744736968146285,4.162338775528476,-1.0149368694391114,-0.0003168659044778936,8.872109574065124,1.5161488467923143,100.0
1,2010-07-21 22:38:43,B0046,1,10802.077999999994,3.0335041951855812,4.20209051336727,-0.0002167498949682526,1.5197414537855125,6.797039458477361,5590.907,2.195666899317151,4.180873304847234,-1.0140769923503719,0.0006451612201280825,8.6284456728549,1.503121190703977,99.14074029631723
2,2010-07-22 03:14:53,B0046,2,10807.688,3.0580715955223576,4.202991619271511,-0.0023660022209968123,1.5188296502894276,6.64769685362503,5543.61,2.1796283675041006,4.182266567788393,-1.0139326738131618,-0.0009026708261391236,8.63136091760955,1.48586566102824,98.0026244897957
3,2010-07-22 07:50:21,B0046,3,10805.687,3.0722656181631596,4.20219028234197,0.001097605164024043,1.51768477246696,6.671211445777035,5499.046,2.1952581561866973,4.180656549578995,-1.0141216340191552,-0.00030921322865974356,8.67696820980418,1.4694562316392716,96.92031456859732
4,2010-07-22 12:25:03,B0046,4,10804.078,3.0887805544445475,4.202118239103055,-0.004008018574755397,1.5179737829499198,6.644391114555026,5461.219,2.1940346005371705,4.180899052149243,-1.0146327995843631,-0.0016946404892597652,8.714755394110101,1.4589554592644807,96.22771948487534
5,2010-07-22 17:34:59,B0046,5,10804.969,3.414910421335623,4.20258912889131,-0.0020012274018194717,1.5184352689364435,6.472428832388976,5451.281,2.1978529182010296,4.121126965024616,-1.0146720016504303,0.001219661244884681,8.941517894800649,1.4556853555098295,96.01203460923998
6,2010-07-23 12:07:29,B0046,6,10808.375,3.3919870192969235,4.202732147691169,-0.0014284247815710622,1.5177369240025083,6.59711001989636,5468.062,2.190965071547283,4.158094572470294,-1.0150359928774078,1.863439523670589e-06,8.956808204433374,1.456232262380321,96.04810671862742
7,2010-07-23 17:17:36,B0046,7,10804.25,3.0985912515119756,4.202698637433074,-0.0013312441070850278,1.5199042404996,6.934096844736393,5411.297,2.1866396618663058,4.180141305155931,-1.0152062278681104,-0.0003551370183381665,8.857079944726477,1.4440592236675138,95.24521465835501
8,2010-07-23 21:50:50,B0046,8,10802.406000000003,3.1169522831558245,4.202009637374022,-0.00010334911871344363,1.5184177355512734,6.837981119053194,5369.703,2.183328288428697,4.179370029585307,-1.0155359732475864,-0.0019081565659768097,8.951187295260016,1.428294264765868,94.20541180951207
9,2010-07-24 02:23:21,B0046,9,10803.203,3.112972122756929,4.202034448340552,0.0011839856620768003,1.5172924382984412,6.904036282764311,5327.406,2.169516718963703,4.178701514525068,-1.0142040713603584,-0.0016858857505832202,8.966158040889411,1.4199848948034668,93.65735414485854
10,2010-07-24 06:55:11,B0046,10,10806.079,3.1237307100946494,4.203345591032719,0.0001163405515411741,1.5177791942412544,6.834688984450735,5299.266,2.1506636217123933,4.178686122362143,-1.0140802271588931,-0.0015827464254789514,8.972930848723113,1.4043226018516568,92.6243227914432
11,2010-07-24 12:02:28,B0046,11,10803.641,3.4975866720428015,4.202722980009998,0.0017035521528344989,1.5179395950147359,6.529067709480648,5367.172,2.1813781395662764,4.104216707532647,-1.0152535112311678,-0.002452303033224444,9.032800036514974,1.4234351301615986,93.8849198858761
12,2010-07-27 18:19:03,B0046,12,10805.125,3.38528671324026,4.202010567040898,-0.0012566622186541473,1.520082198213037,6.5910154560859,5406.812,2.1971149516601716,4.155511867054,-1.0150882170381768,-0.0010990951095201597,8.8666091485246,1.4339948857967295,94.58140530401113
13,2010-07-27 23:28:08,B0046,13,10806.202999999994,3.11586865919829,4.202671501391428,-0.00013527338898345045,1.5184870306535683,6.846818040511808,5353.094,2.157995006136477,4.17891702072451,-1.0138597436043137,-0.0004694932106597825,8.91721938287038,1.4185177047756572,93.56058330135505
14,2010-07-28 04:00:28,B0046,14,10807.016,3.1118059830583746,4.202846398470525,-0.001380419116213709,1.5202800291536007,6.846843711378936,5280.031,2.198419108542039,4.178285871350945,-1.0144360732666853,0.0005755292151167822,8.923958703020183,1.4056313337829422,92.71064228006426
15,2010-07-28 08:31:35,B0046,15,10803.453,3.1435333714090823,4.204027572445638,0.0002508067173514128,1.5175691812433056,6.862291579790148,5248.593,2.151164339585934,4.1780747638293185,-1.0142612945959941,0.003046516548076153,8.991317663963024,1.3890214025155618,91.61510793971756
16,2010-07-28 13:02:08,B0046,16,10807.812,3.1301685938758634,4.202813130698547,0.0006914587228396971,1.51928659078304,6.861484400908259,5203.375,2.152208745567858,4.177918597629585,-1.014489076885478,-0.0010481100245803275,9.016720196858454,1.3723339082737365,90.51445781046866
17,2010-07-28 18:07:53,B0046,17,10805.016,3.5305088032730096,4.203170424331596,0.0001504819011919422,1.5179842423301593,6.460547184938661,5166.812,2.165968185309718,4.151019587024004,-1.0134987135278009,-0.001227838941741675,8.999593683204715,1.3615778905990565,89.80502761847687
18,2010-07-28 23:13:00,B0046,18,10805.781000000003,3.143241759876662,4.202832157859292,-0.0025892056521463996,1.5175143994794675,6.775939699632561,2384.094,3.4709356617126152,4.177351418157289,-1.0096726635247664,-0.0017014983221299263,7.549065028670864,0.0,0.0
19,2010-07-29 02:55:52,B0046,19,10802.625,3.7358676477677175,4.20401117545156,-0.004452147032050984,1.5180972698510318,5.939275022475818,5340.281,2.199378116446157,4.178852366259435,-1.0137238066475507,-0.0008132941108328481,9.073580268946476,1.4100282016237429,93.00064466671009
20,2010-07-29 07:27:57,B0046,20,10808.813,3.1814626600628992,4.203493611512857,0.0007577060350811583,1.5179412252387618,6.733970481083029,5103.0,2.1709534591124666,4.177296277706522,-1.0133151573794765,-0.0002644100073359851,9.035703497783533,1.3395671374926488,88.35327351445368
21,2010-07-29 11:56:11,B0046,21,10804.828,3.169798168281708,4.202324172852617,-0.0020385768281868688,1.5186505202590463,6.890102622344386,5051.172,2.1705625280743464,4.176859724330072,-1.0145892320656984,-0.0011858410030944927,9.0428494070086,1.3291515487117478,87.66629684966665
22,2010-07-29 16:59:23,B0046,22,10808.359,3.584647550404034,4.202785513971183,6.133402962980832e-05,1.5182525000778417,6.4501825374461506,5027.563,2.1762627754763426,4.148811503971785,-1.0138523081003579,-0.0002403126979947456,9.103478864398264,1.3181687033905718,86.9419058807712
23,2010-07-29 22:02:15,B0046,23,10808.75,3.1792385356706228,4.202648967871246,-0.0005749687645921394,1.517820952849453,6.8002288942815445,4993.765,2.16031962283908,4.17607839536505,-1.0149029063735249,-0.0007938134828941689,9.08626820310501,1.312423708466101,86.5629856357949
24,2010-07-30 02:28:41,B0046,24,10808.5,3.185116767620149,4.203161946690233,-0.00100778565394656,1.51840360717196,6.7587865626253105,4962.469,2.1449047324556036,4.175479903911147,-1.0129489271534275,-0.0004843385971355234,9.113491912356011,1.2993237532162487,85.69895732633388
25,2010-07-30 06:54:35,B0046,25,10808.781,3.176186776482801,4.203023198225781,0.000479265242494669,1.51831166064779,6.720339627595583,4907.859,2.196218583907234,4.175276949812811,-1.013842187549723,-0.0018298264369051654,8.977476169539525,1.2877483042174591,84.93548024271644
26,2010-07-30 11:19:35,B0046,26,10804.703,3.2013281240233797,4.202389445216294,-0.0011205309170358132,1.518965382152576,6.7310260442621805,4888.656,2.1691838412748474,4.175506752243359,-1.0136988771283435,-0.0005833386279632395,9.205520238536876,1.2865282739749122,84.85501121455155
27,2010-07-30 16:20:06,B0046,27,10804.766,3.618546012794392,4.203554797118627,-0.0011128810790367964,1.5169697597404346,6.416650213544948,4866.25,2.1947559967284405,4.145965438635247,-1.014252701339216,0.0001827346966842105,9.14555330973735,1.2719636386987183,83.89437761271172
28,2010-07-30 21:20:14,B0046,28,10802.641000000003,3.205035420179774,4.202095260975622,-0.002340467527869966,1.5181178231192616,6.730890866343405,4836.125,2.1877179876194033,4.174989626740224,-1.0140278357417702,-0.0010479100590296711,9.111354213090989,1.2714495345417192,83.86046905827878
29,2010-07-31 01:43:57,B0046,29,10802.015,3.2114066101999406,4.202324702686786,-0.0025897063623635725,1.517626996911931,6.697960367282447,4801.485,2.1508230766314127,4.175655686812431,-1.0134629302760532,-0.0006032700585345689,9.163824507961877,1.2615423884659074,83.20702753789163
30,2010-07-31 06:07:05,B0046,30,10808.25,3.2068743460515177,4.201902550205196,-0.002008411035098245,1.51813738685011,6.749738445970319,4760.938,2.190167787518222,4.174757798171361,-1.014033434715715,-0.0010516016356776643,9.165326915001913,1.2421201619204132,81.92600380551963
31,2010-07-31 10:29:39,B0046,31,10803.187,3.2205563938519264,4.202601516147937,0.0005413524726221445,1.5180452830057736,6.771157733320948,4740.907,2.18851427579806,4.175734259626989,-1.014031038623518,0.0011973189996783993,9.179753755489338,1.2402537441669796,81.80290126467197
32,2010-07-31 15:27:42,B0046,32,10804.329,3.6515856480801894,4.202905800703373,-0.0015151540079219351,1.5175174436117849,6.470574650288798,4914.532,2.1637485824862837,4.087128849753504,-1.01490431160623,-0.0001242568088140868,9.27415763140438,1.2851130012242886,84.76166465734393
33,2010-08-03 17:52:22,B0046,33,10802.156,3.583263024511906,4.201925170441811,-0.0017435550927093074,1.51709515706004,6.577040854270105,4998.656,2.153820870810703,4.1471218794503475,-1.0140051761194067,-0.0010340594408193003,9.271981913108279,1.3043327841699193,86.02933590125204
34,2010-08-03 22:54:43,B0046,34,10804.672000000006,3.179126672257859,4.201970387468052,-0.004416685361600437,1.5183053790289713,6.7703600521111476,4890.015,2.1856873619664867,4.17500990248918,-1.0138060897113894,-0.000911133639197344,9.033984664610193,1.2778639041619957,84.28353897214951
35,2010-08-04 03:19:23,B0046,35,10806.687,3.2160643271706224,4.202977081303437,-0.0003123272652836094,1.5185699882727846,6.654539216076653,4842.11,2.1586585951828057,4.175207914830006,-1.0150239115464577,-0.0016567091012152965,9.172120651818531,1.2723464591651539,83.91962714327367
36,2010-08-04 07:43:19,B0046,36,10804.187,3.203826962590528,4.20215057190797,0.0013016673288904891,1.5186176004460024,6.796822593514793,4798.281,2.1497344671215517,4.174827125492382,-1.014982845931098,-0.0011668323634643032,9.093365400458568,1.2477883952768762,82.29986111962536
37,2010-08-04 12:06:28,B0046,37,10804.703,3.2003209675608892,4.2021745843392,-0.0009252512272438699,1.5187534494989956,6.757511466800241,4739.188,2.180494984747436,4.1748101416565255,-1.0139301973708983,-0.0018473709076660652,9.119927887302934,1.2352499196655526,81.47286608956279
38,2010-08-04 17:04:33,B0046,38,10805.594,3.651442969364682,4.204033994078998,-0.0016101210377329328,1.5182351223263508,6.460207722208318,4733.156,2.1583931144361963,4.144890688492612,-1.013587060727205,-0.001256770929404264,9.185345552194319,1.229251291851949,81.07721708542346
39,2010-08-04 22:02:33,B0046,39,10803.797000000006,3.2057387835418947,4.202362948685549,-1.9061856476392682e-05,1.5180677844410222,6.718240381568809,4670.61,2.1973084174346607,4.174530382960434,-1.0133237853999735,-0.0014908924953573374,9.156968538676207,1.223890910501634,80.72366463827055
40,2010-08-05 02:23:35,B0046,40,10806.938,3.236887843177339,4.202108929471512,0.0006932368986855368,1.5181728656065077,6.638374967662751,4635.0,2.1948349231295037,4.1743300924480256,-1.0129735089678258,-0.0001828685567612302,9.08775088318824,1.205423323571373,79.50560567464487
41,2010-08-05 06:44:04,B0046,41,10805.984,3.2321744407091133,4.2021284012108335,-0.0024948787652089455,1.5178096091216047,6.690737139560432,4615.86,2.153169565361056,4.173688629517977,-1.0140945273469484,-0.0014059183662915608,9.184456763175827,1.1957824090008151,78.86972387511345
42,2010-08-05 11:04:13,B0046,42,10804.937,3.2157557634291196,4.202585414406736,0.0019456712791432967,1.5179712248521615,6.70352621321937,4580.75,2.1789077465484965,4.174343502341572,-1.0146645679773671,0.0004429185095396362,9.215049403610458,1.1900729496698461,78.49314743652377
43,2010-08-05 15:59:42,B0046,43,10804.922,3.6692905052289673,4.202368683729404,-0.0032054006840779256,1.5177919203765409,6.423271784289218,4557.406,2.16713614374112,4.14222437268915,-1.0135210185380688,0.00039752948778596373,9.185331012909922,1.179201763233652,77.77612110634557
44,2010-08-05 20:54:47,B0046,44,10808.079,3.2300270538080897,4.203497399007175,0.0017486174473926024,1.5179128247663172,6.715040089269777,4524.0320000000065,2.175632256591337,4.173393414123743,-1.0128647179210617,-0.00027943060407198644,9.046655941616262,1.169504032514554,77.1364919076943
45,2010-08-06 01:13:28,B0046,45,10808.421,3.2418764788161574,4.202141250698405,-0.003919035234104038,1.517779752239052,6.655166119976154,4502.938,2.1992835564527877,4.173536996898156,-1.0135831957851476,-0.0006486693485850827,9.26195924957788,1.16772376849918,77.0190717731778
46,2010-08-06 05:31:48,B0046,46,10809.953,3.238328680890025,4.2030481688763714,-0.0026471465128771565,1.521341080493535,6.705143247380998,4483.094,2.176786994904175,4.174582549013794,-1.0125088172166772,-0.001431639694947678,9.252994157098664,1.1579256145829042,76.37281900340486
47,2010-08-06 09:49:49,B0046,47,10803.234,3.2367325388117254,4.203045363193968,-0.004037037780941305,1.5175418184473881,6.701222675393576,4448.36,2.1988382142547396,4.174588307825947,-1.0140396121078876,0.0011618338723595354,9.26310734626783,1.1499812813376982,75.84883791394826
48,2010-08-06 14:43:07,B0046,48,10806.329,3.685736974179486,4.204154139425347,0.0012412970975501302,1.5172607753393672,6.345639078644272,4440.531,2.165246924019346,4.140409334076233,-1.016160339741845,-0.00020934618970872452,9.331127163327569,1.150285902223034,75.86892966720721
49,2010-08-06 19:36:20,B0046,49,10804.89,3.2341085573789976,4.202485182469654,0.0009234122968369124,1.5177574966935883,6.711319454354056,4416.547,2.1595222389378317,4.1724288341154105,-1.0136323841516852,-0.0010349534985669023,9.266824205941363,1.1349452274085248,74.85711114774158
50,2010-08-06 23:53:10,B0046,50,10807.342999999993,3.240349656625914,4.204204220696283,-0.0001665041740108107,1.5186722276046862,6.69510441104469,4382.937,2.1831972567411246,4.172310550176221,-1.0151417452145364,-0.0004297533680132629,9.20992133972331,1.1380960963513609,75.06493170239901
51,2010-08-07 04:09:31,B0046,51,10809.625,3.246391327572447,4.2022643068017365,-0.0012261450500439456,1.5182011227537981,6.6567192736645735,4347.453,2.191895759269081,4.1745648072291,-1.0129399611534418,-0.0007365343314831497,9.1721362476023,1.123711172150547,74.11615122934401
52,2010-08-07 08:25:18,B0046,52,10804.875,3.2613501856628564,4.202210378279439,0.00074716956750134,1.517293309896992,6.655238406048265,3581.188,2.957668027855621,4.1730486061960095,-1.014458126942988,-0.0016422367912475163,8.57217147461004,0.0,0.0
53,2010-08-07 13:04:21,B0046,53,10804.531,3.7448372461363713,4.20271024902383,-0.001814507946148215,1.5163879876973465,6.21667758161382,4746.5,2.1989086411312972,4.101731329888953,-1.0136804581659815,0.00020266486500403313,9.25834987796474,1.214119211354098,80.07915673469564
54,2010-08-10 17:36:14,B0046,54,10810.016,3.6526542384629637,4.202668470480013,-0.002544838630739553,1.5178061180093931,6.4964825746419965,4679.156,2.1759612427269523,4.14324574268369,-1.0138752417282513,-0.0016350840270743978,9.311634785976043,1.211944797522819,79.93573982441805
55,2010-08-10 22:33:31,B0046,55,10803.282000000007,3.220651282099472,4.202571701846242,-0.0001270927356681558,1.5183476233767907,6.762482938957261,4596.578,2.1740843812957524,4.174381858889519,-1.0134453544249995,-0.0011502757291964286,9.306501252940652,1.1971248679331923,78.95826788154245
56,2010-08-11 02:53:22,B0046,56,10808.906,3.2345440573610733,4.202426327385915,-0.0004930518775622027,1.5175551130010858,6.798318635234456,4544.641,2.1699286892596934,4.173792780760516,-1.0132265455749991,2.7256060250898507e-05,9.361883663268088,1.1822892151870987,77.97975889296386
57,2010-08-11 07:12:27,B0046,57,10809.375,3.2382659742187223,4.2020504776809675,-0.0030712195309601335,1.518330581790681,6.9569412710521705,4526.938,2.15658205310809,4.174292933831419,-1.0127770109447685,-0.0006714945253900445,9.565977385225588,1.1645336676778397,76.80866361779849
58,2010-08-11 11:31:14,B0046,58,10803.938,3.2275300072660005,4.202322298504914,-0.0012870143847808428,1.5178742356336181,7.107086032980468,4487.438,2.159229413482601,4.174080626824366,-1.0138936920010262,-0.00043297566900330967,9.613253810213061,1.1535559567518647,76.08461129607558
59,2010-08-11 16:25:13,B0046,59,10802.313,3.6797303577259357,4.2022082560607465,-0.002415166098057956,1.517372589280346,6.7419337417314855,4513.312,2.1981836512730997,4.089380393518967,-1.0184755755177433,2.7940570327789576e-05,9.659706152498446,1.1601987101282065,76.52274462252275
60,2010-08-12 14:27:15,B0046,60,10807.516,3.66781708062343,4.202844731314141,-0.002553022476216734,1.5172040048616775,6.763157429681649,4568.438,2.172247401410494,4.142442473931475,-1.0139384129430251,-0.0006009137673257847,9.660074492266734,1.1711716308206082,77.24648099679872
61,2010-08-12 19:22:39,B0046,61,10804.64,3.229675424593368,4.20271671779573,0.0005131891487080774,1.517416781400578,7.016422167482497,4499.656,2.167855497701561,4.174041322689958,-1.0134236160019647,-9.188842542528952e-05,9.610732084606383,1.1563410270783216,76.26830502326794
62,2010-08-12 23:40:56,B0046,62,10807.093999999997,3.235438385309431,4.202976913497028,-0.0013847225336888495,1.5184969578304908,7.001236180630474,4430.984,2.197413864039741,4.174154842675988,-1.012621804825029,-0.0017926120869063676,9.509606751933422,1.141082456193516,75.26190179860515
63,2010-08-13 03:58:07,B0046,63,10803.235,3.2577354792578466,4.202196631269189,-0.0010275029467645303,1.517575709876248,6.976863529813844,4411.141,2.1808859045895868,4.173817719824036,-1.0138097315277292,-0.0007793921950520503,9.55376799961061,1.1352383596118123,74.87644514676862
64,2010-08-13 08:14:54,B0046,64,10805.453,3.2489077406332125,4.20228289590302,1.3335763104390916e-05,1.517891703890034,6.990186973158502,1991.531,3.4276877712777214,4.174508000036821,-1.0091411483576724,-0.000899018350306399,7.9488520188669245,0.0,0.0
65,2010-08-13 12:27:18,B0046,65,10806.078,3.823122839928698,4.209852750893712,-0.0026653975429918315,1.505445886147315,6.159238787027183,4883.312,2.1634350552847827,4.122428601972404,-1.0118756251887793,-0.0002592366156627036,9.689325427035971,1.2530847858282803,82.64919295222278
66,2010-08-16 12:56:14,B0046,66,10806.641,3.6547812132613293,4.202968007501769,0.000631339063849097,1.5165041838798146,6.720960560852659,4663.907,2.1839323108066178,4.143823070139112,-1.012656973957246,0.0015024551516464764,9.54652406934783,1.2050453590356518,79.48067642468891
67,2010-08-16 17:53:19,B0046,67,10807.969,3.2357423173352475,4.203120842120519,-0.0010166830162170416,1.517503128268786,7.0659729142861245,4581.328,2.196284886273677,4.173823759594136,-1.0140280598156248,0.00032904816663015854,9.486110245180768,1.19119860196273,78.56739161744738
68,2010-08-16 22:13:02,B0046,68,10809.593999999997,3.2535977698529632,4.203098024043248,-0.0016300874227703121,1.5178534880488086,7.037250033388675,4553.031,2.1526544597098902,4.174042864835579,-1.0143271740416915,0.0003226122774269109,9.528985199683015,1.17463817374538,77.47512232921842
69,2010-08-17 02:32:20,B0046,69,10804.109,3.2310887821737695,4.201887396433235,-0.002950170111797354,1.5177645826628343,7.027243610163243,4486.5,2.1963314779954723,4.173923325104936,-1.0135805482915095,-0.00017455068132652614,9.519831150565885,1.1555432048235512,76.21568339205685
70,2010-08-17 06:50:25,B0046,70,10810.344,3.2568990394104973,4.202088840625246,0.0004949044314850546,1.5179693176942268,7.019240444027122,4450.625,2.189500804437932,4.174510564064746,-1.014505539753993,-0.0014301937849856227,9.508632239069211,1.1538041170229467,76.10097910004198
0,2010-07-21 17:25:40,B0047,0,10803.313,3.486189216310417,4.214594585505835,0.0014165909486330624,1.4943144350434685,6.279191330194547,5650.265,2.477661652422805,4.186635709569866,-0.9981417400029184,-0.0015358996096327838,8.210715424489035,1.5243662105099023,100.0
1,2010-07-21 22:38:43,B0047,1,10802.077999999994,3.2527192825719458,4.214574140334718,-0.0023061368707441117,1.4959111231788296,6.4143510033004505,5590.907,2.4707098734854784,4.199922751479228,-1.0003069695936524,-0.0007456986626560674,7.954455063989402,1.5080762969973425,98.9313648255749
2,2010-07-22 03:14:53,B0047,2,10807.688,3.255398852175642,4.214573442739502,-0.002476783903971582,1.4934226098552212,6.263927129839187,5543.61,2.465457800547402,4.199568876812779,-0.9982799264042614,0.0003032433409723881,7.985864710265716,1.4835577960067696,97.32292580209567
3,2010-07-22 07:50:21,B0047,3,10805.687,3.3028547514790385,4.21468419824127,-0.000777910916234105,1.4941138234992282,6.251469678656883,5499.046,2.465765118194009,4.1993968014662295,-0.9986834889880237,0.000422011591452891,8.009426990342208,1.4671391666146525,96.24584673284595
4,2010-07-22 12:25:03,B0047,4,10804.078,3.3256214390909524,4.214636526179533,0.0007571221830531268,1.495550265029558,6.21497944169411,5461.219,2.4700482803033514,4.198907847432783,-1.0016128378277855,9.027841205808633e-07,8.033626730077737,1.448858156982267,95.0465935936498
5,2010-07-22 17:34:59,B0047,5,10804.969,3.5886267613153757,4.214551087827655,-0.0004186893854782866,1.4935340816098965,6.092666461165559,5451.281,2.484128874181115,4.163303236325632,-0.9983585499996894,0.0009494056462554054,8.150799939416203,1.4458534180949325,94.8494796149603
6,2010-07-23 12:07:29,B0047,6,10808.375,3.5794902050481396,4.214562334215193,-0.0019506615872593273,1.4942369835524283,6.187810206471489,5468.062,2.483034750266961,4.181797294694067,-1.001368895703553,-0.000611161990235027,8.230899786348077,1.431118266178283,93.88283840925419
7,2010-07-23 17:17:36,B0047,7,10804.25,3.402552874958839,4.214628427741857,-0.001048668481933533,1.494290898354415,6.425894472599308,5411.297,2.49830336362436,4.197837203348764,-1.0008569581108415,-0.0013182019564115257,8.146945225413083,1.4192745516578533,93.10587848723728
8,2010-07-23 21:50:50,B0047,8,10802.406000000003,3.4246908754855316,4.2145656433109195,-0.001728130875428635,1.4930759462299235,6.331701988672408,5369.703,2.49851157426792,4.197777018222757,-0.9983176454232489,-8.976016421710795e-06,8.251894856354932,1.3999974221808271,91.84127885598608
9,2010-07-24 02:23:21,B0047,9,10803.203,3.43727053727747,4.214592980625481,-0.0024096914276844988,1.4942089666961949,6.3539127187662245,5327.406,2.4919375577484737,4.197306543877358,-0.9987614170997863,-0.00025843776804272017,8.23497518866995,1.3885156686114437,91.08806394671944
10,2010-07-24 06:55:11,B0047,10,10806.079,3.450254727468687,4.2146311285904465,0.0005800438360554071,1.494979279435882,6.299383558313136,5299.266,2.4683068422721184,4.19770091242359,-0.9997148821455012,-0.0008146601542771065,8.269239827690175,1.3652234669528964,89.56007142773308
11,2010-07-24 12:02:28,B0047,11,10803.641,3.6576447919479946,4.2146158298762355,-0.0013435388579092807,1.4934694530460455,6.119106088844921,5367.172,2.479195639185483,4.1533796403143945,-0.997480494103194,0.0028748902917332016,8.236583239584068,1.4060442272970963,92.23795552558023
12,2010-07-27 18:19:03,B0047,12,10805.125,3.60167369033334,4.214562251074727,-0.001426485649267802,1.4947947998501159,6.2442139643198535,5406.812,2.4933737831605582,4.1809212253928045,-0.9986334774069276,-0.0005800539086706074,8.16126508624072,1.4057541613525781,92.21892689961632
13,2010-07-27 23:28:08,B0047,13,10806.202999999994,3.437238415036019,4.214638123389504,-0.0005939492294101004,1.4954784447798533,6.3266519915760115,5353.094,2.4915713224709926,4.198049966629152,-0.9987804112417712,-0.0003116546335126342,8.25301239256121,1.3867662881727878,90.97330278062992
14,2010-07-28 04:00:28,B0047,14,10807.016,3.454111182103007,4.214584490663374,-0.0013775091006902004,1.4942448128969463,6.34182636437102,5280.031,2.471859124111365,4.1976485673043396,-0.9993894668560379,0.0017552546473027094,8.291638340695691,1.3705053061420223,89.90656554133318
15,2010-07-28 08:31:35,B0047,15,10803.453,3.4469279335619722,4.214632298643419,-0.000713312044278203,1.4934490222119414,6.363038788567033,5248.593,2.488914813470205,4.1969633661004995,-0.9976329826755008,-0.0004111896147658927,8.318107121376224,1.3497431114823601,88.54454409815798
16,2010-07-28 13:02:08,B0047,16,10807.812,3.4820159350171007,4.214638081383685,0.00034839893278176473,1.4941953973715036,6.27526016076628,5203.375,2.4728525339367153,4.196227134476293,-0.9979036135281563,0.0004097038227720459,8.303021352537922,1.3251533367939783,86.93142944638697
17,2010-07-28 18:07:53,B0047,17,10805.016,3.6746603532907356,4.214698361019494,-0.0004379859485158879,1.4936935061835013,6.07211429174397,5166.812,2.4822189935935484,4.176260352394772,-0.9983031482652807,0.0020782269682447043,8.32601397527908,1.3111943869635805,86.01570790033351
18,2010-07-28 23:13:00,B0047,18,10805.781000000003,3.509834418852413,4.214551167502196,-0.002252396247951089,1.4930387621896184,6.207997563153254,2384.094,3.452630071948054,4.195583212031605,-0.9986297932484945,-0.0006654219607429016,7.192903163731922,0.0,0.0
19,2010-07-29 02:55:52,B0047,19,10802.625,3.74123793809573,4.21463256233266,-0.0053626359521254914,1.4928240697083386,5.637368513245537,5340.281,2.481264290061195,4.199835388165491,-0.9989433150461876,0.0006870764093463485,8.388106987601862,1.3394234405932892,87.86756301461513
20,2010-07-29 07:27:57,B0047,20,10808.813,3.5407699946375897,4.2146089830476,-0.0006389557177950696,1.493224506718615,6.134010914344963,5103.0,2.487540187711501,4.195847527614419,-0.9988068791837494,0.00028556011889476645,8.304841644444155,1.2849157142560723,84.29179979174863
21,2010-07-29 11:56:11,B0047,21,10804.828,3.5371499312633867,4.2145701138881995,-0.0007036243743474804,1.4921146576500415,6.2541368729785685,5051.172,2.4907582384317,4.195387366763826,-0.9985415333431111,0.0006728455289218337,8.319029412369582,1.281719159327807,84.08210248238646
22,2010-07-29 16:59:23,B0047,22,10808.359,3.69657062329643,4.214594542819639,-0.002946420486084729,1.4924555898866,6.056088458175721,5027.563,2.4931638320699276,4.174064296873529,-0.9978750591581058,-0.00018006067678885291,8.40175592495139,1.2600051642942829,82.65764195027714
23,2010-07-29 22:02:15,B0047,23,10808.75,3.551888941324372,4.214642305113975,-0.0009561434739249681,1.4929349540993282,6.210243729854372,4993.765,2.479240941037315,4.1949588865165515,-0.999192550425453,0.00037580940095473546,8.395347720509115,1.266070385993126,83.05552676673565
24,2010-07-30 02:28:41,B0047,24,10808.5,3.536060969252397,4.214654888738114,-0.0012292353624415824,1.4932260701942037,6.182640696176797,4962.469,2.4915265338912347,4.194794488425212,-0.9986749467627316,0.00045781097281417856,8.419292173692186,1.2413590294280803,81.43443621810826
25,2010-07-30 06:54:35,B0047,25,10808.781,3.5593034291230428,4.214572969040827,0.0011130620351753166,1.4931244953928722,6.136272149551929,4907.859,2.495727313119633,4.194210512385239,-0.9974120790687706,0.0023220081628674482,8.293327119939335,1.2298873703485311,80.68188351781508
26,2010-07-30 11:19:35,B0047,26,10804.703,3.5604378520717828,4.2145850913711955,-6.99447754701146e-05,1.492534241760627,6.1415015288086625,4888.656,2.4979742120513753,4.19378669081209,-1.0012611494596309,-2.2621404575421422e-05,8.49190236531868,1.228088614506696,80.56388327421
27,2010-07-30 16:20:06,B0047,27,10804.766,3.7064735323799467,4.214660561700371,-0.005020685826596037,1.4929560482485842,5.997352917884704,4866.25,2.495109477398993,4.1718864589662426,-0.9975908962365797,0.0014853973830615361,8.437149776270967,1.2139857189070042,79.63871873681356
28,2010-07-30 21:20:14,B0047,28,10802.641000000003,3.568231633793463,4.214661334272259,-0.00026876431590808697,1.4931912990243612,6.143440569877446,4836.125,2.4851956352139384,4.19388971043665,-0.9986484518139435,0.000778900536694776,8.429621946088576,1.2173435064564189,79.85899307287951
29,2010-07-31 01:43:57,B0047,29,10802.015,3.557399004729644,4.21457263692493,-0.0030342343232413814,1.4931655490200437,6.137450498889958,4801.485,2.4873308484835266,4.1938733183948385,-0.9987472813404835,0.002953130909437472,8.46306110156025,1.2073445944515917,79.20305410389106
30,2010-07-31 06:07:05,B0047,30,10808.25,3.556230600803466,4.214786310438303,-0.00019206092739303707,1.4929111274416715,6.169863059975235,4760.938,2.488620645344286,4.1933443957612875,-0.9988826270225113,-0.0005256589834506824,8.459204966688853,1.18804049227045,77.93668503535308
31,2010-07-31 10:29:39,B0047,31,10803.187,3.574766248146386,4.214644221641322,-0.005035763963435972,1.4947935702588684,6.186961067003751,4740.907,2.476969143594387,4.19356398488292,-0.9976143324063643,0.003935485078097098,8.493224799915222,1.186304749886542,77.82281853976032
32,2010-07-31 15:27:42,B0047,32,10804.329,3.711980106183482,4.214680953713717,-0.00237613485143457,1.4932912716505855,6.077535332475139,4914.532,2.4790054948940434,4.142510591712848,-0.9986321522662405,0.0013319223708717649,8.466232868159803,1.2613935471028506,82.74872129846757
33,2010-08-03 17:52:22,B0047,33,10802.156,3.682037020804139,4.214604710716007,0.001454424010640374,1.494191444296097,6.214979525051872,4998.656,2.479600589435018,4.174381011699289,-0.9975353876339267,-0.00022334418420780365,8.553128334903379,1.2648246158850653,82.97380295919706
34,2010-08-03 22:54:43,B0047,34,10804.672000000006,3.5188091756378754,4.214658771411199,-0.002859264864822619,1.4934328599672748,6.25424790528249,4890.015,2.46837363838224,4.194961577545829,-1.0005201322759871,0.0012695281459834545,8.342818484380935,1.2466494548982199,81.7814936006233
35,2010-08-04 03:19:23,B0047,35,10806.687,3.520841229857325,4.21461278171805,-0.001293870463409212,1.4937278795239601,6.153767266905195,4842.11,2.497016493627855,4.194728577808066,-0.9990584594637684,-0.0009374158672241103,8.481468325698998,1.2333924152795082,80.91181809041392
36,2010-08-04 07:43:19,B0047,36,10804.187,3.523514947035028,4.214576206595941,0.0012327323323197146,1.4952289009920054,6.281815961969939,4798.281,2.4751740867556524,4.194123941573546,-0.9979572313546616,0.0003264313426998397,8.425193812256257,1.2129250072037692,79.56913495202996
37,2010-08-04 12:06:28,B0047,37,10804.703,3.5389492450819042,4.214859623273995,-0.003101737909906567,1.4935720170515892,6.263763451563647,4739.188,2.499811739255094,4.194413177433493,-0.9985176632293312,0.0005256253294342453,8.471726206300676,1.1999106597943647,78.71538030175789
38,2010-08-04 17:04:33,B0047,38,10805.594,3.710719641802192,4.214633379872605,-0.002478314926151944,1.4930145065478972,6.161638305944064,4733.156,2.494550023378076,4.172002506353698,-0.9982543809866457,0.00015902901031444413,8.510483818712029,1.1902559038393383,78.08201832558308
39,2010-08-04 22:02:33,B0047,39,10803.797000000006,3.555737462507762,4.21457958129837,-0.00197079830258789,1.4932056889974332,6.232245784277484,4670.61,2.477337702429082,4.194068049662567,-1.0001312935854783,0.001145434143962905,8.530222967717657,1.1892563795455853,78.01644849814518
40,2010-08-05 02:23:35,B0047,40,10806.938,3.524632065284019,4.214579040839543,-0.0003293088634044231,1.493185884957485,6.173880396365787,4635.0,2.478325379623597,4.193464344236471,-0.9979392762794397,-0.0007026344439326909,8.420605358837513,1.167069685125939,76.56097839741231
41,2010-08-05 06:44:04,B0047,41,10805.984,3.5509134579297763,4.2145673887334905,-0.0003778404124320551,1.4927987429110907,6.197936764800582,4615.86,2.494831087986124,4.192797311893991,-0.9991002654942741,-0.0002550438571568388,8.51215713252602,1.1615348403090369,76.19788685295656
42,2010-08-05 11:04:13,B0047,42,10804.937,3.562275118115322,4.214590125883356,0.00021186289691641267,1.4934453960443153,6.177861019167903,4580.75,2.4956781405402677,4.193468094113346,-1.0171989370447034,-0.0005101948291866981,8.54602737861718,1.1555563844349988,75.80569396434363
43,2010-08-05 15:59:42,B0047,43,10804.922,3.714882420696893,4.214581891414263,0.0017067807726483875,1.494160174123226,6.052272625093543,4557.406,2.4729308126474736,4.16991637056524,-0.9986136164374133,9.016949599716493e-05,8.4485741292899,1.1488524666097713,75.36591002141662
44,2010-08-05 20:54:47,B0047,44,10808.079,3.5560540796088107,4.2145517633940734,-0.00011384511669916142,1.4927400435504439,6.1797729359692415,4524.0320000000065,2.494578415325497,4.192396921446495,-0.9974310644719283,-0.0006963540586541083,8.334392904335672,1.143572986788779,75.01957068480627
45,2010-08-06 01:13:28,B0047,45,10808.421,3.5679205790594613,4.214703303442004,0.0053726364327663905,1.4925936525840984,6.103318574823602,4502.938,2.492546798627854,4.192623205881946,-0.9979515372361277,-0.000562986623478762,8.548983420432004,1.1418015379428537,74.90336180837541
46,2010-08-06 05:31:48,B0047,46,10809.953,3.5472297399480532,4.214617223521037,-0.0016698657994756953,1.4932728716525796,6.162003682485233,4483.094,2.4752083843332136,4.1933895299679325,-0.9976588428393416,-0.00013043006955548313,8.545644001542279,1.136058647502255,74.52662225583195
47,2010-08-06 09:49:49,B0047,47,10803.234,3.5469616361849683,4.214638232108705,-0.00023831863447919217,1.4928102335643578,6.139935537789659,4448.36,2.4974098896142385,4.192510832064287,-0.9980113940759702,0.001166204536773494,8.530684068571668,1.1236364680969286,73.71171443908291
48,2010-08-06 14:43:07,B0047,48,10806.329,3.7182229667032964,4.214580384882155,-0.002046260067775645,1.492177456697388,5.958012668187539,4440.531,2.470530852621601,4.1689267149519535,-0.9999712649338626,0.0009573267451609473,8.5880890540764,1.1320498900328944,74.26364361974557
49,2010-08-06 19:36:20,B0047,49,10804.89,3.5228374603316124,4.214635203526074,-0.0009121197619024166,1.4929415217399675,6.1876868228180575,4416.547,2.4800604125308974,4.191753022543457,-0.9974683513415105,0.0006540065615606124,8.520717953543993,1.1170101762158153,73.27702283837517
50,2010-08-06 23:53:10,B0047,50,10807.342999999993,3.556490166703761,4.2147703930516265,0.0006232935596910963,1.4934206861450228,6.165450652648644,4382.937,2.482310382215253,4.192116566565046,-0.998613125908309,-1.817718980463965e-05,8.509426489984776,1.120043039721982,73.47598182114824
51,2010-08-07 04:09:31,B0047,51,10809.625,3.5248733981838285,4.2146098534342125,-0.0012578481026771827,1.4927411692876777,6.181352215855617,4347.453,2.499914991218416,4.192241727517348,-1.000314056557349,0.00012329873483936501,8.454153696786289,1.1059773445917063,72.55325767302043
52,2010-08-07 08:25:18,B0047,52,10804.875,3.5577803633143303,4.214577439418869,-0.0017041590028390031,1.4933994104329364,6.131611601924141,3581.188,2.9946951355251095,4.192932934065261,-0.9976532128149662,0.000603436531951827,8.047459499367323,0.0,0.0
53,2010-08-07 13:04:21,B0047,53,10804.531,3.750737506913408,4.214849038761572,0.0007153222449235667,1.4924872541241392,5.951243456342401,4746.5,2.47468810834507,4.151696493245396,-0.9989815716960125,-0.00036657306824835773,8.476574571858773,1.1907902374762016,78.11707116480106
54,2010-08-10 17:36:14,B0047,54,10810.016,3.70725869666796,4.214660533286898,-0.001170730654491165,1.4952694870421182,6.161768674885032,4679.156,2.4936019875098454,4.173641970261601,-0.9979179416669461,0.00037301646112965426,8.567006275916873,1.2012387088454022,78.80250169305356
55,2010-08-10 22:33:31,B0047,55,10803.282000000007,3.505567868383663,4.214635838086644,-0.0010958101895084337,1.4935247581929223,6.300888286646537,4596.578,2.4794043785439617,4.194390827243979,-0.9980570526982784,0.00013445207515640976,8.607327084258758,1.1906909549024802,78.11055812528099
56,2010-08-11 02:53:22,B0047,56,10808.906,3.4761366001539162,4.2146896892740635,0.002085824316686146,1.4939858978569642,6.34246249083163,4544.641,2.495823360233662,4.194161811786053,-1.0010833967174453,0.0018437228242266365,8.707959029152644,1.1764375730308343,77.17552153280245
57,2010-08-11 07:12:27,B0047,57,10809.375,3.50093500661594,4.214550873908813,-0.0006033222913971193,1.4929531997324303,6.519920784198943,4526.938,2.4834980820953168,4.194190653204952,-0.9969202436286994,-0.0004384389125333016,9.003534328496398,1.1628110372792353,76.28160669412067
58,2010-08-11 11:31:14,B0047,58,10803.938,3.4997967437734965,4.214584176739055,-0.0008444220552414035,1.4942202985915463,6.685385595686235,4487.438,2.4920392941768497,4.194292935889806,-0.997543073671386,-0.00044848481660337376,9.02852617906244,1.1516152840582585,75.54715370350816
59,2010-08-11 16:25:13,B0047,59,10802.313,3.713217388566654,4.2146093161147276,-0.0010751606500803198,1.4930905460009687,6.471483297343151,4513.312,2.488243242390158,4.146356741131726,-0.9975286494682145,0.0005294976745800363,9.027729535660669,1.1583673498348623,75.99009620184293
60,2010-08-12 14:27:15,B0047,60,10807.516,3.7102732010782598,4.214666761282902,0.0015107396912586747,1.4926694391163067,6.459661963696386,4568.438,2.498187334581169,4.172368631167838,-1.0069329030946041,0.0003941574290999613,9.071608131387514,1.1692285288386206,76.70260077776929
61,2010-08-12 19:22:39,B0047,61,10804.64,3.5204163624001654,4.214550944946678,-6.881838712065074e-05,1.4930772391697833,6.611256213114639,4499.656,2.4982213366801296,4.193697451503613,-0.9983451614477945,7.08459253948992e-05,9.050284055951,1.1588148476218465,76.01945251949802
62,2010-08-12 23:40:56,B0047,62,10807.093999999997,3.5085848009876472,4.21458337069979,0.002304693459051499,1.4930628052046955,6.617375950755113,4430.984,2.4715997205282143,4.193432136090228,-0.9976242692758269,0.0006151673332680062,8.986064263951343,1.1439588147705457,75.04488139945651
63,2010-08-13 03:58:07,B0047,63,10803.235,3.488531214297682,4.214661268684299,-0.0020233072292916827,1.493950771844595,6.638917985005954,4411.141,2.4972991957929973,4.193707973256604,-0.9998543531325201,-0.0003321210116835783,9.036875447987502,1.1383941068159398,74.67983080228115
64,2010-08-13 08:14:54,B0047,64,10805.453,3.506322687438578,4.214632459730522,0.0007124391726178532,1.494215410478124,6.620432456425521,1991.531,3.4270575222731954,4.193728328919069,-0.9971825301175917,0.0007510084712899575,7.698431744424151,0.0,0.0
65,2010-08-13 12:27:18,B0047,65,10806.078,3.8490435928758973,4.221369508756089,-0.0029881069705690036,1.484617750685558,5.94521986066383,4883.312,2.475863858583421,4.166980224197571,-0.9974759876799106,-3.813511310859022e-06,9.095394308322597,1.2213102850395667,80.11921785061328
66,2010-08-16 12:56:14,B0047,66,10806.641,3.706368522556952,4.214598784429671,0.0005635404617122834,1.4931625826163881,6.477533347727088,4663.907,2.482088014003299,4.1751120424901105,-0.9988968847011238,-0.00013904430804297416,9.009063913586548,1.2031062978889062,78.92501746587952
67,2010-08-16 17:53:19,B0047,67,10807.969,3.4841305011177535,4.214587782485934,0.00027527898753822915,1.4927082209317446,6.7018805629691025,4581.328,2.484545959502679,4.195168632438667,-0.998023029768851,-0.0005129100273384777,8.958051495293551,1.1897147112197684,78.04651553000558
68,2010-08-16 22:13:02,B0047,68,10809.593999999997,3.47042287904985,4.214698461019103,-0.0012922714544621144,1.4926131817388986,6.672631498720137,4553.031,2.4817240149799855,4.19482784099826,-0.9980685590651619,0.0004742870029912351,8.972563208541265,1.177422568842014,77.2401382767573
69,2010-08-17 02:32:20,B0047,69,10804.109,3.4867059927147284,4.2146839856265395,-0.000606722305682853,1.494649072374686,6.67664074597477,4486.5,2.475682459777723,4.194470276921028,-1.000419995099013,-0.00032593770864967057,9.037146843138395,1.158443027293818,75.99506072142057
70,2010-08-17 06:50:25,B0047,70,10810.344,3.4834897796480617,4.214562059464413,-5.2854653959862925e-05,1.4949581001858023,6.677614025426833,4450.625,2.4992087242533025,4.194180006661532,-0.9976414843513567,-0.00023881525579207068,9.009035929017505,1.1567087516841796,75.88129044773692
0,2010-07-21 17:25:40,B0048,0,10803.313,3.5861723768930376,4.200007843220914,0.0011530896789796591,1.5012784290006853,6.2965209986717054,5650.265,2.6835427959445024,4.161851896835355,-1.0008913420360177,0.0007031704374309518,7.958927971485882,1.5076933476098775,100.0
1,2010-07-21 22:38:43,B0048,1,10802.077999999994,3.416236520758666,4.200417578681298,-9.696249606174016e-05,1.5015245179110674,6.3744679399204465,5590.907,2.6769979855651793,4.175466417206107,-1.00468755228754,0.00012576468986550066,7.708927821830712,1.4989223343608031,99.41824952249216
2,2010-07-22 03:14:53,B0048,2,10807.688,3.4088142579534795,4.200725510006038,-0.0015534230503471175,1.501097839761187,6.219720143336932,5543.61,2.6934384147921953,4.174693750587349,-1.0003370114328405,0.00248435207828209,7.711890755969547,1.4782919502497789,98.04990866301107
3,2010-07-22 07:50:21,B0048,3,10805.687,3.4461783802492785,4.200683998663356,-0.0004300312673938121,1.5005215546440223,6.224278231864829,5499.046,2.6967591738883163,4.174741021763634,-1.0024109953994933,0.0017833078818055765,7.733691649876036,1.461856891390611,96.95982898034734
4,2010-07-22 12:25:03,B0048,4,10804.078,3.471939824249634,4.200126636671804,-0.00030055930059737506,1.5017496474047,6.177661581511132,5461.219,2.6855475478766424,4.174511213058054,-1.0007359400857092,0.0002502113009859556,7.713793706750157,1.4509592706473475,96.23702810306422
5,2010-07-22 17:34:59,B0048,5,10804.969,3.6249348414185527,4.200220495652216,-0.0019884360765573287,1.501124598059236,6.13445997369103,5451.281,2.6917502037421612,4.14121689573938,-1.002031773364646,0.001179655026987361,7.8513931260036465,1.451746997147108,96.28927523282765
6,2010-07-23 12:07:29,B0048,6,10808.375,3.6133686866040837,4.200125468090945,-0.00019223402224597143,1.5007800584228312,6.240577865434656,5468.062,2.689384375743919,4.158004815622747,-1.0007316751284792,0.0020322605199551112,7.905320525605018,1.444392866287476,95.80150158367744
7,2010-07-23 17:17:36,B0048,7,10804.25,3.490265887520476,4.200049454373003,0.002649467353882118,1.5009252243323417,6.392062363167433,5411.297,2.6855540838129546,4.173957792716822,-1.0005511265640192,0.003499108846123608,7.847675607740912,1.432738323965376,95.02849675875227
8,2010-07-23 21:50:50,B0048,8,10802.406000000003,3.488496904226756,4.201048794270744,-0.0023625338074557607,1.5013557696750486,6.3182097871026315,5369.703,2.6891526224241358,4.173757067290182,-0.99971357088635,0.0024035681930929228,7.926506175979814,1.417241201438662,94.00062709604656
9,2010-07-24 02:23:21,B0048,9,10803.203,3.5048451223939483,4.200078655310843,-0.003115964172074153,1.5015820114350487,6.365623824830258,5327.406,2.678956108681276,4.172904801080625,-1.0019089598735609,0.0016393911719587986,7.937097401174621,1.4057559944573452,93.23885368903882
10,2010-07-24 06:55:11,B0048,10,10806.079,3.5054601776469907,4.201082949531764,-0.0013223547608834543,1.500503416212809,6.307113625263795,5299.266,2.688287422782237,4.173032965850683,-1.0010368726226484,0.0026758903873933025,7.9661274485105595,1.3902706269897063,92.21176369808094
11,2010-07-24 12:02:28,B0048,11,10803.641,3.668492280056649,4.200630237220086,0.001291999635157764,1.5002141839074756,6.194182411828719,5367.172,2.680621623320638,4.133304141515335,-1.0014340929938248,0.0010952107989710773,7.886742523689043,1.4196659307880326,94.16145087053721
12,2010-07-27 18:19:03,B0048,12,10805.125,3.632293048600681,4.200383819690909,-0.0015846002921235652,1.5009341175736215,6.243053379514654,5406.812,2.693587841641054,4.1566553119964516,-0.9997588632259337,0.0020320180393504314,7.810373532807223,1.4190563985232272,94.12102273800139
13,2010-07-27 23:28:08,B0048,13,10806.202999999994,3.5104207241762544,4.201045006217389,-0.0017388691511276352,1.5021049662417991,6.307691702328014,5353.094,2.6905447145318244,4.172913024979518,-0.9998144854501804,0.0012058996227724682,7.869709498966687,1.404272356704056,93.14044921205144
14,2010-07-28 04:00:28,B0048,14,10807.016,3.520530738681565,4.2007392882034775,-0.0023143105830278356,1.5014228983282485,6.298423707015873,5280.031,2.6889512479861937,4.172334722190024,-1.0005582914042201,0.0018081909218465376,7.873285917762758,1.3916140490958342,92.30086816406917
15,2010-07-28 08:31:35,B0048,15,10803.453,3.511799190383836,4.201017795499867,-0.00068869356292015,1.5009744015389495,6.306572886830282,5248.593,2.6767423992621824,4.171533861821569,-1.000296719098956,0.0018186296784073622,7.888295790156799,1.3749618350294734,91.19638533984241
16,2010-07-28 13:02:08,B0048,16,10807.812,3.530063823402696,4.201188828009748,0.0006357180803023033,1.5011814166840192,6.255739704256568,5203.375,2.692752260117709,4.172113180559959,-0.9998388108585378,0.002945922900341213,7.90514873318139,1.3545155713071164,89.84025653853342
17,2010-07-28 18:07:53,B0048,17,10805.016,3.684341590082259,4.2000488083778835,-0.003546245666131267,1.5000299846647545,6.12940383008474,5166.812,2.69610071870072,4.152547964911409,-0.9997539612146187,0.001847873095543044,7.9278743808781424,1.3440223073315984,89.14427522428589
18,2010-07-28 23:13:00,B0048,18,10805.781000000003,3.5608149568980934,4.200370889833514,-0.00043032027336873817,1.5016079068442836,6.218500393172879,2384.094,3.4429735829245125,4.171642845757827,-0.9993706702918804,0.0007942381340608117,7.084065434295192,0.0,0.0
19,2010-07-29 02:55:52,B0048,19,10802.625,3.7377355507656556,4.200107222291834,-0.003581264279875581,1.4992122288501317,5.77666418734673,5340.281,2.6813752744142234,4.176821150785954,-0.9998450687021054,0.002825714870101856,7.950376644939932,1.372384475860572,91.02543816593683
20,2010-07-29 07:27:57,B0048,20,10808.813,3.5737194256437537,4.200018851443315,0.0028704999520391228,1.5003934235707914,6.143803873510025,5103.0,2.6946752970811247,4.171686901258687,-1.0005731202327626,0.0018603393207839549,7.891054732187375,1.3184105752674413,87.44553906518834
21,2010-07-29 11:56:11,B0048,21,10804.828,3.5830673356802167,4.20097618588154,-0.0030379174887693577,1.499861321868101,6.248185625931543,5051.172,2.6954700046169733,4.172000465131976,-1.0035187304131963,0.0030002151765806807,7.911933312913009,1.3112727599578604,86.97211286609445
22,2010-07-29 16:59:23,B0048,22,10808.359,3.6988609929059253,4.20033408141204,0.00013225114645024294,1.4995529950199615,6.104261408189349,5027.563,2.696945913635699,4.151092092342163,-1.0002204688393834,0.0027748871456291283,7.9731250548171255,1.2970172419001187,86.02659446340728
23,2010-07-29 22:02:15,B0048,23,10808.75,3.589575829920732,4.200376046146947,-0.003714371030476971,1.5006449366331802,6.218565239763762,4993.765,2.678219557836974,4.171107672675929,-1.0006309576468801,0.0044641721580971775,7.988820643678426,1.2995219526631718,86.19272312392195
24,2010-07-30 02:28:41,B0048,24,10808.5,3.5670314485318326,4.200241362616443,0.002899794329032151,1.5004642923155085,6.209034746463636,4962.469,2.6929901554909765,4.170406220123355,-1.0004747296268892,0.003159118826617647,7.990220402102304,1.2826154066729571,85.07137135719721
25,2010-07-30 06:54:35,B0048,25,10808.781,3.588363120040946,4.2005800462703125,-0.0008033129824666398,1.5014654424563512,6.156961681908259,4907.859,2.6849697818820895,4.169460748536267,-1.006586673096361,0.0020541121597789282,7.882690956878554,1.2752890152407,84.5854375667569
26,2010-07-30 11:19:35,B0048,26,10804.703,3.580530071914909,4.2006887091000555,0.0029863669473960855,1.5017068562886784,6.155024052570902,4888.656,2.6836073579697186,4.170165006607723,-1.0026150245180556,0.001864731769280234,8.054682377673142,1.2735572473264072,84.47057548840137
27,2010-07-30 16:20:06,B0048,27,10804.766,3.704171299914939,4.201005370584102,-0.0012551580349414123,1.5006157826961417,6.052446004740521,4866.25,2.6880496504528555,4.148906074950599,-1.0001495156365345,0.0038491351535378153,7.989516678064296,1.2594114333938535,83.532333374713
28,2010-07-30 21:20:14,B0048,28,10802.641000000003,3.589335856217626,4.201094419856362,-6.944418572330091e-05,1.5005635940685536,6.165805632884588,4836.125,2.6866245843324728,4.170272562112315,-1.000662603416492,0.002545860802760122,8.031961049301984,1.2631632585495876,83.78117874911769
29,2010-07-31 01:43:57,B0048,29,10802.015,3.5702820366189907,4.200513567552134,0.0004669804890237169,1.5005650427714403,6.1758141633684644,4801.485,2.698617918096401,4.170271899546104,-1.001004029933717,0.003435521151490444,8.043229181254354,1.2491717310136363,82.85316990977832
30,2010-07-31 06:07:05,B0048,30,10808.25,3.580781102766562,4.200374228182175,-0.00045924259908505615,1.500068357066219,6.214724990741327,4760.938,2.699107325579607,4.1694521749389235,-1.0009807316550958,0.0032156201712743083,8.03181115051043,1.233984347835307,81.84584416927507
31,2010-07-31 10:29:39,B0048,31,10803.187,3.5985178263703825,4.20139713387595,0.00031963357483423067,1.5019757864014973,6.21387387432846,4740.907,2.6835548325191994,4.170146996930818,-1.0015794381065346,0.0032676933828671303,8.097013437245895,1.240031992028868,82.24696315034295
32,2010-07-31 15:27:42,B0048,32,10804.329,3.7095287944522224,4.2006292529187315,0.0012184320431380387,1.5003592991166828,6.148250886842844,4914.532,2.681569834191177,4.12494331073437,-1.000338666801855,0.0027412393601330834,8.022533123805395,1.30370857198071,86.47040686671853
33,2010-08-03 17:52:22,B0048,33,10802.156,3.6854330595373255,4.200313790639985,-0.003878316636807188,1.5008837158936095,6.215788018866588,4998.656,2.683679055503892,4.151287967783268,-1.0008223865758235,0.0029521447447247123,8.108172025448226,1.315055963470538,87.22303945661601
34,2010-08-03 22:54:43,B0048,34,10804.672000000006,3.536807791642497,4.200568073475365,0.00030673037471134524,1.5008575501349875,6.233387891256791,4890.015,2.682654869893668,4.170265534323388,-1.0014803549820415,0.0027404094242924303,7.8977220071348055,1.2888738300982074,85.48647058378542
35,2010-08-04 03:19:23,B0048,35,10806.687,3.5523720665174543,4.200643963069419,-0.003771624784911784,1.500956941330312,6.1420270749646155,4842.11,2.6823844675903756,4.1709795561538705,-1.0011333619216,0.003077251611116991,8.04149350152151,1.2877137595885193,85.40952718468326
36,2010-08-04 07:43:19,B0048,36,10804.187,3.520673150094407,4.200636309637938,-0.002937255136177215,1.501110015022733,6.275446724240284,4798.281,2.6862404868403718,4.169424514471797,-1.0008607894638553,0.001830695985392169,7.954120438181095,1.2673379985315463,84.05807457734275
37,2010-08-04 12:06:28,B0048,37,10804.703,3.5505870343006154,4.200742524957943,-0.002544498352596288,1.5011370049149122,6.230721669165233,4739.188,2.6969281633328235,4.170624380836064,-1.0007680402205719,0.001836151413015362,7.99745058769299,1.250594345697306,82.94752694106222
38,2010-08-04 17:04:33,B0048,38,10805.594,3.708899267521077,4.201414614538204,-0.002526968049241091,1.5006788382381469,6.169239943192279,4733.156,2.697244348677796,4.149740744130536,-1.00042503459904,0.005832843427952291,8.033089769228212,1.2487131179395878,82.82275171666394
39,2010-08-04 22:02:33,B0048,39,10803.797000000006,3.5573830477825417,4.200015955660245,0.0018731651328978902,1.501225304323313,6.200622472917794,4670.61,2.682663772646134,4.170538290499679,-1.0015325180388504,0.002412899307793271,8.032822875095608,1.248002326082933,82.77560739134196
40,2010-08-05 02:23:35,B0048,40,10806.938,3.5191944635443115,4.20028074050464,0.0012784010429012856,1.501611918288781,6.163420195663021,4635.0,2.6897565950033164,4.170102316006519,-1.0062480227973458,0.0023415784094730314,7.971994643634386,1.2300895244599586,81.58751422562155
41,2010-08-05 06:44:04,B0048,41,10805.984,3.5500430177357263,4.201686717053206,-0.0019244555829230406,1.5002277039476555,6.177416890767323,4615.86,2.6851150517360427,4.169002458595089,-1.000237361904988,0.004188276315737522,7.985840586212385,1.2244197121500935,81.21145550526882
42,2010-08-05 11:04:13,B0048,42,10804.937,3.5490819908223576,4.201290996408756,-0.001702847896652799,1.5008336514550749,6.158659545632484,4580.75,2.691698678764574,4.169722967056448,-1.0009932577793423,0.002146561775158097,8.055923800450703,1.2186682845116386,80.82998352705968
43,2010-08-05 15:59:42,B0048,43,10804.922,3.7123064650804403,4.200162208748151,0.0008649387343522069,1.5021422583862378,6.106804252908498,4557.406,2.688395997689043,4.147796072295514,-1.0006542561971035,0.002419760196360418,7.982156595851859,1.2037865236033616,79.8429286374252
44,2010-08-05 20:54:47,B0048,44,10808.079,3.5675586756226996,4.201166082758249,-0.0004041096487301359,1.5017952560202423,6.212888530650942,4524.0320000000065,2.6966509268234162,4.16937546220786,-1.0009626594711905,0.003927588274909252,7.842796481143621,1.1947642300832226,79.24451162282195
45,2010-08-06 01:13:28,B0048,45,10808.421,3.57649395921152,4.200367756300223,-0.004695483425947127,1.5002538729530392,6.150962094235528,4502.938,2.6969697387700067,4.170164354666364,-1.0010181767758786,0.0019253522309582184,8.079939832789865,1.2052091893871497,79.93728905800035
46,2010-08-06 05:31:48,B0048,46,10809.953,3.5290560210824986,4.201197548957231,0.002422244708257793,1.4998192442837657,6.191354250383185,4483.094,2.6967087456075824,4.169926901474105,-1.0003688126988763,0.002982864599582341,8.064765751727982,1.1955746593628465,79.29826454817037
47,2010-08-06 09:49:49,B0048,47,10803.234,3.5427117039675675,4.200684521098155,-0.0013818227101986746,1.5023010118482283,6.157237384993867,4448.36,2.6919470298999473,4.169479557902343,-1.000126079444024,0.0014238030452447463,8.047690080561159,1.1888497102149884,78.8522223103029
48,2010-08-06 14:43:07,B0048,48,10806.329,3.7158180193615302,4.201872817490319,0.0019618971030261733,1.4995744586163058,6.044221254912429,4440.531,2.686563173222129,4.1466990810536295,-1.0021900619093496,0.0029238576437456416,8.077528255423264,1.1915605250807406,79.03202113146568
49,2010-08-06 19:36:20,B0048,49,10804.89,3.51269165423309,4.200545055952073,-0.0008048291334151574,1.5008958448776388,6.209757516721622,4416.547,2.6961737443762415,4.168333177873153,-1.0003664269909844,0.0024173954685969383,7.993540199499143,1.1726587153109655,77.77833053186598
50,2010-08-06 23:53:10,B0048,50,10807.342999999993,3.5637144463975514,4.201347482268992,-6.32353998204424e-05,1.5012904423285351,6.182647800536291,4382.937,2.687805922420921,4.1690272272079385,-1.0012571198673526,0.0032786212576060634,7.973181959906697,1.1841133872494156,78.53807865681519
51,2010-08-07 04:09:31,B0048,51,10809.625,3.494753720116372,4.200778088439271,0.00038530129758612903,1.5001047711442117,6.176741115724748,4347.453,2.6954427225266566,4.169215137661718,-1.0018658991684293,0.0019777963812346033,7.915947250994455,1.1576825122317769,76.78501162501199
52,2010-08-07 08:25:18,B0048,52,10804.875,3.5620528793111315,4.201327999045072,-0.0031395289272990396,1.5003186262748582,6.13502982318747,3581.188,3.078111316923791,4.1701191621232025,-1.0001136128555836,-0.00024557605061535935,7.631644271961187,0.0,0.0
53,2010-08-07 13:04:21,B0048,53,10804.531,3.754657100045765,4.202171899829363,7.141985971765556e-05,1.4992830957343752,5.974454974933156,4746.5,2.6861121256233056,4.135364610542779,-1.0023792621826997,0.0012033859895205583,7.938268366482139,1.259355851168598,83.52864680109089
54,2010-08-10 17:36:14,B0048,54,10810.016,3.7043147246745245,4.200546191175574,-0.0037902245199957414,1.500259426774567,6.197455444603273,4679.156,2.6816961536149058,4.1506494675081695,-1.0001686999268207,0.000746731599392982,8.024531067354474,1.265883375278026,83.96159453013513
55,2010-08-10 22:33:31,B0048,55,10803.282000000007,3.465536696185414,4.200243932535057,0.001800123570428832,1.5019391747079083,6.265801264268585,4596.578,2.6935260886313634,4.1705945560509186,-1.0029269600514006,0.0008686434908399869,8.026701986317695,1.2472598673184119,82.72636271133472
56,2010-08-11 02:53:22,B0048,56,10808.906,3.4695378187196724,4.200218395249419,-0.004386867245376342,1.4999219529922956,6.306161200693953,4544.641,2.6819098951639786,4.170902199360611,-1.0009156470599612,0.0012745576170925252,8.083086131954136,1.232808747256218,81.76787071525985
57,2010-08-11 07:12:27,B0048,57,10809.375,3.4772499422972882,4.200277836851685,-0.0029624393969591425,1.5011856201674545,6.42349247734769,4526.938,2.6836569825858465,4.1707733769162845,-1.0001085078242802,0.0017172085207204622,8.282945581406354,1.2319592783041904,81.71152842567065
58,2010-08-11 11:31:14,B0048,58,10803.938,3.4574732606112066,4.200124834150652,0.00020950880535448757,1.5002193993368778,6.544717021926582,4487.438,2.686405541586876,4.170606882649154,-0.9997514170880323,0.0003549387845271242,8.296254318972048,1.220785786262778,80.9704299749064
59,2010-08-11 16:25:13,B0048,59,10802.313,3.710493688402371,4.200847418446105,-0.0021192180421624805,1.4996861592221329,6.380681752178513,4513.312,2.685608364298082,4.1280471381711665,-1.0014756423920745,0.0008543782112958334,8.280354632475289,1.2275441303266783,81.41868718016728
60,2010-08-12 14:27:15,B0048,60,10807.516,3.706733838585358,4.20084255329758,-0.002688686536040352,1.499886683610836,6.392989219416148,4568.438,2.685972991906515,4.150268203613492,-1.0292876659492052,0.001610787194185352,8.346898191755683,1.2386788414290355,82.15721342756427
61,2010-08-12 19:22:39,B0048,61,10804.64,3.4683243884174684,4.20079761315567,-0.0009384905371377636,1.5021100497575783,6.489220928460208,4499.656,2.689198249643033,4.1705243721131415,-1.0011525386558742,0.0029197510088672675,8.337878264565942,1.2283577755407058,81.47265340714026
62,2010-08-12 23:40:56,B0048,62,10807.093999999997,3.4443589175236577,4.200102870740936,-0.0021434945749485303,1.501182151067535,6.50944425784203,4430.984,2.6983204775942364,4.170294880009359,-0.9994560675644151,0.0007032833500389867,8.259622932500356,1.2095481507570451,80.22507711362678
63,2010-08-13 03:58:07,B0048,63,10803.235,3.4586609253224547,4.2011035063646425,-0.0018002671770711216,1.501244061665122,6.505367854479263,4411.141,2.693240203211685,4.170568686817898,-1.0001444836054942,0.0001566483540684926,8.290496900072908,1.2082142070681048,80.13660131773266
64,2010-08-13 08:14:54,B0048,64,10805.453,3.434806584955982,4.200734461212887,-0.0013780137026487152,1.5003966438582086,6.498231705334226,1991.531,3.441548920019712,4.170160404909495,-0.9996934306535468,-0.002449743656614265,7.381556529300557,0.0,0.0
65,2010-08-13 12:27:18,B0048,65,10806.078,3.845517977133262,4.207289629832628,0.0008005729051197604,1.4995469618227204,5.980144152375998,4883.312,2.6866110987705887,4.152589435404936,-0.9998506480954517,0.00327737244909063,8.321321846834685,1.2998734542832147,86.21603699080343
66,2010-08-16 12:56:14,B0048,66,10806.641,3.701965104435648,4.200317844329428,0.00034819427377134296,1.5001097773493433,6.3823480707327755,4663.907,2.699083135691788,4.151970239591361,-1.0004944197478995,0.002141105590685201,8.23807744072398,1.2691220651743778,84.17640544652511
67,2010-08-16 17:53:19,B0048,67,10807.969,3.4489734393029288,4.20016199222059,-0.002802306986404399,1.5010825864066668,6.561401825014008,4581.328,2.6907134698484554,4.170962379739071,-1.0008604029243209,0.001349801462907186,8.189029507624946,1.2555144634690785,83.27386105798143
68,2010-08-16 22:13:02,B0048,68,10809.593999999997,3.425442694804615,4.200867109884614,-0.0008693834031219993,1.5026898613914124,6.561808915821579,4553.031,2.684500860538322,4.171135033653532,-1.0019448914018847,0.00028876258475446384,8.234868029314756,1.2519876926897657,83.03994274926808
69,2010-08-17 02:32:20,B0048,69,10804.109,3.3964981533013043,4.201227005428076,-0.0009067803341590363,1.5008832806098595,6.545066489587461,4486.5,2.687835669252526,4.1708733924683505,-1.0012709000931328,0.0005939644267695349,8.238279702155017,1.2374982003019996,82.07890565172195
70,2010-08-17 06:50:25,B0048,70,10810.344,3.381403598174044,4.200294055894594,0.004771829918182737,1.501154825356807,6.5467817468184775,4450.625,2.690437364566134,4.170920111392399,-1.0011831011426036,-7.174117374828844e-05,8.219372551773532,1.2231273969878986,81.1257407832238
0,2010-08-23 18:56:44,B0049,0,10804.016,3.4737536477572712,4.209837438628564,0.001425103977463163,1.517654380573663,6.633028367412107,3170.984,1.9882559316714203,4.162219408853582,-2.0153014084095795,0.0016948784926854505,12.628005551626734,1.4209057149417375,100.0
1,2010-08-23 23:27:46,B0049,1,10803.468999999997,3.5921950934594298,4.209670580373537,-0.0012402590144856352,1.51546384240056,6.8063809228397005,3135.344,1.9995727928951719,4.191097729318615,-2.0148554374560215,0.00045697912701237896,12.625179528928726,1.372852133389263,96.618102028364
2,2010-08-24 03:22:29,B0049,2,10804.172,3.510169424593631,4.20956591193386,-0.0026749344635832975,1.5152870810334107,6.887514347327035,3049.781,1.9713959702644483,4.191581344098992,-2.0160129514309597,0.0015804056575776243,11.462796138822771,1.3643742487429145,96.02144846034764
3,2010-08-24 07:15:48,B0049,3,1655.547,,,,,,4565.859,1.9735165526751874,4.462470916200919,-2.016781837557893,-0.0013154972010939981,14.669814873687034,2.378643730568756,167.40334742522234
4,2010-08-26 12:57:33,B0049,4,10803.531,3.699097663509271,4.2096312084471315,-0.0005550225755659163,1.5131071925855581,6.501715930302891,5428.594,1.9779063196102418,4.176096603328684,-2.0159486718933524,0.0028795308284142213,10.159724053383584,1.0605357965671216,74.63801330481718
5,2010-08-26 18:06:14,B0049,5,10802.063,3.7258239041869357,4.208918230910855,9.530481476468952e-05,1.514457205505943,6.3986373903472415,2646.797,1.999505796022011,4.192152439213644,-2.0165552728134664,0.0024219966356886407,12.747809437833528,1.0069932376659496,70.86981402613614
6,2010-08-26 21:52:49,B0049,6,10803.765,3.7034877833553654,4.210047291922733,-0.002055537790079187,1.5136384080844898,6.493040241070202,2705.594,1.9998676881173485,4.19193811929599,-2.0160269331983307,0.003801699063904367,12.859387226194555,0.9298775334359536,65.44259226053448
7,2010-08-27 01:40:24,B0049,7,10802.985,3.713937590127096,4.208878677945786,-0.001766795356217695,1.5137739523766183,6.406022896371404,2627.828,1.9942412611094629,4.191932999195206,-2.015682931257663,0.001980617399803109,12.77865014417398,0.9232377029483808,64.97529661820222
8,2010-08-27 05:26:42,B0049,8,10802.187,3.7108530386101566,4.208950122056826,-0.0015000190448961905,1.5130228389895746,6.427516227739803,2981.312,1.9887929829692834,4.190969695803424,-2.0157486077976126,0.0020740371989916924,11.60077882051404,0.9053279121173716,63.71484769167063
9,2010-08-27 09:54:36,B0049,9,10803.859,3.7549907092504493,4.208851484817211,-0.0004928230891022447,1.5132897520789272,6.274644447112395,1941.797,1.9939496316818301,4.171684324757671,-2.016079035961751,-0.0021481465656871894,12.462166006182779,0.8595848360639872,60.49555765909728
10,2010-08-27 14:05:14,B0049,10,10802.031,3.5907812499125984,4.208808293442178,-0.0015856083809534015,1.515400037031019,6.845690244336657,2663.625,1.9970255058845359,4.190637849743496,-2.0167832944872015,0.0008712855130487655,12.68524460660397,0.8369614294820705,58.903375549896296
11,2010-08-27 17:52:07,B0049,11,10803.625,3.722670343525695,4.209115668568831,0.0005401514640502171,1.51342792698297,6.392352944065615,2862.25,1.990570708799589,4.1898267739177975,-2.0153368862843233,0.002802640153939726,12.070917134385256,0.8456824187653132,59.51713825009068
12,2010-08-27 21:42:21,B0049,12,10804.516000000003,3.7318513384003364,4.2096932982268225,0.0007086254493898236,1.5148818475691228,6.281596305470814,1894.485,1.9874243707218107,4.190571685709423,-2.0158427443639826,-0.002197648897256144,12.931744232686027,0.8071214007577537,56.80330455922255
13,2010-08-28 01:16:29,B0049,13,10803.406,3.5820172586076335,4.209721324695355,-0.0014042140482064323,1.5145516428660637,6.809160893810756,1799.25,1.9892517372066318,4.18826381558764,-2.015178417335196,-0.0013048173016235159,12.53100572898693,0.7820744360746734,55.04055813490352
14,2010-08-28 05:24:45,B0049,14,10802.672,3.7424476853644677,4.2091965198407015,-0.002292387332647947,1.5129842299003187,6.253536114234008,1741.204,1.9868911872895965,4.162762870031206,-2.015693117280659,-0.0018541180127632274,12.335513729341908,0.7953019444133349,55.971479039757774
15,2010-08-28 09:32:03,B0049,15,10805.156,3.597793525596868,4.209637030694581,-0.0011584407761429472,1.513257786439714,6.713402217923067,236.156,3.4543504315144196,4.19011964495105,-2.014259088676831,-7.280941994823335e-05,7.437341180783139,0.0,0.0
16,2010-08-28 12:38:39,B0049,16,10803.031,3.9464490145109457,4.2273502346156535,-0.007330811633895338,1.5103236163644191,5.94557240836069,1899.218,1.996058976050717,4.1692630784027385,-2.017126618248215,-0.0021169047464473724,13.187367445445181,0.7752051154719997,54.55711151839417
17,2010-08-28 16:12:52,B0049,17,10804.719,3.5811673842602807,4.209581886300985,-0.0006306530227803903,1.5132755492546812,6.758430527045934,2305.25,1.9811242583835047,4.186817701935873,-2.016129985116996,0.0017617315922140607,12.73854385905339,0.7711865903845158,54.27429718066391
18,2010-08-28 19:53:52,B0049,18,10805.11,3.7244135997973333,4.209803058011147,-0.0018134008894081836,1.5130893564596324,6.342222767864982,1690.594,1.9912347674711242,4.188353148421002,-2.0162046577360044,-0.0003158661530391309,12.43174282130699,0.7585098914517947,53.38214094542484
19,2010-08-29 00:00:24,B0049,19,10802.172,3.7490278027900303,4.20887989291294,-0.00120540282584131,1.5132219277749774,6.225045351312692,1800.421,1.992352748796434,4.161361064351189,-2.01581049777552,0.0005862349023809307,13.382353818734753,0.7349386490499009,51.72325238202284
20,2010-08-29 04:08:43,B0049,20,10802.157,3.5759675014136705,4.209361437335699,-0.002539744045962165,1.5138755046255927,6.75332768057633,1633.25,1.9960897948919885,4.186507738215053,-2.0160585309963657,0.0018671631753728257,12.300881528020009,0.7366758033690756,51.84550921447185
21,2010-08-29 07:38:30,B0049,21,10802.515,3.603313645072916,4.209757656764884,-0.00046071432762219465,1.5125111964387272,6.663209267245541,1737.172,1.9999963944412724,4.188359485457034,-2.0163487950701433,-0.001112600330976469,13.146013541941878,0.7093946599203638,49.92552654694978
22,2010-08-29 11:10:02,B0049,22,10803.625,3.5877819140956406,4.209843486141417,-0.0035516897664713215,1.5136262984180182,6.730420611780718,1614.406,1.9911540027307004,4.185414346041184,-2.0153902683188014,-0.0007286831106421793,12.419820365387574,0.7186465009220309,50.57664934168402
23,2010-08-29 14:39:33,B0049,23,10803.375,3.6041413075450737,4.2096235208534285,-0.0008750875457789157,1.5136801734169012,6.659251860149705,1708.86,1.9924291348754952,4.187572397568079,-2.016217383011093,-0.0010171989929860486,13.214727037699832,0.6913885231046639,48.65829701677381
0,2010-08-23 18:56:44,B0051,0,10804.016,3.5422641710588887,4.214630310371577,-0.004805226640249457,1.4938337226764178,6.498644708112366,3170.984,2.4943981098310886,4.166332642660912,-1.99003056135952,0.003172090739780221,12.32941609273775,1.2931804619982779,100.0
1,2010-08-23 23:27:46,B0051,1,10803.468999999997,3.719024526399203,4.2146097972009695,0.0010068710194114084,1.493446723514857,6.465404589711418,3135.344,2.493737690186406,4.197817181186768,-1.9907652212254523,0.0018351090044872215,11.786163300295161,1.2288940261191657,95.0288116957958
2,2010-08-24 03:22:29,B0051,2,10804.172,3.7435782325118,4.214558524064105,-0.0008210769718007424,1.4923556788229895,6.362432676247997,3049.781,2.484825203522635,4.201090648817504,-1.9902247660821277,0.0011545811125547067,11.79177216318508,1.2039031789717949,93.09630127812727
3,2010-08-24 07:15:48,B0051,3,1655.547,,,,,,4565.859,2.481006838176381,4.4605398643795535,-1.9923919648262227,0.002726226991029837,14.855344209164883,2.330873478782131,180.2434808812658
4,2010-08-26 12:57:33,B0051,4,10803.531,3.732530375861002,4.214720777942384,0.0008436279296657009,1.4929258044131302,6.268500504120229,5428.594,2.4989144012367213,4.183564695802171,-1.9906556562988877,0.002222824944260118,9.407360590589006,1.0092808819126011,78.04640663631874
5,2010-08-26 18:06:14,B0051,5,10802.063,3.770192989137941,4.214647942021613,-0.005324961121990053,1.4924890651345537,6.14246367520438,2646.797,2.4909800416005967,4.201222601303239,-1.9928667511122287,0.0010371434859419734,12.00427347710193,0.9565659895125322,73.97003106854905
6,2010-08-26 21:52:49,B0051,6,10803.765,3.7499638721199338,4.214594833936407,-0.0019441445219303215,1.4929830562012811,6.201394407683267,2705.594,2.4946772785123836,4.202406487867388,-1.9902384975692378,0.0006812868774389288,11.420322251577586,0.901956291365404,69.74713258284636
7,2010-08-27 01:40:24,B0051,7,10802.985,3.762553597772899,4.214557935212492,-0.0005622137112138451,1.4939221175242048,6.09756221384153,2627.828,2.4990630530936326,4.204413406598424,-1.9907063729195358,0.0010369244546384764,11.80356781146328,0.8897906666138162,68.8063802973696
8,2010-08-27 05:26:42,B0051,8,10802.187,3.7549537019629367,4.214617931561287,-0.0019129903326651314,1.491976786239246,6.146102870343544,2981.312,2.4911013141195597,4.203308441652878,-1.990986162648124,0.001341261080022701,10.939133221658826,0.8830717036634559,68.2868114399823
9,2010-08-27 09:54:36,B0051,9,10803.859,3.7757511788419293,4.214574363561244,-0.0015400500680609335,1.4923735116114367,6.023280292237292,1941.797,2.487899627353052,4.187936112831865,-1.9921565534257668,0.0022593304792197207,11.883224057630693,0.8431270354481757,65.19794106271446
10,2010-08-27 14:05:14,B0051,10,10802.031,3.7322938524288056,4.214676123688445,-0.002912382206759937,1.493435664436563,6.293720054359482,2663.625,2.4928843010694406,4.204131585576503,-1.9907118191391828,0.0011385679482569084,11.104558398908889,0.826559103449663,63.91676395825131
11,2010-08-27 17:52:07,B0051,11,10803.625,3.767040530165971,4.214638868071239,-0.004609146078262682,1.492464552269805,6.092034489549569,2862.25,2.4993609910440835,4.20261624712583,-1.9901462850291596,0.0006626894133903654,11.406827135294929,0.8352681546837963,64.5902238109215
12,2010-08-27 21:42:21,B0051,12,10804.516000000003,3.7614590440059104,4.214610675565801,-0.0010989647960347284,1.493141626752586,6.054682989709081,1894.485,2.498094046924129,4.204441713018145,-1.9918526087146262,0.002239088154357066,12.198436592525173,0.8025719464987874,62.061867626627986
13,2010-08-28 01:16:29,B0051,13,10803.406,3.730468095958963,4.21464844553067,-0.0012537964066458884,1.4946640010891195,6.277891589441775,1799.25,2.495501924298458,4.205629455017258,-1.9915285938625498,0.0022906662061056723,11.825318185585296,0.7839218784699513,60.619681591740225
14,2010-08-28 05:24:45,B0051,14,10802.672,3.779899544873615,4.214566338915043,-0.004386443071621297,1.4924624552871817,5.981370148414617,1741.204,2.4904774374699135,4.18869211223692,-1.990859718937767,0.0006567456152538762,11.83597928071688,0.7910763493036002,61.17292771970859
15,2010-08-28 09:32:03,B0051,15,10805.156,3.7189849278316984,4.214656689282079,-0.005201945831543122,1.4929971546739824,6.291989291548551,236.156,3.546618065659587,4.197410333228745,-1.9900013859472852,-0.001492309302374482,7.054471734319081,0.0,0.0
16,2010-08-28 12:38:39,B0051,16,10803.031,3.973244136018424,4.221646133675283,-0.013557000251156196,1.4196990758623376,5.715951201932481,1899.218,2.491598912047876,4.1821997161959255,-1.994157229105373,0.0026026422672707217,12.009985166510232,0.7654538269480236,59.19157066177845
17,2010-08-28 16:12:52,B0051,17,10804.719,3.743631964465397,4.214587972354405,-0.007816442045483062,1.4939727849066178,6.171564766178154,2305.25,2.4869071541416994,4.194584498935661,-1.9911277842699446,0.0002846629432911602,11.6895460366882,0.773177347633947,59.788820690903435
18,2010-08-28 19:53:52,B0051,18,10805.11,3.760104212819198,4.2145927969624495,-0.00513624594332376,1.4927851989647327,6.07903843446679,1690.594,2.499952602276462,4.197406401996851,-1.990804461946515,0.0009007613061717446,11.987366110206718,0.7605293776416485,58.81076926158055
19,2010-08-29 00:00:24,B0051,19,10802.172,3.7772132097343083,4.214588951426976,-0.00035568138229147457,1.4922547541171332,5.9770779645399195,1800.421,2.4997210982004625,4.189508964301152,-1.9906884481379319,0.0008332610521895075,12.368454802055908,0.7376430319247004,57.04099726227403
20,2010-08-29 04:08:43,B0051,20,10802.157,3.7339535241979855,4.214631392175171,-0.005236163401589385,1.4944096817300303,6.21251192265342,1633.25,2.491516785323916,4.19596724295681,-1.9935500054668205,0.0007388983254680313,11.810149488093078,0.739179500257907,57.15981040385463
21,2010-08-29 07:38:30,B0051,21,10802.515,3.717172785723663,4.2147402192437164,-0.009198130011068454,1.492809625785409,6.272061542598416,1737.172,2.496222014851971,4.190531975284901,-1.993456926596487,-0.002102449039809,12.09457421285805,0.7014575429842594,54.24281943606982
22,2010-08-29 11:10:02,B0051,22,10803.625,3.7423803844499552,4.214557079272205,-0.010270706468851521,1.4927849522763743,6.174539124118671,1614.406,2.488325882818304,4.178476681914968,-1.9932734131292418,-0.002804955657237204,11.797027499425711,0.7047349480541781,54.49625700075854
23,2010-08-29 14:39:33,B0051,23,10803.375,3.7280760580251786,4.214634625787668,-0.012701569086961769,1.4916893863693397,6.213325299458025,1708.86,2.495715251425015,4.1919700049548565,-1.9937534992241324,-0.001692394568462106,12.079392114792578,0.677848893570423,52.41719261076538
0,2010-09-17 16:34:19,B0053,0,10802.156,3.6905085117553798,4.209764816421814,-0.0016720310474365521,1.5133432126606925,6.439597796615615,2560.688,1.9735558560671433,4.178658528567033,-2.0158554217685096,0.0006393162265119631,12.059863244911188,1.1540727934432229,100.0
1,2010-09-17 20:55:26,B0053,1,10806.281,3.5396646800568607,4.209129849051724,-0.000548777811181085,1.5142324401055327,6.893208679451848,2522.375,1.9558143264177166,4.192255020207044,-2.0157450085599695,2.0450141392531515e-05,11.967885395858058,1.1501525413826983,99.66031154336214
2,2010-09-18 00:40:13,B0053,2,10801.937,3.546681351182188,4.209766012957835,-0.0018520136224315263,1.5145883355017649,6.895802601042721,2488.719,1.9974831055926598,4.192588912486402,-2.0158186517663363,-0.00028987970241778615,11.985900972885712,1.1305863853936766,97.96491103654964
3,2010-09-18 04:24:22,B0053,3,10805.094,3.5549057083080493,4.209689383569422,-0.0014645131247445818,1.5146566233843537,6.88860137147228,2474.844,1.974695202836088,4.192849949462827,-2.0154879896693143,-0.0010990640357604051,12.004376962205335,1.121790272357562,97.2027309482494
4,2010-09-18 08:08:20,B0053,4,10803.594,3.5538602832708386,4.209607195004086,-0.00032548735632358913,1.5149304791508733,6.8787729090633425,2473.875,1.9637397944562873,4.193081087954604,-2.01514791138818,-0.0001586110429059859,12.133888437168595,1.1135982401443856,96.49289424993029
5,2010-09-18 12:28:03,B0053,5,10803.532,3.7126212140898254,4.209914366084566,-0.001994424669753774,1.5133006883893216,6.396995791218606,2495.5,1.9443649588528493,4.179165887700054,-2.0165720599153336,-0.0010307934301536966,12.32708937826574,1.0864654057095062,94.14184372789802
6,2010-09-18 16:48:09,B0053,6,10802.266,3.521824324588909,4.209604966286798,-0.0023008186529517353,1.5134689478182966,6.917550481847578,2481.078,1.9470490842081751,4.191975122366585,-2.0161080991224587,-0.0009173979841988148,12.164497494980397,1.0647493568993147,92.26015576734912
7,2010-09-18 20:32:11,B0053,7,10802.11,3.5249415042526064,4.209734875457956,-0.001983529702408347,1.5139271889850459,6.9005566600972505,2460.125,1.9602813323957715,4.1919635181969905,-2.0159395612536084,0.0007767461392423074,12.128732336863894,1.0809288094959644,93.66209962120062
8,2010-09-19 00:15:53,B0053,8,10805.265,3.5336461672553763,4.209900773100315,-0.0009586453478801286,1.5131134681341152,6.912409853903983,2440.547,1.9605995541160257,4.192155796080977,-2.015751416688318,-0.0014786883453424093,12.245191547318633,1.0852752041846463,94.03871318607935
9,2010-09-19 03:59:19,B0053,9,10805.157,3.5380547017915385,4.209719804822068,-0.001397431114546283,1.513952969965809,6.915449813061893,2449.922,1.9595048550370973,4.192319942921637,-2.0145490297544875,0.00047693576555615265,12.190916714981144,1.0504799933740894,91.02372045700339
10,2010-09-19 08:18:42,B0053,10,10805.312,3.7138521763937407,4.209703554635634,-0.0010236046973590004,1.5136516599575984,6.395345196810816,2408.781,1.9845858202377116,4.178294459840927,-2.0175406007257113,-0.0013334970754673272,12.163073942837917,1.0853550177054305,94.04562899946978
11,2010-09-19 12:37:25,B0053,11,10806.578,3.5522571361498385,4.209799936330238,-0.01146265602751887,1.5137323041772983,6.925538052060025,2442.547,1.9446709162715439,4.192753069603226,-2.0152928005596524,-0.000924942803725175,12.292542702117027,1.0508395690790722,91.05487756485878
12,2010-09-19 16:20:55,B0053,12,10803.172,3.526740409428255,4.209720676106337,-0.003047904275232355,1.5132919132556923,6.917246764969381,2420.671,1.9692766515934297,4.192029518756707,-2.016114129246863,0.0011360498138273684,12.1295279689702,1.060906788333118,91.92719855806146
13,2010-09-19 20:04:00,B0053,13,10803.625,3.5374212517664416,4.209645537774527,-0.0009859075061117138,1.5134493922814405,6.925834272922909,2409.906,1.991566826677512,4.192422731350341,-2.0152155871167707,-0.0009644415013623828,12.364595355360214,1.070582461063814,92.7655921832875
14,2010-09-19 23:46:55,B0053,14,10802.39,3.5385108864121895,4.20959369255182,-0.0011925610262141777,1.5133011582915834,6.905668155380186,2416.672,1.9588680902433295,4.192159667005352,-2.0158432646768185,-0.0010442208821026852,12.128324396717016,1.024036665663697,88.73241544915396
15,2010-09-20 04:05:45,B0053,15,10802.406,3.715449479406433,4.209882489557379,-0.0026267421339512737,1.5135317336604153,6.377555636098616,2395.75,1.9836880271317603,4.177933640317498,-2.0152978607340772,-0.0009203110711447914,12.302129277138697,1.0670957253433857,92.46346776442606
16,2010-09-20 08:24:15,B0053,16,10802.516,3.5411432424350058,4.209727608585826,-0.0027615210381459,1.5134434351755506,6.972081962230241,2410.688,1.968810244689163,4.192397472111982,-2.015387641467015,0.0004730600690917541,12.366585260617878,1.0279237850447498,89.06923297081613
17,2010-09-20 12:07:10,B0053,17,10804.938,3.5305714933845223,4.209840327028468,-0.0006447528525165981,1.5162465819113995,6.932827689700885,2402.125,1.940239319338743,4.191651190035001,-2.017433515230241,-0.0022575515022887033,12.13341884254367,1.0325426399701008,89.469455118985
18,2010-09-20 15:50:01,B0053,18,10806.828,3.529620763882584,4.209900162714594,0.002072719635300975,1.514929966597292,6.9403136376570425,2355.265,1.9763616179319545,4.191822005194803,-2.016831246534153,-0.00037758708435256733,12.146814956196247,1.055948784653705,91.49758929012086
19,2010-09-20 19:32:06,B0053,19,10804.5,3.557677180807509,4.209713003956754,-4.2449655158696025e-05,1.5139526840398132,6.920214085809063,2396.719,1.958878972318411,4.192766032434195,-2.0149856192697904,0.0013789590238786516,12.493460218119651,1.0445313831308718,90.50827548013416
20,2010-09-20 23:50:39,B0053,20,10802.858999999997,3.71719196376874,4.209709650325965,0.0009720719562365111,1.5132411588828778,6.417158937949636,2442.344,1.9866817453254884,4.151701089360854,-2.0155113891751384,-0.00037279313860409566,12.212439916474112,1.035313906812183,89.70958441220004
21,2010-09-21 17:39:05,B0053,21,10804.594,3.7099878206269543,4.209724471357057,-0.00018878781052018024,1.5138572101905654,6.436218160704382,2444.703,1.9605382250198837,4.177926260298856,-2.0152683941461595,-0.0007667134481947448,12.533800131697804,1.076341053101982,93.26457214979264
22,2010-09-21 21:58:28,B0053,22,10806.172000000006,3.5202029056494757,4.210075723267777,-0.002301596292401177,1.5143312424646562,6.930406576716204,2412.25,1.9904175883780109,4.19142646613203,-2.0162575030692795,-0.0004304055028616027,12.15752125414067,1.0352223140423542,89.70164793103964
23,2010-09-22 01:41:32,B0053,23,10803.406,3.5333642166899315,4.209811857510341,0.0007147216711235684,1.5143977868076235,6.910611781222997,2403.234,1.9817745728975946,4.191965715839513,-2.017437032117796,0.00040571768791883316,12.500489505201012,1.0514287056908256,91.1059260442182
24,2010-09-22 05:24:23,B0053,24,10803.828,3.5266014001081136,4.2099754189204255,-0.0007597528662845355,1.5149911015753734,6.856369456677073,2361.047,1.9986378497920827,4.19127356264746,-2.0149215751246916,-0.0005409954422397432,12.129752391274424,1.060332934638968,91.87747433811535
25,2010-09-22 09:06:33,B0053,25,10803.063,3.551836896861923,4.2098228815656915,0.0020113131037667233,1.5141471507778237,6.9365300825757386,2392.468,1.9475532037509713,4.192474641560636,-2.0155065877750697,-0.00014318735622483305,12.4375808996521,1.0236966462748538,88.70295288918591
26,2010-09-22 13:25:04,B0053,26,10803.437,3.7170083584692866,4.2098132390490735,0.00022960241553739684,1.51263540992643,6.4260418034125015,2373.89,1.9971786671898824,4.17716731983324,-2.0152751887801044,-0.0010996594085787435,12.499986997045514,1.0465884668750887,90.68652106012738
27,2010-09-22 17:43:16,B0053,27,10806.938,3.5315824493741848,4.210046260454009,-0.0012973599837721509,1.5147429673222044,6.929150531374414,2383.234,1.954304860794578,4.191922035679278,-2.0172461252654528,0.0011518379007899502,12.407329307373491,1.0031121684812232,86.91931515761648
28,2010-09-22 21:25:52,B0053,28,10804.875,3.5218670360571873,4.209889094033787,-0.0006358675902747985,1.5133700998839419,6.923994714703682,2342.453,1.9728121678621011,4.1914917424018325,-2.0162327917586262,-0.0008815153454927485,12.12683073125857,1.0461578935615607,90.6492120345638
29,2010-09-23 01:07:46,B0053,29,10806.891,3.546224597283226,4.2096922024351375,-0.001758481583170805,1.5151062913320672,6.937703778843343,2359.296,1.9932654775438805,4.192505197154108,-2.0152751189158074,0.0006252834043416089,12.488226976946088,1.0156263513525605,88.00366468413124
30,2010-09-23 04:49:59,B0053,30,10802.0,3.5289967363120742,4.209571813715153,-0.0018540902981888869,1.5147809919958253,6.907156619839169,2345.453,1.9677305370734945,4.191388693209469,-2.0163318275424214,0.0002033850866796623,12.141455926320956,1.0250054893129452,88.81636367622876
31,2010-09-23 09:07:43,B0053,31,10803.469,3.719601471012685,4.209827381194892,-0.0011521055834681079,1.5153659372552641,6.369283743208481,2360.172,1.9646771872417268,4.176817913788527,-2.015461100618231,0.0012327070269828925,12.395143910298117,0.9801331625592913,84.92819240933879
32,2010-09-23 13:25:43,B0053,32,10806.938,3.520296296561428,4.209690845834917,-0.002355431344492745,1.5137172231835756,6.938563831879999,2315.407,1.9842967959422222,4.191203897341503,-2.015619248928888,-0.00023297215409106225,12.19451958922961,1.036777776420363,89.83642819679463
33,2010-09-23 17:07:13,B0053,33,10805.312,3.5510319954965737,4.209894594359138,-0.0014260508164512648,1.513390845281965,6.940583547496313,2322.156,1.9519786488395736,4.191950279497998,-2.0158297917061314,-0.00049115823080157,12.32467046038635,1.026830062058722,88.97446226031661
34,2010-09-23 20:48:49,B0053,34,10804.609,3.5405494337094527,4.20987326573454,-0.00255397186908436,1.5144893807858262,6.941269889295724,2327.1570000000065,1.9991200294367055,4.191989330112193,-2.016194986579563,0.0005143921546676719,12.456556362135045,1.0150379662805102,87.95268132542172
35,2010-09-24 00:30:30,B0053,35,10803.234,3.5355479725676924,4.2098721759909346,0.0014184578655365501,1.5135875213150183,6.908354119652614,2335.0,1.9919158008530222,4.192193889063254,-2.0162179222845116,-0.0008923751552711325,12.493233578273262,0.9904614739486177,85.82313694386087
36,2010-09-24 04:48:06,B0053,36,10805.313,3.720691542434855,4.208964788501053,-0.0014831692778205336,1.513620057147402,6.4097549206973365,2329.375,1.9455914118085802,4.176984220978375,-2.015859431138657,0.0002985192303386969,12.497083720348076,1.0145765174582757,87.91269694793216
37,2010-09-24 09:05:40,B0053,37,10806.375,3.5260609956421627,4.209834386137816,-0.0018221239297677794,1.5144845844617763,6.9110129653088945,2333.875,1.9745609840275167,4.191893131054369,-2.019579743107578,-0.001048112947959699,12.499664099435382,0.9811308944080389,85.0146455216915
38,2010-09-24 12:47:29,B0053,38,10803.187,3.5234885431011276,4.209999374996175,-0.0018949619746335465,1.5137050947684902,6.920217593207468,2317.453,1.945088917895143,4.191053526742021,-2.016238639458721,-0.0001436127775450853,12.233147481743185,1.0041687429386437,87.01086696123089
39,2010-09-24 16:28:59,B0053,39,10806.031,3.530352366884206,4.209996164131208,-0.0015000862169111742,1.51541365202901,6.924109461217982,2295.109,1.9541644750198832,4.191344296215671,-2.0172163751638545,0.0034891455382591984,12.380002749755878,1.007820487960787,87.32728937781418
40,2010-09-24 20:10:09,B0053,40,10807.141,3.537490133824614,4.209820226601219,-8.16847327104449e-05,1.5138297717546438,6.887732143931767,2326.657,1.935548354335742,4.1920711169862885,-2.0162879372042917,-0.0004130883441005047,12.616251645969692,0.982454133084564,85.12930368572093
41,2010-09-25 00:27:44,B0053,41,10803.141,3.7205602456740507,4.209612511107172,-0.0024908483831668888,1.5133259281056937,6.383545164358021,2479.297,1.9814063517681837,4.132408076306833,-2.0155258990014104,-0.0003234771223779787,12.829588969895449,1.1096775355538027,96.1531665817227
42,2010-09-28 13:00:15,B0053,42,10806.86,3.7006115844035383,4.209890221594995,0.0002109527830030389,1.5137363425899923,6.481648608926033,2463.578,1.9931418060709154,4.175775307137671,-2.015457752881536,0.0004740087596200527,12.589854217504927,1.1136801589914762,96.4999924891017
43,2010-09-28 17:20:08,B0053,43,10807.406,3.520735437823575,4.209042730890624,-0.0015031553167122863,1.5139221497596065,6.9688821500047355,2458.812,1.947894370100842,4.19084164853627,-2.0161593144943324,0.0007358271196004014,12.499581621225964,1.0385009100572404,89.98573711791879
44,2010-09-28 21:04:05,B0053,44,10803.157000000007,3.5025078561851,4.210051664327901,0.0013542129849724329,1.513695382869106,6.977789594017317,2400.672,1.9856387948209866,4.19061444729718,-2.0159544884457428,-0.00016637326763602745,12.550448845753783,1.0768815902180078,93.31140950000979
45,2010-09-29 00:47:00,B0053,45,10802.203,3.5263055803149737,4.209123167704903,-0.0011416018090897372,1.5154576975402017,6.959165293620615,2396.407,1.949232767477218,4.191036582578031,-2.015999719716144,-0.0011993209666156085,12.432369953422185,1.0721705505837382,92.90319957936744
46,2010-09-29 04:29:50,B0053,46,10803.094,3.5201182522472867,4.209730637840177,-0.0013448319810190465,1.5127299439946653,7.036792930014531,2392.375,1.971670057823583,4.190677216614621,-2.016625929850398,-0.0011465796503559143,12.51661002939304,1.0124588999851116,87.72920614170269
47,2010-09-29 08:48:28,B0053,47,10804.547,3.712988290335693,4.2097770380540425,-0.003133123315475838,1.5138850656233065,6.365530395444463,2373.687,1.9947630114629615,4.174970264553197,-2.015107043691624,0.00016566978380197644,12.386978430486096,1.0279944857549583,89.0753591623883
48,2010-09-29 13:06:49,B0053,48,10805.813,3.519753643225043,4.2098183307200605,-0.004108540180009699,1.5151993444074636,7.023525275349834,2385.922,1.93495405419616,4.191223425605613,-2.01589697281402,-0.00021292077475091218,12.86442209459833,1.0304147279049998,89.28507228999963
49,2010-09-29 16:49:33,B0053,49,10808.032,3.4987272835394974,4.209976271842945,-0.0003788805489078418,1.5141021965295147,6.972727472453587,2345.0,1.9626921591466933,4.1907916530158085,-2.015193789051477,-0.0019060860682032956,12.452887134609785,1.0556163273995052,91.46878198644916
50,2010-09-29 20:31:38,B0053,50,10803.219,3.527520084168553,4.209689441642342,-0.0004290503187511565,1.5134949460316316,7.019053257907858,2363.047000000006,1.965011869626919,4.191391388470691,-2.015263550837058,-0.0001999016038291173,12.717167506079072,1.0011115418162628,86.74596156360346
51,2010-09-30 00:13:58,B0053,51,10803.406,3.5069885096115514,4.2100827969430235,-0.0018687632033333535,1.5129450157290618,6.979912775121125,2316.687,1.9982886464924436,4.1908069648629,-2.0167120885262446,5.900360699598403e-05,12.479976931874727,1.0466839215498662,90.69479217398778
52,2010-09-30 04:31:22,B0053,52,10802.032,3.719077940324305,4.2097553036342426,-0.0001851995154014222,1.512995375454253,6.394569926018017,2322.0,1.987337089818558,4.176075101120923,-2.015138320039454,-0.00018938626383544272,12.53086381740867,1.047181656018543,90.73792068992755
53,2010-09-30 08:48:54,B0053,53,10804.016,3.53362815587459,4.209881287327963,-0.003549733122706218,1.514071870385971,7.024120364754699,2357.687,1.9333820178355814,4.1919833117809935,-2.017603787583275,-0.0006837028578907995,12.900294389057347,1.0102740078425778,87.53988600912984
54,2010-09-30 12:31:10,B0053,54,10803.422,3.5000779118613377,4.210034231597189,-0.0015490267717624044,1.5145702789445654,7.084428967712874,23.0,3.8013484699433544,4.190597056442859,-2.011883291667193,-0.0015391791119224564,6.164758961234487,0.0,0.0
0,2010-09-03 13:31:57,B0054,0,10802.328,3.67693142639854,4.20163864447271,-0.00020128093670859743,1.5185204671360435,6.4369727087359365,2826.0,2.1857283549042807,4.1501696736386835,-2.0146172696903197,0.0013584955382444815,13.22908734445715,1.1665440238116096,100.0
1,2010-09-03 17:57:17,B0054,1,10804.687,3.720909276943851,4.2017605189655844,0.0004374552092525354,1.5181507327787576,6.570424280835119,2818.578,2.191704472328808,4.18097797086454,-2.0143625410829222,0.00023873656479977246,12.767949622305693,1.1052521456138635,94.74585811194002
2,2010-09-03 21:46:44,B0054,2,10803.516000000003,3.7467906942470672,4.201787695134126,-0.0014248337430451668,1.516971890641853,6.420456473238207,2713.812,2.194436684364802,4.183817862511293,-2.0147009133139475,-0.0009827143677666654,14.48548355867213,1.0960302257185877,93.95532473239865
3,2010-09-04 01:34:26,B0054,3,10803.282,3.5599101442204892,4.201760981764428,-0.0014193026927847702,1.5181365605446144,7.243723189402162,2786.578,2.1744802077788186,4.179551945393369,-2.0151107748835604,0.000746405422960514,12.210694836100142,1.0754450685609742,92.19069718835169
4,2010-09-04 05:23:21,B0054,4,10802.078,3.7579782384995584,4.201718033695955,-0.0019085940706427852,1.5169688318160008,6.404791692077361,2667.89,2.1991956579298835,4.186221002348923,-2.0153415190841444,-0.0016264277226859995,14.382852820878863,1.0655493528023796,91.34240380579584
5,2010-09-04 09:46:00,B0054,5,10803.765,3.7027665820552125,4.201659146136842,-0.002404746886325335,1.5181217311574717,6.460563654184582,2530.172,2.195382286735059,4.162967318861197,-2.0145865502939007,0.0020975301953515407,12.646539321462496,1.0568368579972396,90.59554002463544
6,2010-09-04 14:06:24,B0054,6,10803.437,3.7393551544799406,4.2019354510156575,-0.0011984595829854896,1.5174696371282173,6.488151511403566,2446.062,2.186961493066742,4.186119302404479,-2.0144164466227608,0.0009125387621697327,13.501798463127008,1.0449064445364842,89.57282564633246
7,2010-09-04 17:49:40,B0054,7,10802.125,3.6517110605749266,4.201800760932149,-0.0008102701301372982,1.5180265049158133,7.01438017621661,2713.25,2.1792899341144296,4.183685207894235,-2.014507087829109,0.00039492348656279156,12.310686417130766,1.0458363976936966,89.65254429717035
8,2010-09-04 21:37:22,B0054,8,10801.968999999997,3.75545153576813,4.20175975521669,-0.004524249660187644,1.518738766856909,6.463417819030689,2676.578,2.1960491387884744,4.186682919177322,-2.015019913901801,0.0016014352924118309,12.449589157423155,1.018187920878015,87.28242570315946
9,2010-09-05 01:24:28,B0054,9,10801.875,3.760420668826853,4.201763968093423,0.0008345957110562555,1.5173004347222971,6.41595563693943,2394.734,2.1942476804372792,4.187137846103755,-2.014966759457277,-0.0016221042848951182,13.39260571620204,1.0226409233672233,87.66415175878302
10,2010-09-05 05:42:37,B0054,10,10802.188,3.73665094463293,4.201838012466602,-0.0002112315321711414,1.5167174851073904,6.373617117483583,2673.0,2.1907481286563577,4.170757473231068,-2.014728010762573,0.0006027268621741907,12.045245019281868,1.03890961861509,89.0587579558736
11,2010-09-05 10:05:24,B0054,11,10804.313,3.7597383319287596,4.201679453453631,-0.004839097810069278,1.5170248194536105,6.390574093669589,2619.578,2.185877354823723,4.18733783943504,-2.0143689610455375,-0.0002219994334112035,14.027143186292392,1.0173250354350074,87.20845631791602
12,2010-09-05 13:51:37,B0054,12,10803.188,3.687827503043781,4.202629213122783,-0.003460640522220264,1.5175700332987119,6.872691202769334,2640.016,2.18549830376202,4.183271363053432,-2.014355748891674,0.001816929184552581,11.98698791631262,1.033183911994548,88.56793150580671
13,2010-09-05 17:38:09,B0054,13,10803.61,3.7594141793479663,4.201723545344884,-0.001280205288721493,1.5181727486247505,6.347790652232157,2621.187,2.169486415611112,4.1871763489072675,-2.0146806054764226,0.002773703601396977,11.961246010798938,1.0095232119739597,86.53965828699766
14,2010-09-05 21:24:24,B0054,14,10802.108999999997,3.76506002008225,4.2028959698157236,-0.001114908092017959,1.51763789381187,6.336509244930438,2616.453,2.1991609285274296,4.187497017349983,-2.0150473398447923,-1.7629063355837714e-05,14.303923037098802,0.9862483259626477,84.54445831715317
15,2010-09-06 01:46:17,B0054,15,10804.093,3.7132082932131447,4.201903298241782,-0.003976954170200228,1.5174971836483866,6.392838626941957,2565.109,2.16946894247905,4.167864162415893,-2.014525320811098,-0.0005324313139626278,14.014570142346548,1.0080048320000436,86.40949774929632
16,2010-09-06 06:07:21,B0054,16,10804.578,3.6321204968911514,4.201735170866313,-0.0024937763801492745,1.519575199638699,6.9859368285484225,2532.531,2.189366386338004,4.182759232638332,-2.0146338064826703,-0.0006604754560847501,13.82742179742786,1.0153387761254196,87.03818762088925
17,2010-09-06 09:52:10,B0054,17,10803.672,3.652431354232974,4.201842616121562,-0.0024426434469814896,1.5191968202593746,6.93755027562548,2556.593,2.1938108499397133,4.183401065560466,-2.0145545734774464,0.0013945089029192212,13.793181239419976,1.0106786853355956,86.63870927333426
18,2010-09-06 13:37:22,B0054,18,10805.235,3.6900682406054086,4.20178009248238,-0.007594364821552707,1.5177550999772007,6.805034999029926,2577.891,2.195354018162212,4.174098618023754,-2.015071938818325,0.0007660352901161889,12.006556818172502,1.010409656585336,86.61564724183197
19,2010-09-06 17:22:56,B0054,19,10805.093,3.755572915313717,4.2020623556408845,0.0009114220051428417,1.5173716142386442,6.388890190214065,2572.36,2.1757051329882087,4.187244537540539,-2.015121108029787,-0.0006062256347945364,14.223331420666247,0.9801433323963482,84.02111813952732
20,2010-09-06 21:44:11,B0054,20,10803.14,3.713487642327281,4.202575420178547,-0.0003968031556116368,1.5193365865473851,6.35664711874359,2697.75,2.1816843710356264,4.149611746563943,-2.013901151718406,0.001140880412561725,13.816713741617784,1.1016641723624385,94.43828521471652
21,2010-09-09 17:25:02,B0054,21,10802.828,3.696218844699303,4.201671543076172,0.0009161521648278518,1.5184468589407623,6.377821727004955,2683.406,2.1869057073992466,4.167185143906847,-2.0160965699328157,0.0009108413298960059,12.297445133045807,1.0826512239001271,92.80843258384985
22,2010-09-09 21:48:07,B0054,22,10803.468999999997,3.7320746690670856,4.201732189009107,-0.00102076271149705,1.5173636082758055,6.4256925750665825,2646.156,2.1798631989492883,4.1862395960608145,-2.01701234819005,-0.00022496464382392673,13.917709213674303,1.0575008387868343,90.65245864716846
23,2010-09-10 01:34:50,B0054,23,10805.875,3.62816655902149,4.202263340526623,-0.0011993027284176788,1.5184982573480643,6.962122737283369,2593.531,2.1957368370641035,4.183562459488766,-2.01436163651519,0.0001856418346329867,13.738247646589583,1.0385517331615322,89.02807883479008
24,2010-09-10 05:20:43,B0054,24,10804.063,3.6682344554664885,4.201772480315969,-0.00032025701034194476,1.5175622252656829,6.8694142045948325,2604.125,2.197272162359153,4.183469543197807,-2.0144384240735826,-0.0007398599616689479,14.02103674221244,1.0073294901291132,86.35160521741196
25,2010-09-10 09:06:45,B0054,25,10803.328,3.6360543088974246,4.201804370207159,-0.0031312354117709264,1.5185171682614103,6.874772274380113,2588.594,2.186991625035034,4.182803471091083,-2.014431202432039,0.0003704464091711674,11.909908874752377,1.0160400308540347,87.09830148837311
26,2010-09-10 13:28:18,B0054,26,10804.437,3.781832764724366,4.201934146529909,-0.0011361876283018896,1.5175964928414096,6.279577898324537,2579.203,2.1839945875783817,4.177543051799468,-2.013986354296884,0.0015834763482331915,12.313622257322168,1.0158319636440951,87.08046528110681
27,2010-09-10 17:49:42,B0054,27,10805.719,3.7494898572693174,4.201679000885563,-0.0012357117825866604,1.517333014156246,6.396015056291563,2555.453,2.1974155139704856,4.18745666665725,-2.014668185258512,0.0004232581665302052,12.835536006037291,1.0015383803216271,85.85517219051565
28,2010-09-10 21:34:58,B0054,28,10802.656000000003,3.7335633626596474,4.2028128169977945,-0.002423313314128924,1.5182388302220002,6.47552409645704,2525.609,2.1944796571193828,4.187380122640154,-2.0148626167695514,0.00034826580565833215,14.025334270032486,0.9812488615918239,84.1158877472669
29,2010-09-11 01:19:42,B0054,29,10801.86,3.6373506748708837,4.201769235346591,-0.001781245485980562,1.5177536515048382,6.910029861017068,2536.172,2.19582689132158,4.183314724424282,-2.0148532560429055,0.002364863753619552,12.206393799822907,0.9987416030110134,85.61542321803576
30,2010-09-11 05:04:36,B0054,30,10803.906,3.7487958417768135,4.201926604971007,-0.0026745743999147917,1.5174579095463945,6.407496988502467,2536.204,2.180729125655269,4.187279483525102,-2.0149047097695103,0.0005164594761546608,14.157912343382947,0.9584014230949642,82.15732998772283
31,2010-09-11 09:25:19,B0054,31,10803.031,3.714220621440204,4.2018884158536105,-0.002169003732556426,1.5177782255018963,6.370285128605076,2488.86,2.198606902338691,4.168586129733135,-2.0144352591101575,0.0007119884144027251,13.877029644763786,0.9800846133894623,84.01608455265126
32,2010-09-11 13:45:14,B0054,32,10803.312,3.6729412572971056,4.201772661440812,-0.0006528422824363696,1.5174572121793786,6.831008292462062,2518.547,2.178492152794792,4.183747098480424,-2.014355978821028,-0.00036545100214209524,12.000734280236426,0.9720372198962766,83.32623544889508
33,2010-09-11 17:29:53,B0054,33,10806.0,3.758004836094359,4.202155121683256,0.000885558525685635,1.5170602732001353,6.352399413984293,2485.766,2.1931605321338634,4.187523274109238,-2.0147034101308976,-0.001213446025668264,13.961422230756659,0.9693202807518411,83.09333046725898
34,2010-09-11 21:14:02,B0054,34,10804.672000000006,3.6794467846306635,4.201892183570457,-0.0007150962997482682,1.5175829299428794,6.880174721419049,2506.718,2.1971158447610275,4.184269535257578,-2.0139210824745613,0.00025148770751944933,14.14108020855593,0.9479786388506265,81.2638545567415
35,2010-09-12 00:58:31,B0054,35,10805.406,3.6484922761661855,4.2018869139946435,-0.002401757637652044,1.5173451883219609,6.866129513200643,2459.297,2.192446180613871,4.183868392040906,-2.014478855847645,-0.00040409008968580567,13.857077682108361,0.9638519569071228,82.62456771736714
36,2010-09-12 05:18:01,B0054,36,10805.907,3.72461244054807,4.202099316931761,-0.0014966566103267317,1.5173189728806349,6.334318896603861,2488.734,2.1750045839249057,4.169539487587025,-2.0139737933023243,0.0011348713724745041,12.299989669041157,0.9682336695484697,83.00018257217818
37,2010-09-12 09:38:03,B0054,37,10803.266,3.7505628553785657,4.201978091543032,-0.0008056273247787545,1.5168267348028004,6.414121589145278,2491.375,2.1906356157422464,4.18749739820457,-2.0144314834515082,-0.0001950074727625963,14.212120623239777,0.9407020864603765,80.64008449391316
38,2010-09-12 13:22:16,B0054,38,10805.922,3.642970065424162,4.201986485388366,-0.00028921285589636486,1.517278033514127,6.863763780499179,2467.328,2.1969226044699126,4.183674115350642,-2.0183776817827956,0.0009356891792545672,13.232401754114171,0.9618442077038963,82.4524568358021
39,2010-09-12 17:06:09,B0054,39,10803.094,3.7221450086344907,4.202031117605055,-0.000998811739256377,1.5174623593586125,6.563833850843009,2466.125,2.188259141429684,4.185924206625423,-2.0139931249992817,0.0019142818319308526,12.098481296366476,0.9332340144199703,79.99989673520307
40,2010-09-12 20:49:58,B0054,40,10806.453,3.7615472645865586,4.202407223706206,-0.0008724316637804702,1.5170026841605109,6.311428086314945,2459.3129999999946,2.1682818867328626,4.187821519147336,-2.014238765879417,-0.00043856980764374125,14.31610663580659,0.9313454737145217,79.83800479911667
41,2010-09-13 01:09:31,B0054,41,10802.875,3.7178538190496573,4.202116071282775,-0.002127591177333431,1.5190425040448086,6.3627525009105295,2559.125,2.187733999755357,4.145501189988608,-2.014308805131467,0.0012042722615816558,14.083550544682673,0.9976429099116705,85.52123962299638
42,2010-09-14 13:26:00,B0054,42,10803.484,3.705251002670479,4.201880079460816,-0.0016776216823098287,1.518604081015412,6.384470616680085,2534.156,2.158914847324055,4.168037433999008,-2.0138438441231696,-0.0005107111364260782,14.07160712441505,0.9833315262972037,84.29442063268469
43,2010-09-14 17:46:48,B0054,43,10805.922,3.6288800864448216,4.20197600777238,-0.0011550244762325236,1.5184356575885913,6.894378011196684,2521.985,2.1913469960772693,4.182894970276525,-2.0139333922350606,0.0019869431863795443,12.23792511997238,0.9904370062777442,84.90352580450015
44,2010-09-14 21:31:37,B0054,44,10803.422000000006,3.7450284919384282,4.20201353233199,-0.0016320858874895384,1.5183574594169869,6.411168045793287,2503.172,2.1887585386046826,4.187269403966888,-2.014466237816939,0.00022500026938121047,14.182674582038874,0.9499871340436294,81.43602938700984
45,2010-09-15 01:16:06,B0054,45,10802.578,3.632040280572335,4.201921238380416,-0.0015577170370011599,1.517483231138099,6.870073447804768,2474.344,2.198239401427243,4.183666770470569,-2.0139589410587826,0.0008260621950833093,14.103323081309012,0.9526027840900876,81.66025153320126
46,2010-09-15 05:00:04,B0054,46,5417.812,3.637085853052197,4.201626501253782,-0.001633932130882287,1.518183039522396,7.9417422862497284,2349.64,2.1796805503092664,4.071079307477162,-2.0140304829398645,0.0018807534469409174,14.073408640034845,0.8850175175465715,75.86661964585204
47,2010-09-17 16:34:19,B0054,47,10802.156,3.6953494989229263,4.201692205378447,-0.0032634743217422506,1.5175209632069386,6.420621051334195,2560.688,2.1687268442761383,4.166737300664872,-2.014601101608025,0.00010055846998006083,14.081056672524559,0.9937402750241768,85.18669289284023
48,2010-09-17 20:55:26,B0054,48,10806.281,3.625689918514182,4.2018517057675036,-0.0016969999974934286,1.5180735858816705,6.924004696081837,2522.375,2.191725388766709,4.182736373587939,-2.0140748044967807,-0.0001340855903797161,13.882912785076055,0.995507330519279,85.3381707161399
49,2010-09-18 00:40:13,B0054,49,10801.937,3.6516008036828254,4.20176692117063,-0.0012853853575185265,1.5181835129773473,6.882463209601606,2488.719,2.16190489413124,4.183619389994964,-2.014119788854084,-0.0009088109033558232,13.976909425974554,0.975407870968116,83.61517877233915
50,2010-09-18 04:24:22,B0054,50,10805.094,3.6305000163305796,4.201859681711117,-0.0004157498937449466,1.519884716013917,6.92920505292187,2474.844,2.1867699716569766,4.18340061507743,-2.0142173050860928,-0.0007885955181956948,14.001484389915577,0.965960558373922,82.80532398749139
51,2010-09-18 08:08:20,B0054,51,10803.594,3.640286571348169,4.201937929737895,-0.0005578528388383703,1.5184926541658659,6.911548897796997,2473.875,2.198752976514828,4.183750141327261,-2.015149324108691,1.1367125201972806e-05,14.09360506240207,0.9573702621688754,82.06893547323898
52,2010-09-18 12:28:03,B0054,52,10803.532,3.7111122816554065,4.202505614807705,-0.0013600863338518573,1.5178142649731214,6.368676408582427,2495.5,2.166553275090901,4.1672081859932595,-2.0142477748570418,-0.00019434778849587278,14.300275862318225,0.9294756591964932,79.67771813355913
53,2010-09-18 16:48:09,B0054,53,10802.266,3.639112220707664,4.202748330505733,-0.0017469969856245531,1.517602572446802,6.904806531805193,2481.078,2.1974146026719614,4.183066668693598,-2.01446153517772,0.0013874457314458318,14.124062472619883,0.9323553879823946,79.92457798000471
54,2010-09-18 20:32:11,B0054,54,10802.11,3.643193286409798,4.20173369059381,-0.0026134150016834897,1.5173856715886258,6.878602587053994,2460.125,2.1984537160355733,4.182465009412686,-2.0143094298980313,0.0018773137499837943,12.64526098166937,0.954568378404969,81.82874875874607
55,2010-09-19 00:15:53,B0054,55,10805.265,3.735638094064912,4.202697436125117,-0.002316317444956975,1.517509679835235,6.454025008110104,2440.547,2.1699490089903373,4.186729661376772,-2.016093932087486,0.0006865116494746228,14.223331638985794,0.9330242104372937,79.98191164605134
56,2010-09-19 03:59:19,B0054,56,10805.157,3.627100422748139,4.201970911679321,-0.0013701436605958613,1.5199504486997748,6.950273480495414,2449.922,2.176887912375456,4.183427098166605,-2.014278751068411,0.0016624872979337753,14.139185148296136,0.923294184000959,79.14782169850334
57,2010-09-19 08:18:42,B0054,57,10805.312,3.714030796307054,4.201806762495666,-0.0005406100527301844,1.5176006784925977,6.344832005140546,2408.781,2.1883883016985664,4.166698332057613,-2.015356074543067,-0.0004749170899645399,14.087390371698557,0.9257799164262976,79.3609068778536
58,2010-09-19 12:37:25,B0054,58,10806.578,3.643811322887673,4.202062683767637,-0.0024026413474168627,1.517055102607316,6.909088140546878,2442.547,2.170115376243027,4.184004022833215,-2.0143329905022145,-0.0011675266871354949,14.202958247128624,0.9162765793280084,78.54624948779319
59,2010-09-19 16:20:55,B0054,59,10803.172,3.6393359907500487,4.201946777776287,1.995089171576272e-05,1.5183240485993235,6.8839644169634555,2420.671,2.1966197167856167,4.182970368325371,-2.0139655039502675,0.0012409509425369265,12.672879944135305,0.9387011679112469,80.46855915853904
60,2010-09-19 20:04:00,B0054,60,10803.625,3.735460958259415,4.202164501551846,-0.0005610987695773878,1.5176302803191108,6.458808917464669,2409.906,2.1844861596911245,4.186946857158577,-2.0144164428749267,-6.733606290536308e-05,14.267116889972154,0.9158990586877171,78.51388717376257
61,2010-09-19 23:46:55,B0054,61,10802.39,3.629666320610572,4.201933525191405,-0.0014251671990036757,1.5178486820943093,6.934681229592965,2416.672,2.1969048206503072,4.182782183216822,-2.0139993110110943,0.00024263459284232727,12.173995572424568,0.9202608990433788,78.88779851072263
62,2010-09-20 04:05:45,B0054,62,10802.406,3.7833284292876055,4.202193708579619,-0.0005453174865801729,1.5173838748906914,6.194845734554517,2395.75,2.189593119391126,4.175798948316686,-2.014122151363509,-0.000656711189930434,14.240824503948055,0.9111253917360889,78.10467270313929
63,2010-09-20 08:24:15,B0054,63,10802.516,3.6273467674868387,4.20255330590436,0.00018857439214335623,1.517631755329868,7.027891618154627,2410.688,2.1801159908061365,4.183432164471636,-2.0146239260917764,0.00110241434006503,14.275292993104369,0.8980507043695345,76.98386739278043
64,2010-09-20 12:07:10,B0054,64,10804.938,3.638203724590323,4.202204780262612,-0.0005205228481225354,1.5175502848026616,6.927593345764508,2402.125,2.1883204645817864,4.182464884390648,-2.0143268562937324,0.002480571029170381,12.319879487331049,0.9278864624016372,79.54148694447264
65,2010-09-20 15:50:01,B0054,65,10806.828,3.7451074162828384,4.201864983663178,-0.001614657679694284,1.5185589069213545,6.41491602182404,2355.265,2.176027126654838,4.187190771734197,-2.015447318773766,0.0015452491424955046,14.017340985088923,0.9118415396987224,78.16606326774854
66,2010-09-20 19:32:06,B0054,66,10804.5,3.6386906641291556,4.202127091153696,-0.002543277570187478,1.5183964268451797,6.93120752607044,2396.719,2.192431157609426,4.184124653963867,-2.016007641646079,0.0034241831776561853,14.309673058312116,0.8936491649329469,76.60655291970929
67,2010-09-20 23:50:39,B0054,67,10802.858999999997,3.7164674082881985,4.201772072928907,0.00010004757708541153,1.5175449613428726,6.358868791500105,2442.344,2.165885100454371,4.1396795894908935,-2.013710590988413,0.0009557015458926164,14.20580721645281,0.9100864492604255,78.01561112856889
68,2010-09-21 17:39:05,B0054,68,10804.594,3.710169777359048,4.202280964298927,-0.0016217005444749705,1.5182716293650185,6.375223399607356,2444.703,2.1973597496316057,4.166798038044882,-2.014086384956398,0.001560750459114676,14.343325580342825,0.9114904731460941,78.13596868533568
69,2010-09-21 21:58:28,B0054,69,10806.172000000006,3.6424089232771806,4.2021036012004,0.00048299565854280455,1.5187824630196947,6.873886527217676,2412.25,2.1972629267290893,4.182556356872751,-2.013579783626152,0.0010676082475306711,12.52113276136492,0.9337172811638196,80.04132395389219
70,2010-09-22 01:41:32,B0054,70,10803.406,3.73882160950659,4.201937134429945,-0.00040607186528321236,1.5180918308566183,6.4253167120716554,2403.234,2.198752877987022,4.18680349899093,-2.0145269757019744,0.0025721386949795707,14.320010513448283,0.8981517756068776,76.99253155249323
71,2010-09-22 05:24:23,B0054,71,10803.828,3.6324598615128174,4.2021122547085215,-0.001289784932307166,1.518711243808882,6.8599224262258485,2361.047,2.198603650230703,4.184455817920845,-2.013833114751838,0.0016361724730521111,13.817833063271001,0.9139367135371254,78.34566847729367
72,2010-09-22 09:06:33,B0054,72,10803.063,3.679131421775787,4.201959857627979,-0.0006830166310754777,1.5183535516484155,6.832671634834754,2392.468,2.1805571893421827,4.184079696303244,-2.0142375375887425,0.0002252713399257331,14.23049295284562,0.8764848617154279,75.13517225449996
73,2010-09-22 13:25:04,B0054,73,10803.437,3.716063545807393,4.202457189137284,-0.0009941778721086697,1.5199858119308933,6.356824782205519,2373.89,2.174201624293327,4.166279880071051,-2.0145185318391374,0.00075025286877133,14.343710795679344,0.8854917958581964,75.90727634649461
74,2010-09-22 17:43:16,B0054,74,10806.938,3.6318554584057483,4.202283030905289,-0.0005068104412923676,1.5190545577454804,6.908835666304964,2383.234,2.1705705059131044,4.183737744816785,-2.014683733517366,0.0008023234274003381,14.146643227132303,0.8819074622846708,75.60001545446123
75,2010-09-22 21:25:52,B0054,75,10804.875,3.637576391232141,4.20192811419881,0.0008139990158327783,1.519825794418555,6.8646556265329925,2342.453,2.196118065671102,4.18293565751089,-2.0176843567914893,0.0023862872409208293,13.55224741011707,0.9045809105944795,77.5436582014983
76,2010-09-23 01:07:46,B0054,76,10806.891,3.7053704972730386,4.201986972409406,-0.0018724808603480013,1.5181724769514673,6.693748230979392,2359.296,2.184361072149743,4.18457456922587,-2.01440809078633,0.0009782170913423776,14.28080189135689,0.8734606349455996,74.87592556443961
77,2010-09-23 04:49:59,B0054,77,10802.0,3.6372955760507737,4.202756037315134,-0.0005082641850108063,1.5198725500580335,6.885884162736538,2345.453,2.1930074246895095,4.1835244239011375,-2.0155539688129593,0.0013516333253500849,12.92628985289928,0.903131190986828,77.41938345677717
78,2010-09-23 09:07:43,B0054,78,10803.469,3.7629759997682957,4.203671862178568,-0.0021674420336871406,1.517291494541068,6.233605911008975,2360.172,2.1685391483011838,4.171664411266561,-2.0138149794596263,0.0008212597056584845,14.22945813956484,0.8712217754060124,74.68400314283467
79,2010-09-23 13:25:43,B0054,79,10806.938,3.6301650939818044,4.20191649844808,-0.0010307312125742295,1.518824241004169,6.930286824850172,2315.407,2.1987726546793334,4.183480212813237,-2.0144066602582416,0.0007200303241818877,13.889055949262897,0.8936499043476617,76.60661630477661
80,2010-09-23 17:07:13,B0054,80,10805.312,3.6763647030354227,4.202569945350903,-0.0006332755964823881,1.519565223253525,6.833800783853635,2322.156,2.1680465237840907,4.183649118386083,-2.0144189721619354,0.0033154160604280483,14.09831645395676,0.8835064014687892,75.7370817932775
81,2010-09-23 20:48:49,B0054,81,10804.609,3.635776810493878,4.201984281189699,-0.0029591388980969276,1.5185225392321615,6.9248335993922945,2327.1570000000065,2.1849035687167166,4.183468521205082,-2.0141152321395848,0.0015777467579256015,14.205610727972747,0.8779403705367915,75.25994326970844
82,2010-09-24 00:30:30,B0054,82,10803.234,3.630930095041967,4.201998317186625,-8.39960435259171e-05,1.5183749352873537,6.896597934051823,2335.0,2.1788266272471644,4.1836327331469265,-2.0141663967491747,0.0007191346742737015,14.19998846070805,0.8599389109365094,73.71679879913258
83,2010-09-24 04:48:06,B0054,83,10805.313,3.7169458717195423,4.202196812259945,-0.0016996429741093207,1.5175652054190145,6.335502620814241,2329.375,2.173598497548058,4.165207327973796,-2.0132527178328865,0.000910308610259446,14.288204303284642,0.8697358119609565,74.55662145686959
84,2010-09-24 09:05:40,B0054,84,10806.375,3.636875521888822,4.202050337504721,-0.00113022828482483,1.5178825658522264,6.88633702005491,2333.875,2.171024131749843,4.183812225950738,-2.0141620392272914,0.0005900335384779272,14.208858242752529,0.8638271814812677,74.05011417046795
85,2010-09-24 12:47:29,B0054,85,10803.187,3.635654399793248,4.202945901991921,-0.00032401613572215736,1.5181437886099214,6.899546210998654,2317.453,2.193241046616703,4.183143233797935,-2.0142693231407978,0.0023148276563043756,12.936183613815922,0.8865694537789144,75.99965673666598
86,2010-09-24 16:28:59,B0054,86,10806.031,3.726079475435757,4.202555242174763,-0.0004984237005993248,1.5181545611272687,6.500516282000678,2295.109,2.1928820402300686,4.185938542114043,-2.0151269835079497,0.0024617092309174083,14.084182887600768,0.8690078572313327,74.49421877726516
87,2010-09-24 20:10:09,B0054,87,10807.141,3.6362184721939967,4.202114536947403,-0.0022201619884397086,1.5193418044917313,6.874574669653232,2326.657,2.1802092140590776,4.18432308250829,-2.0142021506611645,0.0014826400043264907,14.275903069670573,0.8474446088377652,72.6457460275518
88,2010-09-25 00:27:44,B0054,88,10803.141,3.7181207304010604,4.202148673141226,-0.0013615557481177186,1.517523467126709,6.309690510880797,2479.297,2.1788337133933458,4.1182630057067415,-2.014661709338553,0.0018633848146805603,14.30665353308513,0.8799727721580702,75.43416743783182
89,2010-09-28 13:00:15,B0054,89,10806.86,3.7037225667243048,4.201893722327084,-0.00017129578795437383,1.5177377592871826,6.3527645610323855,2463.578,2.1830841723157457,4.164907528561344,-2.013850378393117,0.0012618306032770841,13.97058204189835,0.9110444582768508,78.09773482016307
90,2010-09-28 17:20:08,B0054,90,10807.406,3.6421789199917676,4.202089754381423,0.001400258064688659,1.5180358444027278,6.7670166589132865,2458.812,2.1910520386239125,4.182445897550156,-2.01445536812595,0.0010734731299127606,13.799155081842601,0.9121724293355059,78.19442821840873
91,2010-09-28 21:04:05,B0054,91,10803.157000000007,3.652726048521301,4.2020437118799885,0.0009534857551381754,1.5184835792687368,6.725385319228848,2400.672,2.199607761547385,4.182116565141312,-2.0139766427208468,0.0009478484694142137,13.85337076803369,0.8872043975884799,76.0540862135314
92,2010-09-29 00:47:00,B0054,92,10802.203,3.6473743256796602,4.201892803205154,-0.0001698097593816488,1.5179079676205485,6.754058183504136,2396.407,2.1991241347308157,4.183709805636206,-2.013905512810969,0.0011116971892386513,13.514874679422098,0.8961236767959215,76.81867623545774
93,2010-09-29 04:29:50,B0054,93,10803.094,3.6951243385192254,4.202628535077971,-0.0016573342831413661,1.5185104199375268,6.683168301982352,2392.375,2.1873002342387666,4.18305579589887,-2.013316103545993,0.0012263788356902125,13.789537640473576,0.8851334001128452,75.87655348151605
94,2010-09-29 08:48:28,B0054,94,10804.547,3.71420675875126,4.202025518658786,-0.00308006502410489,1.5170653385397728,6.2125260655657355,2373.687,2.1979569345819563,4.163750891434571,-2.013953855353921,0.0022732169752853046,12.632160467633849,0.8793386645436118,75.37980964236803
95,2010-09-29 13:06:49,B0054,95,10805.813,3.7273329065141136,4.202278374263301,-0.003111915390659193,1.5177656731273395,6.476612945857988,2385.922,2.1932450152273764,4.1857725238225205,-2.0148144241402814,0.002090963882291684,14.133236180004296,0.8461224238450626,72.53240397052573
96,2010-09-29 16:49:33,B0054,96,10808.032,3.650528003438692,4.202253192848727,-0.0010236278084492139,1.5182024198143258,6.733362866792467,2345.0,2.188819744044954,4.183962354946822,-2.0136887102362766,0.001052943965027977,13.44514404240349,0.8705933152969343,74.6301294701528
97,2010-09-29 20:31:38,B0054,97,10803.219,3.696137427412695,4.20279242128177,-0.00018560874705803653,1.520005920930581,6.636499511426281,2363.047000000006,2.1933054601044173,4.183748382269399,-2.014227701858619,0.0008463313151572531,13.90645728525564,0.8440520909609104,72.35492820948352
98,2010-09-30 00:13:58,B0054,98,10803.406,3.655595358920728,4.202139033829817,-0.00017898478675546216,1.5187149342984008,6.689907851647045,2316.687,2.1984194356911515,4.183059531782334,-2.0143215231080642,0.0008569680285010578,13.600457924373249,0.8536244678403578,73.1755039172198
99,2010-09-30 04:31:22,B0054,99,10802.032,3.7199631195830265,4.201969892574064,0.0005355643777728509,1.517626467560532,6.209024496009257,2322.0,2.197124548478272,4.164596042177817,-2.014990295943545,0.0028472669167878277,13.622342114819537,0.8524519337958137,73.07499043289258
100,2010-09-30 08:48:54,B0054,100,10804.016,3.6812989140664407,4.202102150211089,-0.0022276663572894234,1.5178414994771756,6.678335373451698,2357.687,2.1601370672426743,4.183536913886723,-2.014705651659665,0.0024551357337226714,14.071709155413798,0.8373919001793014,71.78399469598891
101,2010-09-30 12:31:10,B0054,101,10803.422,3.6512847834926285,4.202031968366673,-0.0008436460239975348,1.5183682238655192,6.777797878176146,23.0,3.83839582745546,4.1824770749578155,-2.01259368265579,-0.0003366634023298045,6.019953177795341,0.0,0.0
0,2010-09-03 13:31:57,B0055,0,10802.328,3.632962007543803,4.213744369389488,-0.0029740047501020292,1.493827865368094,6.244209804278366,2826.0,2.480538609588174,4.174020568347548,-1.9904809087057092,0.00538613802266788,12.415262417855027,1.319892156462878,100.0
1,2010-09-03 17:57:17,B0055,1,10804.687,3.712637220844454,4.214623801043524,1.9261217176093184e-05,1.4933524547278407,6.362767819025412,2818.578,2.48985034932468,4.1994512899066025,-1.9906824920292798,0.003747548082239056,12.360226804144617,1.2769832801132017,96.74906194876814
2,2010-09-03 21:46:44,B0055,2,10803.516000000003,3.723813173986204,4.214619106253081,-0.0009336664722646744,1.4935334605268942,6.295905796920747,2713.812,2.485404008194569,4.201354950378872,-1.9912233324564588,0.0013639957914640972,12.182802262813878,1.2572591312230865,95.25468615499322
3,2010-09-04 01:34:26,B0055,3,10803.282,3.7266839518139245,4.214603042520961,-0.001341457444291198,1.4931692505216563,6.35340131259919,2786.578,2.484071154442301,4.2022865042877005,-1.9905957922031052,0.0017320881760283012,11.995175259559732,1.206763751299412,91.4289660250248
4,2010-09-04 05:23:21,B0055,4,10802.078,3.7408453483385493,4.2146191239466635,-0.0010282135997827662,1.4942532172353213,6.256096183143236,2667.89,2.4813880969343156,4.202804398571556,-1.9916252726422965,0.00042602245734742645,12.015852590858461,1.2077322536103197,91.50234340712117
5,2010-09-04 09:46:00,B0055,5,10803.765,3.7686716954442194,4.214573733916101,-0.0012809015291422347,1.4920510800234286,6.105969854377725,2530.172,2.4857750442530606,4.194689870235318,-1.9907997928291332,0.0037839412750622753,12.310516344609582,1.2009614290093835,90.98936023892954
6,2010-09-04 14:06:24,B0055,6,10803.437,3.723619726286077,4.214677518865956,0.0005052010155720575,1.493750263229595,6.415024396742603,2446.062,2.4898705968581996,4.203456278554985,-1.9913346793894355,0.0025079335764194807,12.203269426883178,1.189059086549973,90.0875939543789
7,2010-09-04 17:49:40,B0055,7,10802.125,3.722219378034744,4.214570560779724,-0.0001448333086415951,1.4934741525944215,6.446595643985088,2713.25,2.4863788962445756,4.203931038045003,-1.9910133759936124,0.0032813052512828222,11.974188885781311,1.169708782604433,88.62154206136697
8,2010-09-04 21:37:22,B0055,8,10801.968999999997,3.75008975555794,4.214620331210884,-0.0012033994474392312,1.4935074266010095,6.305790178104633,2676.578,2.484196378836121,4.204477051328936,-1.9914887287016958,0.0028535599024067855,12.146032186206996,1.1483647194613424,87.00443546378784
9,2010-09-05 01:24:28,B0055,9,10801.875,3.749747822321554,4.214661880483969,-0.0015290754366159695,1.4929821477832033,6.287468123702733,2394.734,2.488899766066993,4.204395922551529,-1.9906666683606722,0.0004039487468772468,12.075029193191549,1.1527726060972296,87.33839355379573
10,2010-09-05 05:42:37,B0055,10,10802.188,3.77653301594429,4.214731934112297,0.00047472498512739594,1.4923597211934334,6.098314836587102,2673.0,2.4856427415338582,4.196508158151434,-1.9902971005145704,0.0024125926743342476,11.953480850146518,1.1318370471727228,85.75223677409252
11,2010-09-05 10:05:24,B0055,11,10804.313,3.7549327293162853,4.214605637331798,0.001028684974395285,1.492912528805947,6.252671375231377,2619.578,2.4945204316368925,4.2049198480597365,-1.9907315214332841,0.0019106021357381678,12.091243346975185,1.1326525803383347,85.81402463771597
12,2010-09-05 13:51:37,B0055,12,10803.188,3.748007046870601,4.21461818683547,-0.0006978840833364569,1.493856151334303,6.311173953906875,2640.016,2.489824423973652,4.204749253288386,-1.991422567659727,0.004742357440003283,11.84145066042513,1.1160565716574584,84.55664852561365
13,2010-09-05 17:38:09,B0055,13,10803.61,3.7585470277818187,4.214563058929433,-0.0011686409279699865,1.4944853084829544,6.20399325347684,2621.187,2.4929609831648176,4.205529950993648,-1.9907556302335792,0.0034910948504664236,11.855003538549179,1.0984641825068853,83.22378287712627
14,2010-09-05 21:24:24,B0055,14,10802.108999999997,3.759298334613816,4.2147061391223515,6.413219008014153e-05,1.4947673658565332,6.203292969297051,2616.453,2.4987737122938984,4.205627291462969,-1.991522785179081,0.0018374760510517342,11.91733362745109,1.0925694103096681,82.77717273793017
15,2010-09-06 01:46:17,B0055,15,10804.093,3.78677436671945,4.214746531116162,-0.0017944185977954088,1.4930124571732581,6.045121805139826,2565.109,2.4960528571959832,4.197933604847559,-1.9908882502143304,0.0013482790166261787,12.135031767584422,1.109167680712031,84.03472020656912
16,2010-09-06 06:07:21,B0055,16,10804.578,3.7481063448995586,4.214582283717968,-0.0001525631841419941,1.4922000153044979,6.297508253138991,2532.531,2.4950345179419164,4.205390438967899,-1.9907992030652177,0.0029195283409771855,12.085534035682384,1.1075035028905713,83.9086358281363
17,2010-09-06 09:52:10,B0055,17,10803.672,3.74731292671364,4.214657314087064,-8.973613047929163e-05,1.4930732518637084,6.292988587670421,2556.593,2.4992030754220638,4.205435554958762,-1.9911585440753385,0.0021728305907670635,12.035133443915594,1.106751675424531,83.85167454820453
18,2010-09-06 13:37:22,B0055,18,10805.235,3.7486453511040883,4.214714630163186,-0.013417131202732623,1.4927734846401803,6.271934455983714,2577.891,2.4858947643408493,4.183847655178161,-2.0081513637326145,0.0023980838431653592,11.694010522378292,1.0726694124582825,81.26947396466716
19,2010-09-06 17:22:56,B0055,19,10805.093,3.759251958526668,4.214606684034288,-0.001891553798246415,1.4938119540072834,6.209426180256399,2572.36,2.4902199266036034,4.205811869776469,-1.9904514839017242,0.002398063198427925,12.02595112446758,1.0776844021506693,81.64942846836132
20,2010-09-06 21:44:11,B0055,20,10803.14,3.7863617178692284,4.214633317838603,0.0005364195428023167,1.493228383244666,6.012456797849327,2697.75,2.49591717391522,4.185284066167707,-1.9908816662096405,0.002352701454129226,11.847288624466861,1.1981714734535907,90.77798270008049
21,2010-09-09 17:25:02,B0055,21,10802.828,3.7635704621746044,4.214656480730996,-0.001739896803082095,1.4921970954314125,6.050249454145582,2683.406,2.493901769830843,4.196690472475704,-1.991512324127019,0.004242287144730349,11.64238700767333,1.1625381552680927,88.07826833243168
22,2010-09-09 21:48:07,B0055,22,10803.468999999997,3.743338561803349,4.214632562502765,-0.0006076672372233532,1.4932801824737925,6.215468411789182,2646.156,2.4906658427202095,4.205348595061986,-1.9910584967879559,0.0009821633720412404,11.772012658338625,1.1556827465844224,87.55887675561968
23,2010-09-10 01:34:50,B0055,23,10805.875,3.7415467153058213,4.214657444192594,-0.000284386570292308,1.493629542982194,6.254030541423942,2593.531,2.491266216084571,4.205552375701064,-1.9907463266064145,0.0033936943173849647,11.983454214473863,1.137444098422356,86.17704809084881
24,2010-09-10 05:20:43,B0055,24,10804.063,3.735094445278636,4.21460541869686,-0.0009330297556167389,1.4936682422198528,6.324056633872664,2604.125,2.4927607047506055,4.2052142034116535,-1.9907919913750125,0.0015718230358572533,11.908597488676612,1.1126375352125493,84.29760944971886
25,2010-09-10 09:06:45,B0055,25,10803.328,3.7456220544584764,4.2146367446803925,-0.0011469042923930503,1.4931096213211368,6.206807094744024,2588.594,2.4866262339494316,4.205763745942962,-1.9910078690421877,0.0031390475211930235,11.5894392622721,1.098656067845981,83.23832083298547
26,2010-09-10 13:28:18,B0055,26,10804.437,3.7850111869801206,4.214620343628027,-0.001466282511772652,1.4938391582480348,6.049579103255772,2579.203,2.495104294734825,4.198995746839671,-1.990345948099886,0.0034818707960933533,11.629714317449922,1.0985302758884639,83.22879036059791
27,2010-09-10 17:49:42,B0055,27,10805.719,3.7542238199883506,4.214591336731453,-0.0007920493153585233,1.4946382700168497,6.187980062332657,2555.453,2.4877631392866095,4.2061133400646735,-1.991281599746559,0.002056850447977168,11.647248561632294,1.1029370400968537,83.56266341127194
28,2010-09-10 21:34:58,B0055,28,10802.656000000003,3.7513477750019857,4.214640563376546,-0.001534728717754401,1.493142342610813,6.2017125703279445,2525.609,2.4978675843051477,4.20656078786278,-1.9916328373941734,0.002145295788926216,12.022205345514335,1.0949644922735318,82.95863316650656
29,2010-09-11 01:19:42,B0055,29,10801.86,3.742228691457736,4.214638730401839,-0.0028381565373137452,1.4928912424401244,6.252870350778738,2536.172,2.482550786926367,4.205789072356055,-1.9905681770945947,0.004899228081757289,11.542224902228241,1.0890679714830998,82.51189054730395
30,2010-09-11 05:04:36,B0055,30,10803.906,3.755162507656148,4.2146528754992305,-0.0009699876864182629,1.4925058171583325,6.195536639641867,2536.204,2.498794021092515,4.2064686981546116,-1.990833007177876,0.0021630836415904744,11.825965633220362,1.073323391636053,81.31902188981908
31,2010-09-11 09:25:19,B0055,31,10803.031,3.785218252725211,4.214643799168978,0.00031700824841279454,1.4936764774313849,6.02449514428027,2488.86,2.4986675609061084,4.19878751718924,-1.9908529262444918,0.0028822715331249327,12.03863906152037,1.095373856745309,82.9896481604038
32,2010-09-11 13:45:14,B0055,32,10803.312,3.734767617278079,4.214625676587356,-0.0006032853225348184,1.4932610680832648,6.287460991313408,2518.547,2.495967983888696,4.205549436509086,-1.9905437809371158,0.0037963361825877474,11.59317451081218,1.0639517466243125,80.60899077357583
33,2010-09-11 17:29:53,B0055,33,10806.0,3.755983872829597,4.214574506533151,0.0008693299121302626,1.4940215572602848,6.176543188734347,2485.766,2.494521891499824,4.206680085108051,-1.9908289073916383,0.0028915382938365887,11.87359860158602,1.085798072407703,82.26415068011967
34,2010-09-11 21:14:02,B0055,34,10804.672000000006,3.7429890763745792,4.214603028245372,0.0004990288326247892,1.4935563844885478,6.286586281237489,2506.718,2.4940939052144744,4.206242808359698,-1.99092503062938,0.002690101463594906,11.809310238880515,1.0588748965507557,80.22434949446088
35,2010-09-12 00:58:31,B0055,35,10805.406,3.751083192904961,4.214615150408586,-0.0012126045698485535,1.4934200592613067,6.190652921726205,2459.297,2.488192777263103,4.2065015265299825,-1.990154379954445,0.0015151692121164566,11.933034010302555,1.0813260035191288,81.92532990096157
36,2010-09-12 05:18:01,B0055,36,10805.907,3.7810628356095832,4.214641285804208,-0.00013473959907391072,1.4926191279818877,6.016292236626998,2488.734,2.4835904274919676,4.198066617715753,-1.9913019551390152,0.0040899056863324505,11.53732922797716,1.061601862588323,80.4309547102139
37,2010-09-12 09:38:03,B0055,37,10803.266,3.7559899409815856,4.214825123183898,0.00047532414939559486,1.4936423024134902,6.200283418160894,2491.375,2.494836964233761,4.2069940867465805,-1.9913493608624204,0.0019834896350736176,11.942237573488166,1.0593920670581127,80.26353227957136
38,2010-09-12 13:22:16,B0055,38,10805.922,3.747176242136239,4.214726926570525,0.0007153505787209558,1.4926905736286604,6.19883468961534,2467.328,2.495294559262084,4.206185443933068,-1.9913634315445174,0.002745366756406395,11.654440484569944,1.0742513141424725,81.38932479311887
39,2010-09-12 17:06:09,B0055,39,10803.094,3.750856680399161,4.214624559685474,-0.0018619442031238668,1.493579256448247,6.20787524823438,2466.125,2.493930027919102,4.206494698836393,-1.9918655941270953,0.0029433881304167116,11.722702041818202,1.0405614734131499,78.8368555959682
40,2010-09-12 20:49:58,B0055,40,10806.453,3.753918049257605,4.21472312860062,-0.0051423264909506265,1.4931160656044078,6.172535485175445,2459.3129999999946,2.4968794236107965,4.204041730199119,-1.9909179006012372,0.0021348260516324564,12.13910591187991,1.0575656535324895,80.12515631327139
41,2010-09-13 01:09:31,B0055,41,10802.875,3.782588435871276,4.214696497237525,0.0014203187754452558,1.4931981060838817,6.040405247933999,2559.125,2.4980844986118784,4.186445589660851,-1.9901698852064906,0.002755423962147508,11.725785170275977,1.0983528970914622,83.21535147499404
42,2010-09-14 13:26:00,B0055,42,10803.484,3.775036399385187,4.214600260431349,-0.00028552091490708574,1.4925885040674,6.035372567622433,2534.156,2.497690135885909,4.198472809564929,-1.9895632028305585,0.0016337951411109601,12.14093273670559,1.109758993739737,84.07952030821458
43,2010-09-14 17:46:48,B0055,43,10805.922,3.7243451264696263,4.214614788419512,-0.000740444444731038,1.4944206708807442,6.3479720427515876,2521.985,2.495812780943487,4.205147121886639,-1.9901409410080384,0.004130213749464718,11.32244979928203,1.0793315779206873,81.77422470735347
44,2010-09-14 21:31:37,B0055,44,10803.422000000006,3.7539517335184205,4.2146097639095705,0.0001128000719804765,1.4946377444180898,6.185404206578165,2503.172,2.497968365806555,4.207061766566151,-1.9907075911289933,0.002432517572816215,11.899725740614363,1.0716159094756148,81.18965661159712
45,2010-09-15 01:16:06,B0055,45,10802.578,3.741058516841945,4.214672192927508,-0.0004945995999568471,1.4946804701038028,6.217682522657702,2474.344,2.4948503148658077,4.206586679847002,-1.990485251168809,0.002028357396596529,11.9698483506891,1.0746464211019797,81.41925958419802
46,2010-09-15 05:00:04,B0055,46,5417.812,3.7378884651301627,4.213682381371286,-0.0011306049783006995,1.4933593103871117,7.004042275228904,2349.64,2.497025585392751,4.136062355148983,-1.9905983386514206,0.0024999061899320407,11.944879920447905,1.08643683065179,82.31254541001934
47,2010-09-17 16:34:19,B0055,47,10802.156,3.737542007101644,4.214586002635982,-0.0009538860679154136,1.4932626812972174,6.112882559446874,2560.688,2.497531566741249,4.194893964041484,-1.9908092541495774,0.002519103874975884,12.028925123088165,1.1340138347387958,85.9171583970762
48,2010-09-17 20:55:26,B0055,48,10806.281,3.7198292837264493,4.214759932148059,-0.0001892407264599129,1.493434731824357,6.355058239264025,2522.375,2.4925446639956585,4.205199298124983,-1.9908548428883859,0.0030767238763984594,11.71503135296823,1.1176964717951587,84.68089353530407
49,2010-09-18 00:40:13,B0055,49,10801.937,3.7285779106522505,4.214609481657549,0.0002562549822212064,1.4934019682428807,6.297653450773856,2488.719,2.497355535023157,4.205853256210238,-1.9913602598228906,0.000617235797214376,11.810607676487715,1.1046468529644289,83.6922052726432
50,2010-09-18 04:24:22,B0055,50,10805.094,3.7294952588605557,4.214571076779056,-0.00023499234290320993,1.4943957956039433,6.288551486899651,2474.844,2.4960054501777855,4.205832053797409,-1.9907888064016417,0.0030356138462177395,11.765625767571137,1.089700148407426,82.55978665163572
51,2010-09-18 08:08:20,B0055,51,10803.594,3.732721223640731,4.214600818933401,-0.000991477877710471,1.4934634111020313,6.2755898910223795,2473.875,2.4945789390502733,4.205960258814088,-1.9902664303029933,0.0013938634104431844,11.666664960009529,1.075533547538172,81.48647162359445
52,2010-09-18 12:28:03,B0055,52,10803.532,3.778887207423964,4.21457458384111,0.00030671396487187713,1.4932560790111047,6.021464237594748,2495.5,2.497451626540361,4.1982654098780685,-1.991098985092008,0.0018782138053998615,11.708939176253061,1.0609866776144368,80.38434598003288
53,2010-09-18 16:48:09,B0055,53,10802.266,3.7423112424947016,4.214670881380766,-0.000280303965696704,1.4932741360926987,6.232515974647882,2481.078,2.494771530909891,4.2067134175295635,-1.9906339241312179,0.0022043450938765085,11.450092345609722,1.0518218041615568,79.68998065571422
54,2010-09-18 20:32:11,B0055,54,10802.11,3.750024532672958,4.214656582253105,-0.0011416714474892654,1.493143355609402,6.1627853746748364,2460.125,2.4850759949386982,4.206861671465562,-1.990683911752466,0.002824902307260808,11.131625464424475,1.0553857898132757,79.96000162934209
55,2010-09-19 00:15:53,B0055,55,10805.265,3.755398637495211,4.214625185031754,-0.004471141685513128,1.4931766236000779,6.127271762911294,2440.547,2.4972833794296387,4.203250203022516,-1.9905747713276665,0.0005137994958183908,11.738832332367679,1.0533102333691788,79.80274965735833
56,2010-09-19 03:59:19,B0055,56,10805.157,3.7422426535764717,4.214580777547942,-0.0019430887961593877,1.494394258365902,6.24097201706771,2449.922,2.4994934553850463,4.206868467936627,-1.9902463993398893,0.0017702403766918838,11.33070420089266,1.0315365260084348,78.15309159596833
57,2010-09-19 08:18:42,B0055,57,10805.312,3.7902537851013487,4.214619219385206,0.0020017876069655252,1.4928224798951963,5.976817791619497,2408.781,2.496397324750552,4.199652821200027,-1.9905716899988277,0.0022491755572575105,11.71743632355557,1.0533401053259415,79.80501286928941
58,2010-09-19 12:37:25,B0055,58,10806.578,3.732375039967136,4.214617178471315,-0.002432874989539161,1.4938831427953263,6.279262820618909,2442.547,2.4985913567786335,4.206354715936561,-1.992243974592476,0.0012301642827289246,11.448023523006356,1.0317876798810788,78.17211995911256
59,2010-09-19 16:20:55,B0055,59,10803.172,3.7518045114375562,4.214613507727246,-0.0009074253774719563,1.4927197733181647,6.151851756898119,2420.671,2.4793908002585576,4.207116858721508,-1.9907853647960991,0.002702113344043858,11.113362092407373,1.0354207912157296,78.44737815478115
60,2010-09-19 20:04:00,B0055,60,10803.625,3.755887504751153,4.214591372704893,-0.006105476647036042,1.493008486397647,6.130277142407062,2409.906,2.495919101086891,4.203805356740808,-1.9905834799687467,0.002552305176569588,11.759912549960136,1.0322251791310608,78.2052665497518
61,2010-09-19 23:46:55,B0055,61,10802.39,3.7410638425223115,4.214563478496848,-0.00201222409902213,1.4932247937840553,6.229740324556518,2416.672,2.487748902505861,4.206451344410812,-1.9921786004311486,0.002093066028179172,11.095152329208846,1.011543397303472,76.6383368785419
62,2010-09-20 04:05:45,B0055,62,10802.406,3.7935974426924,4.214719135205975,-0.0015311466131556596,1.4924656100685745,5.951067570747776,2395.75,2.496210707787105,4.199840856194157,-1.989844699379149,0.0027024064178281233,11.855416870953551,1.0413760568150228,78.89857150191433
63,2010-09-20 08:24:15,B0055,63,10802.516,3.7341915622563477,4.214656550563475,0.0012320734321415322,1.493630908013995,6.318183724656873,2410.688,2.499306018937951,4.2063630059831265,-1.9901768106891886,0.0023935756065588424,11.501464461877692,1.02174193386881,77.4110164126539
64,2010-09-20 12:07:10,B0055,64,10804.938,3.7510226463775402,4.2145532778643435,-0.0012528016229362208,1.4937916553026647,6.206856593232504,2402.125,2.4951311923995756,4.206927414011855,-1.9908037123676519,0.003121649212801672,10.922543090852551,1.0133135547969283,76.77245067600549
65,2010-09-20 15:50:01,B0055,65,10806.828,3.7620801935905823,4.214642342148686,-0.0047730535014415725,1.4964682959103168,6.102413390705186,2355.265,2.498865224973231,4.202275822485786,-1.9894496431673538,0.002294340587262567,11.679121657086682,1.0299942559626907,78.0362434096834
66,2010-09-20 19:32:06,B0055,66,10804.5,3.734629032658795,4.214689375456856,0.0011109844327699175,1.493969473906734,6.271806998025188,2396.719,2.499842473941914,4.20659875616185,-1.990447808855782,0.0010294081398047924,11.716719550648065,1.0189349807814327,77.1983510768056
67,2010-09-20 23:50:39,B0055,67,10802.858999999997,3.786599390142595,4.214606638649252,-0.0050595648395621055,1.4932844849557076,5.991623752069797,2442.344,2.4984245148092805,4.18778132479275,-1.9897273979460819,0.0010693248909807431,11.332026451776493,1.0290879520854017,77.96757841513431
68,2010-09-21 17:39:05,B0055,68,10804.594,3.782667036873704,4.21459944289452,0.0022728150291069786,1.4939203411488944,5.997499311051702,2444.703,2.498165502515704,4.19944321827157,-1.990141425142264,0.0024530517649134905,11.967823512320054,1.0567629241900045,80.0643385155025
69,2010-09-21 21:58:28,B0055,69,10806.172000000006,3.7261101731056425,4.214673061727371,-0.0008622264153895556,1.494282683333286,6.27683039659409,2412.25,2.4838403700559373,4.205593767786481,-1.989425250782484,0.0020891871811015822,11.015449770252141,1.0291668536316647,77.97355629339327
70,2010-09-22 01:41:32,B0055,70,10803.406,3.7552059781540574,4.214605346774041,-0.005817485587412365,1.4939245797122884,6.10958779552126,2403.234,2.4989275943849365,4.202887645707948,-1.990115909060455,0.0019185498554081589,11.818028778074435,1.0321298444901021,78.19804363835772
71,2010-09-22 05:24:23,B0055,71,10803.828,3.7377109331697413,4.214604770758004,-0.003875623702958837,1.494593528078501,6.181008665522902,2361.047,2.497716849078165,4.206513407222774,-1.9926058063871193,0.0025736712210441123,11.295282200562326,1.0409230283951276,78.86424836288536
72,2010-09-22 09:06:33,B0055,72,10803.063,3.742939938756812,4.214606751198413,-0.003843615559566406,1.494157832980686,6.208536050496591,2392.468,2.497475666164784,4.203597448523021,-1.990141813358955,0.001607454953908494,11.589249198689654,1.011161098766987,76.60937250182272
73,2010-09-22 13:25:04,B0055,73,10803.437,3.787078107717356,4.214581367680358,-0.00018782690688025125,1.4940369718811108,5.997605270639142,2373.89,2.499631738732727,4.19879054583806,-1.9898349315374122,0.003180119190623848,11.857143843844957,1.0337876112911784,78.32364229374474
74,2010-09-22 17:43:16,B0055,74,10806.938,3.7321762625099053,4.214635288496151,0.0001637463331216514,1.4935932913966727,6.26581240624663,2383.234,2.4996111983697316,4.206474987547079,-1.9899806169770806,0.0025505804709288443,11.276289724634314,1.003994224020383,76.06638308321672
75,2010-09-22 21:25:52,B0055,75,10804.875,3.7530406038075053,4.21459631222789,-0.0027280314186379443,1.4930566534771526,6.127655696057548,2342.453,2.4972946109355068,4.2039065137519716,-1.9903659110556822,0.0030844110871244283,11.220787392479364,1.0334195479955004,78.29575643247375
76,2010-09-23 01:07:46,B0055,76,10806.891,3.7472831192319025,4.2147385192814735,-0.004600360562684874,1.4932600939312342,6.1699125035485975,2359.296,2.4950143445404667,4.203458601351602,-1.9909373483293218,0.0010004868661221261,11.759447806620914,1.0098936564116459,76.51334629626228
77,2010-09-23 04:49:59,B0055,77,10802.0,3.739189261685117,4.2146722120070415,0.0011295305182699488,1.4935245274839952,6.218303479075202,2345.453,2.496127080556164,4.206479388387375,-1.9905020947903442,0.0021262594521734104,10.988248985047367,1.0126262447940628,76.72037748203279
78,2010-09-23 09:07:43,B0055,78,10803.469,3.794767522129248,4.214609242975213,-9.723550106472559e-05,1.494437713570653,5.939438933195056,2360.172,2.498292598142556,4.200091561431062,-1.9896459798711281,0.0030464662893548806,11.355681286808547,0.9948742055727694,75.37541614300443
79,2010-09-23 13:25:43,B0055,79,10806.938,3.751261546898773,4.21457117958861,-0.0015676536691924025,1.4933788523684888,6.173002367179533,2315.407,2.4995493131113817,4.203624990778383,-1.9914645709614993,0.0026884006882836316,11.443287391092776,1.0240799556179332,77.58815374449385
80,2010-09-23 17:07:13,B0055,80,10805.312,3.7387200737231385,4.214663784024485,-0.0031667007032099787,1.4951688284124565,6.239685898041584,2322.156,2.4954991257797223,4.203121026339225,-1.9904890532016015,0.001793189622113827,11.785825239943042,1.0208889510043027,77.3463912188204
81,2010-09-23 20:48:49,B0055,81,10804.609,3.727041898710932,4.214710748637974,-0.000819229650941194,1.4938072306191121,6.320854117457502,2327.1570000000065,2.495394779769103,4.206360725269558,-1.9905162279081983,0.0015693472491334572,11.72640480534808,1.016100815944114,76.98362407631232
82,2010-09-24 00:30:30,B0055,82,10803.234,3.734216391987591,4.214575001653515,-7.481475378603518e-05,1.495099396139601,6.249881398295463,2335.0,2.4987692806726884,4.206662505631524,-1.9908925129030703,0.0017426438602133527,11.472788708066494,0.9987875345106277,75.671904679488
83,2010-09-24 04:48:06,B0055,83,10805.313,3.790350750606921,4.214648576971894,-0.0009035648397763965,1.4931374979071497,5.977765723246309,2329.375,2.4984561833393784,4.198906004577256,-1.9908017427512699,0.003523581504106927,11.802235485150675,1.0158868294923784,76.96741165693489
84,2010-09-24 09:05:40,B0055,84,10806.375,3.7295924110120433,4.2146065360354035,-0.0008873138347583753,1.4935750116291502,6.2748626847926,2333.875,2.495225392424711,4.2063268655944,-1.9912354426427308,0.0027219090378690844,11.363194027921853,0.9963437517762594,75.48675449714906
85,2010-09-24 12:47:29,B0055,85,10803.187,3.7497355927374554,4.21469047444067,-0.002529858305195453,1.493291010840377,6.155086610112315,2317.453,2.48261274521935,4.207127040760322,-1.990118242201512,0.002504889844859552,10.949818258159802,1.0053777381419529,76.17120332287004
86,2010-09-24 16:28:59,B0055,86,10806.031,3.75545850428616,4.214671325494027,-0.00424931295315398,1.4939050680452364,6.10985801270916,2295.109,2.497894652809196,4.202430409703646,-1.9906537053207962,0.0002211101454508054,11.706437723845246,1.009132291002791,76.4556623858665
87,2010-09-24 20:10:09,B0055,87,10807.141,3.7276023361531445,4.214697923403351,-0.0019184743535324866,1.4939516456270585,6.2688861741654245,2326.657,2.498867447840723,4.206373386837717,-1.9910685168887923,0.0025384475979368173,11.583533228310797,0.9984581240784203,75.64694730470595
88,2010-09-25 00:27:44,B0055,88,10803.141,3.7880398104581348,4.214574163399909,-0.0019849160768067448,1.4927622391915738,5.969306060026585,2479.297,2.4949438751160398,4.181574605333568,-1.9898551893530099,0.0019286316389317579,11.961499960858754,1.0892389324114138,82.52484319100873
89,2010-09-28 13:00:15,B0055,89,10806.86,3.7396012335909763,4.214675491297641,-0.0024340385740838884,1.4940860556354472,6.045370412480564,2463.578,2.4992245281158842,4.194441045655941,-1.989802834953792,0.0016730136650589132,11.522596039987194,1.0793936031703524,81.77892397383228
90,2010-09-28 17:20:08,B0055,90,10807.406,3.7170276329826843,4.214624401344805,0.00047938862915481616,1.4944723598196972,6.250642550444497,2458.812,2.4924954873857694,4.204880578247997,-1.9903326153853467,0.002139916671343318,10.721858182752005,1.032614295314224,78.23474745705607
91,2010-09-28 21:04:05,B0055,91,10803.157000000007,3.752875371885418,4.214632974593752,-0.004026490275559547,1.494352989165763,6.054321284002097,2400.672,2.495661665849974,4.202840264863921,-1.9905492967668528,0.002168404320786899,11.4115438943797,1.0498572649026638,79.54113976373122
92,2010-09-29 00:47:00,B0055,92,10802.203,3.7261662409824003,4.214625865577726,-0.0008831689442953216,1.4940199399934533,6.199885109118882,2396.407,2.4989003291461986,4.205754690488186,-1.98999253160494,0.00148484171966717,10.810513729948518,1.0453902697248563,79.20270338800653
93,2010-09-29 04:29:50,B0055,93,10803.094,3.7473904545572307,4.214790749180693,-0.0016713018177104912,1.4932499075308678,6.120805788799444,2392.375,2.489889091081545,4.207084563921945,-1.9901197988107224,0.001818040379714602,10.714176302518482,1.0001607736713514,75.77594644941591
94,2010-09-29 08:48:28,B0055,94,10804.547,3.7918158893275584,4.2146857406204665,-0.002797643758813859,1.4930805000576326,5.851699816061081,2373.687,2.4987682908191466,4.198111672339926,-1.9897475031713532,0.0030381689253116237,10.478734086554464,1.0084094786878157,76.40089940303977
95,2010-09-29 13:06:49,B0055,95,10805.813,3.760134055832441,4.214647452093415,-0.003303658034804827,1.4940112180886747,6.07117557039753,2385.922,2.4975933279193185,4.203133911551857,-1.9897262444197574,0.0058359026979377645,11.577446477629389,1.003655158082039,76.04069417093068
96,2010-09-29 16:49:33,B0055,96,10808.032,3.7331106401930754,4.21459606488109,0.002138755768212627,1.4936251464803947,6.159350511254112,2345.0,2.495932540383024,4.206432255358412,-1.9919373010273946,0.0019369491435675373,10.889278314878903,1.0285269676595319,77.92507612257026
97,2010-09-29 20:31:38,B0055,97,10803.219,3.7454901948520236,4.214722415526958,-0.0037089269638941966,1.493432067353319,6.1264298430180695,2363.047000000006,2.493973960448579,4.203481073295822,-1.9911024104896387,0.0015022496896493647,11.125862267460422,0.9816844358987022,74.376109524696
98,2010-09-30 00:13:58,B0055,98,10803.406,3.7492917058359168,4.214643145117188,0.00020986053002122575,1.4940986578185815,6.082476307261813,2316.687,2.4945849403498523,4.20306302939134,-1.9901681479381788,0.0025435201299524074,11.180258248103398,1.0127121434171131,76.72688548517756
99,2010-09-30 04:31:22,B0055,99,10802.032,3.782641808213064,4.214637954245523,0.001631732535431529,1.4947037986066198,5.921926384530927,2322.0,2.4970956728658367,4.197674431245264,-1.9909302972480336,0.003379120713201461,11.102809730123198,1.0201379996149256,77.2894963137556
100,2010-09-30 08:48:54,B0055,100,10804.016,3.738696123996421,4.214652527844141,-0.002037382997223954,1.4944564731765506,6.168347367720475,2357.687,2.496842059818817,4.20280430699626,-1.9899104414591309,0.00158467980649915,11.412927585025809,0.9907591663373165,75.0636452748086
0,2010-09-03 13:31:57,B0056,0,10802.328,3.6820718777052397,4.2000765325395655,-0.0011189901411664286,1.503510303407181,6.202243050479289,2826.0,2.6867752955314015,4.14918086948454,-1.9959503490046473,0.007492651555555156,11.067443145348815,1.3443555553017368,100.0
1,2010-09-03 17:57:17,B0056,1,10804.687,3.710846493744481,4.200171515827078,-0.002189226825540844,1.501402267073353,6.284232255505845,2818.578,2.698313212370538,4.17533419262966,-1.996169566048845,0.0027426893502046456,10.889462468094056,1.317502710734752,98.0025489193625
2,2010-09-03 21:46:44,B0056,2,10803.516000000003,3.7206326758495254,4.200004055788061,-0.0016715741555824882,1.5012298149286731,6.206028161572269,2713.812,2.692589583576849,4.1774698147911185,-1.9963377667707867,0.0042138769813703505,10.764459531712715,1.2973654679476911,96.50463843670443
3,2010-09-04 01:34:26,B0056,3,10803.282,3.7223383540968378,4.200045813547522,-0.0032606691882103153,1.500336569004945,6.266883789725447,2786.578,2.6980823652266586,4.177333358996554,-1.9969110305254822,0.002802622353711036,10.655748964418308,1.263960414854898,94.01980077890968
4,2010-09-04 05:23:21,B0056,4,10802.078,3.7298760568554887,4.200048816829057,0.0003637151995598147,1.5008804159759972,6.201325760815997,2667.89,2.699291592092144,4.178105672730461,-1.9971248669228028,0.0032332126433805056,10.604398240583924,1.2589496187032136,93.64707228964036
5,2010-09-04 09:46:00,B0056,5,10803.765,3.756907670105195,4.200068688352708,0.0002978643898503769,1.499545280192815,6.128914270674325,2530.172,2.6902918098264004,4.169426750713255,-1.997374519568108,0.0034146019954467703,10.747618198190096,1.2806197690202599,95.25900822664643
6,2010-09-04 14:06:24,B0056,6,10803.437,3.7172463823665343,4.2001243930183545,0.0006417885180855136,1.5019706259397139,6.277122191592414,2446.062,2.6937716432028966,4.178499777464705,-1.9974455810197207,0.0059064642800569726,10.642275000961929,1.2572786868607095,93.52277988530474
7,2010-09-04 17:49:40,B0056,7,10802.125,3.716132392497911,4.2001687898961535,-0.003429408818197098,1.500714892680732,6.294872351462748,2713.25,2.6912557599593363,4.178690194193401,-1.997549921598698,0.0010713774774085663,10.449432487805073,1.2226260041048898,90.9451371910666
8,2010-09-04 21:37:22,B0056,8,10801.968999999997,3.7348595858235534,4.200221864547525,-0.0010243800032560294,1.5017402990825872,6.251093182100927,2676.578,2.6988155601873713,4.178597106977031,-1.9978221218978043,0.002705670324145628,10.535109718676143,1.2292772249257495,91.43988880604148
9,2010-09-05 01:24:28,B0056,9,10801.875,3.7338946014013215,4.200029830260609,-0.0017353569867800478,1.501489686379013,6.227984164864789,2394.734,2.698364593875605,4.179016949083667,-1.9994834284107947,0.0038419532959405828,10.596589405147554,1.2275780135689456,91.31349282767826
10,2010-09-05 05:42:37,B0056,10,10802.188,3.7615202070352454,4.200203145784291,-0.002412728848263532,1.501312698928466,6.137661678167722,2673.0,2.690491235069901,4.170255325585353,-1.9966769679348086,0.0031136212733109377,10.518875176620943,1.2133872888296768,90.25791458550081
11,2010-09-05 10:05:24,B0056,11,10804.313,3.735032372658584,4.200062208161825,0.00010813008836518097,1.5000709844613074,6.210483498773956,2619.578,2.6953260271003012,4.1791853671260935,-1.9987446420077772,0.0034177533469387255,10.55326910161315,1.230223614493081,91.51028607286565
12,2010-09-05 13:51:37,B0056,12,10803.188,3.7304894910228454,4.200305330643934,-0.0010761985545467033,1.501854212586769,6.254287137716927,2640.016,2.6910057831221796,4.179445713445421,-1.9966704026697317,0.0022451805638626404,10.414707663905276,1.1927530108462678,88.72303209834676
13,2010-09-05 17:38:09,B0056,13,10803.61,3.738291411090827,4.200084324715144,0.0003662915062572863,1.5016766339413934,6.17505537115086,2621.187,2.6980104623652483,4.1797547856645245,-1.9977703823836157,0.003265384293219798,10.394183210718758,1.1867106635987799,88.27357159486175
14,2010-09-05 21:24:24,B0056,14,10802.108999999997,3.7390334663127818,4.200155559104861,-6.801077885871902e-05,1.501209152818491,6.174738425600583,2616.453,2.6918100210263542,4.179854576648961,-1.9965481247661316,0.003058827895983811,10.441904510807989,1.1914875140242167,88.62889801179054
15,2010-09-06 01:46:17,B0056,15,10804.093,3.770529044706903,4.200325539251724,-0.00035079255505480664,1.500678823638098,6.100233857528798,2565.109,2.6994455277907243,4.171853041375375,-1.9978026678137102,0.0037009288855311237,10.556505695788386,1.214178606017816,90.31677678047731
16,2010-09-06 06:07:21,B0056,16,10804.578,3.731258439425659,4.2000699082301205,-0.001855132398272543,1.5027357277445772,6.226960837675996,2532.531,2.6974370448855804,4.179639783717689,-1.9976555316387106,0.0031589619453270775,10.536326582207261,1.2094387558721402,89.96420263244161
17,2010-09-06 09:52:10,B0056,17,10803.672,3.7306943701125417,4.200099042398698,0.0020996559921903453,1.501483608110293,6.226247155173999,2556.593,2.687185471488668,4.180054992180052,-1.9970386663902506,0.004127489510337556,10.495199596430949,1.207072299940321,89.7881736107675
18,2010-09-06 13:37:22,B0056,18,10805.235,3.7312413620884377,4.200613711311212,-0.015390160511208801,1.5009466225717265,6.211622018682079,2577.891,2.687470388534462,4.174069945070663,-1.9977714431306908,0.0015311077226198234,10.301909086360435,1.162961249391913,86.50696944015601
19,2010-09-06 17:22:56,B0056,19,10805.093,3.740841648222675,4.200095348223752,6.033779807275358e-05,1.502314864940882,6.180549152637044,2572.36,2.699656546174108,4.180243969445706,-1.9978617916136059,0.00312076972910479,10.453998023862313,1.17887968705904,87.69106375243443
20,2010-09-06 21:44:11,B0056,20,10803.14,3.772116107469198,4.200472195519763,-0.0039040963438198013,1.5001009883740408,6.062229774170266,2697.75,2.6854368250416094,4.160878235645104,-1.9980492124102964,0.0022851607635622087,10.390292640584766,1.2945104146044433,96.29226505586865
21,2010-09-09 17:25:02,B0056,21,10802.828,3.742055147491369,4.200035575993203,0.0024956741870172834,1.5014831462596276,6.100562780338087,2683.406,2.690427787524509,4.170401928183799,-1.9972356722093,0.003737113994385007,10.290310895798491,1.2602567563003473,93.74430382872083
22,2010-09-09 21:48:07,B0056,22,10803.468999999997,3.7228412726753732,4.200266979304606,-0.001158666971371828,1.5007308924519842,6.174513154801997,2646.156,2.6939728433831345,4.179668272690069,-1.9980211141662234,0.00326017540583509,10.263087503889402,1.2408721291565108,92.30237672339597
23,2010-09-10 01:34:50,B0056,23,10805.875,3.726035025379975,4.2001715839681175,0.0017596479715063869,1.5030130506626176,6.190647814279807,2593.531,2.6814059367851253,4.179757059071528,-1.9972921065349984,0.006011420763952128,10.400005286038288,1.252197340273113,93.14480349598145
24,2010-09-10 05:20:43,B0056,24,10804.063,3.722198390699843,4.2004035856933974,4.909677181843955e-05,1.5022014453315196,6.247522688742111,2604.125,2.6953073659972815,4.179381275805115,-1.9976401134443396,0.0024761417614236657,10.409833153074386,1.2279025700477384,91.33763498839703
25,2010-09-10 09:06:45,B0056,25,10803.328,3.727732960654511,4.200217361895961,-0.001335555230534578,1.500554096928587,6.164029010577929,2588.594,2.6879523256297095,4.179761909304835,-1.9963245471931028,0.0033035605274213033,10.249617197163523,1.1917170308946994,88.64597064332597
26,2010-09-10 13:28:18,B0056,26,10804.437,3.769261762894563,4.200114927473067,-0.0011106356866443462,1.5012380028291197,6.1234928265549495,2579.203,2.696650296000414,4.1722589361250195,-1.9964370552261024,0.002000661552491185,10.237028804942252,1.1858570240011006,88.21007354225857
27,2010-09-10 17:49:42,B0056,27,10805.719,3.7348459425480995,4.20001695334817,0.000343626594280503,1.5012074221018967,6.159897462906205,2555.453,2.6832104765994735,4.180576245666881,-1.9977877783000189,0.0022855211247853973,10.198234922837491,1.1840938286611427,88.07891810997695
28,2010-09-10 21:34:58,B0056,28,10802.656000000003,3.734257156168808,4.2005227295792835,0.0013261239223463512,1.5018491323224905,6.163591597935366,2525.609,2.6972876615572554,4.180487517962948,-1.9977122672890135,0.003005807874759347,10.430944576015767,1.2059829135917657,89.70713951645673
29,2010-09-11 01:19:42,B0056,29,10801.86,3.729608110355376,4.20001435095601,-0.0024618480750552276,1.5008167375117263,6.198667349990358,2536.172,2.683737907365728,4.18039553298969,-1.9993057278946789,0.00328579435797788,10.139534423823738,1.165428493679393,86.69049561206417
30,2010-09-11 05:04:36,B0056,30,10803.906,3.7376489201111713,4.200185738962159,-0.004185363098865779,1.5008818498838434,6.180459466792797,2536.204,2.69363443342256,4.180559366384886,-1.997237284045861,0.004119745725457791,10.308440154694576,1.1790060613193858,87.70046411232045
31,2010-09-11 09:25:19,B0056,31,10803.031,3.7712767006316943,4.200325275917352,0.001107713694903226,1.5019389213059289,6.094461063263345,2488.86,2.6943722854819816,4.172113004233132,-1.997516578108804,0.0027730294767697185,10.36840954285901,1.2013113747183153,89.35964670809757
32,2010-09-11 13:45:14,B0056,32,10803.312,3.7275834361025737,4.200285453205704,-0.002410389016843026,1.5022650661843602,6.2037599062287425,2518.547,2.688897787724772,4.1803733533670036,-1.9971577867500607,0.002741835798032498,10.204673365751807,1.165597803317432,86.70308972359747
33,2010-09-11 17:29:53,B0056,33,10806.0,3.736748613605993,4.2005843447751765,0.0010217710785134632,1.5002833638693829,6.1495532506213815,2485.766,2.6882331708894665,4.180733041897962,-1.9983317324781575,0.002720171710297806,10.315613775538878,1.180303335055002,87.79696192724002
34,2010-09-11 21:14:02,B0056,34,10804.672000000006,3.732023122374236,4.200280290883103,-0.0009324508050336244,1.500772054756908,6.226263707936878,2506.718,2.6894590778726095,4.180279081248084,-1.9970287986633812,0.004518606860273736,10.276786926763112,1.1658134189695046,86.71912831184315
35,2010-09-12 00:58:31,B0056,35,10805.406,3.7361469884203475,4.20001717419709,-0.00017601645966978762,1.5008864107755224,6.1302199560288955,2459.297,2.6894641263415138,4.180999495499183,-1.9978411043695115,0.0023823699703963467,10.32641766409495,1.1763960515773761,87.50631832018111
36,2010-09-12 05:18:01,B0056,36,10805.907,3.7704183581681634,4.200406722204088,-0.0009403138883686,1.5001306208241771,6.0635532830093135,2488.734,2.6842747820981163,4.172470795694908,-1.996969373310469,0.001708317666861657,10.173012177291527,1.1458325512940766,85.2328498048939
37,2010-09-12 09:38:03,B0056,37,10803.266,3.739506841733561,4.200092773031401,-0.0031064218691873777,1.5021301418563395,6.174874511567873,2491.375,2.6890536637756743,4.181062785086551,-1.9983414092740532,0.004102243517915476,10.35991803443565,1.167557759980296,86.84888126327867
38,2010-09-12 13:22:16,B0056,38,10805.922,3.734886528034702,4.200015169799954,-0.0019417955184964156,1.5008367126590738,6.120405935766769,2467.328,2.697570405713833,4.181144967626914,-1.9966505293094987,0.0016751730449656892,10.160882493726476,1.145636654711916,85.21827802130673
39,2010-09-12 17:06:09,B0056,39,10803.094,3.738352077275674,4.200581325289844,-0.0016000677276810057,1.5019872281076585,6.172882248708834,2466.125,2.6861014784430512,4.1812569980664405,-1.9978856754777936,0.0014068645796714747,10.194404833993097,1.1443667002824445,85.1238123552511
40,2010-09-12 20:49:58,B0056,40,10806.453,3.739411379268239,4.200534028868874,-0.0008171142965475609,1.5004602053526674,6.1113370422030755,2459.3129999999946,2.6984158813975863,4.1812189705553315,-1.9982856792977777,0.004230727665957885,10.45640074188921,1.1605177686388095,86.32521092073254
41,2010-09-13 01:09:31,B0056,41,10802.875,3.773533838050346,4.200553001677233,-0.0008013901961061626,1.5016467223618015,6.102377901620525,2559.125,2.6966170938157865,4.162741220330822,-1.997330304637193,0.003805828399631711,10.313619268601707,1.2272013042602479,91.28547127436134
42,2010-09-14 13:26:00,B0056,42,10803.484,3.7561142754259333,4.200397826205984,-0.0008745542678067117,1.5019012067181885,6.120369205444357,2534.156,2.6938401614375964,4.171908005371084,-1.998225530162105,0.002153107022071395,10.450923975542697,1.2454797202045476,92.64511276743326
43,2010-09-14 17:46:48,B0056,43,10805.922,3.7198358068800106,4.200342826212671,-0.002024388955371738,1.501966559894631,6.2440882044588495,2521.985,2.694145271746648,4.1801184107331695,-1.9969891662839134,0.0032148263578494797,10.066401247840554,1.1722288849037228,87.19634327993083
44,2010-09-14 21:31:37,B0056,44,10803.422000000006,3.733483673953924,4.2007121905994484,-0.003452252087199473,1.5029986737196677,6.184060142557928,2503.172,2.6949310922042096,4.180978585892375,-1.9973637724789681,0.004309671698146423,10.43749851062521,1.1953514999944956,88.91632093015768
45,2010-09-15 01:16:06,B0056,45,10802.578,3.7280416578791304,4.200176961867279,-0.00147139074282321,1.5014172994698172,6.157185245777311,2474.344,2.698968781686075,4.180622872978541,-1.99808080514684,0.0014162939162654454,10.413907415221043,1.1919514716203925,88.6634095362415
46,2010-09-15 05:00:04,B0056,46,5417.812,3.7285753306833094,4.200601392229451,-0.0028661888065930462,1.5016890923062483,6.70255734002832,2349.64,2.69347301500386,4.109379346813982,-1.9983807330397183,0.003967090750038093,10.513733364328893,1.2296223665252586,91.46556219268
47,2010-09-17 16:34:19,B0056,47,10802.156,3.721701574053783,4.200057257874932,0.0033887350998167355,1.5002463861112023,6.159370333013283,2560.688,2.6975073541494394,4.169898025659996,-1.99817268738769,0.003111801736522392,10.477654553290117,1.2774519419396988,95.02336914529864
48,2010-09-17 20:55:26,B0056,48,10806.281,3.712821603147922,4.200498207906287,0.0013392544190154168,1.5007705349446638,6.282056306426604,2522.375,2.68847764541694,4.18030832398499,-1.997470740297483,0.0019168976886098721,10.317281833213249,1.2433879751668584,92.48951813850938
49,2010-09-18 00:40:13,B0056,49,10801.937,3.7182038065565455,4.20041014083734,-0.0034981271772134806,1.501286458766818,6.250081101960386,2488.719,2.695809647268888,4.1803883737342336,-1.9980970694464455,0.0023496058284812097,10.380685727786513,1.230802542912592,91.55334971159039
50,2010-09-18 04:24:22,B0056,50,10805.094,3.7195370763893396,4.200394814205227,-0.0008411397302242425,1.5008915021134375,6.246954402213546,2474.844,2.6988862295180773,4.180539223969872,-1.997256112978706,0.002604524251048801,10.36448134266215,1.2162358534094664,90.46980529912607
51,2010-09-18 08:08:20,B0056,51,10803.594,3.7220448642413624,4.200446287700968,-0.000888131683422379,1.5008195306176078,6.236385824614125,2473.875,2.6881817818985594,4.180613197410378,-1.9977292149583488,0.0022368027077908914,10.418606978035179,1.2088335726499548,89.91918602803226
52,2010-09-18 12:28:03,B0056,52,10803.532,3.7618676906340474,4.200764533163735,0.0016246220091052706,1.502599788079971,6.106810405447378,2495.5,2.693866336049454,4.171995741541347,-1.9968867131079737,0.003408454728853423,10.467474839092922,1.1946181162240357,88.86176811728255
53,2010-09-18 16:48:09,B0056,53,10802.266,3.726122889383873,4.20008106061112,-0.0036687259490336753,1.5017941359657856,6.214451451645273,2481.078,2.692863343941837,4.1804813286233875,-1.9974954691900964,0.0050053835732870745,10.24758606535621,1.1734248134794991,87.28530252669111
54,2010-09-18 20:32:11,B0056,54,10802.11,3.7306004647458186,4.200026687203218,-2.8872417015860094e-05,1.5009188379558196,6.1762017113278,2460.125,2.6912645328393867,4.181058054860729,-1.9970688320372325,0.0021237016379272995,10.06027633089391,1.1404596305913128,84.83318465071838
55,2010-09-19 00:15:53,B0056,55,10805.265,3.7370534876002934,4.200350087195783,-0.0006762999544932055,1.5006930529578388,6.157725461565787,2440.547,2.6880196285337377,4.18149130108492,-1.9973808016244434,0.0028396049015322698,10.46181981941412,1.1821716406845988,87.93593599717478
56,2010-09-19 03:59:19,B0056,56,10805.157,3.728047623031362,4.200309767486538,-0.006831451353005298,1.5027831604473547,6.2511387674244006,2449.922,2.6997902360046213,4.180595098911064,-1.9972649359124228,0.004453955815376903,10.21776828052081,1.1480663382055174,85.39901023043247
57,2010-09-19 08:18:42,B0056,57,10805.312,3.7745619453770396,4.200095632994791,-5.434979061286679e-05,1.5002469732757155,6.086513251611313,2408.781,2.6973629105606647,4.173047661044039,-1.99737218946031,0.0025138288953142672,10.382854030148234,1.1825381935034152,87.96320205914556
58,2010-09-19 12:37:25,B0056,58,10806.578,3.7255910613587524,4.200739506882043,0.0014732019270472859,1.5010272295915401,6.252449482030708,2442.547,2.691300691707842,4.180864505746636,-1.9971710052373428,0.003503138394184616,10.344585715881983,1.1552092862846601,85.93033901848806
59,2010-09-19 16:20:55,B0056,59,10803.172,3.732603397756829,4.200384275371801,-0.0006330775417351068,1.500426150565631,6.188014642729779,2420.671,2.689936372979849,4.181146414659693,-1.9985618755593446,0.0011679771768980246,10.028217431506214,1.1216816712671696,83.43638458171219
60,2010-09-19 20:04:00,B0056,60,10803.625,3.7398067904921692,4.2001811843446895,-0.00020013373124156536,1.5003011321709894,6.158766032100227,2409.906,2.6913240152919484,4.181695073360697,-1.9981998904229497,0.00264165567867052,10.497532395250285,1.162666262561457,86.48502682019266
61,2010-09-19 23:46:55,B0056,61,10802.39,3.7303100649451735,4.200294792663863,-2.2224408843133166e-05,1.5004083579700667,6.2276167810031335,2416.672,2.686923064348457,4.180846468482689,-1.996923639616402,0.0020681754728745635,10.078456668334661,1.124695615744926,83.66057709282804
62,2010-09-20 04:05:45,B0056,62,10802.406,3.7778249866070213,4.200168375855807,-0.0002874509808327305,1.5015505698486835,6.075768192213077,2395.75,2.6874437664677444,4.17358432175774,-1.9980323886030191,0.004809081870485311,10.437586290235986,1.1664177948797931,86.7640848642898
63,2010-09-20 08:24:15,B0056,63,10802.516,3.7286540777586823,4.200195321813412,0.002238854500929259,1.5022479905491042,6.260046238389661,2410.688,2.699800435335948,4.181103233539769,-1.998026842266808,0.0032740801973608043,10.327680053270171,1.1346745156379465,84.40285839286558
64,2010-09-20 12:07:10,B0056,64,10804.938,3.7360522102937157,4.200264354350572,0.0007198043060547438,1.5010590427316772,6.21111511378227,2402.125,2.6979607095711318,4.181672942091641,-1.9970444217112648,0.0021371517886426402,9.931318938388468,1.1012231317092755,81.91457441198354
65,2010-09-20 15:50:01,B0056,65,10806.828,3.7441632618380365,4.200933630944704,0.0016696257608237173,1.5011631072877532,6.169177468992864,2355.265,2.6834783907862354,4.181798435766776,-1.9970743538086633,0.004151596839191963,10.341385046767083,1.1560733948472832,85.99461580592092
66,2010-09-20 19:32:06,B0056,66,10804.5,3.7287715163814523,4.200016989825662,-0.003212902838495508,1.5026307044047174,6.253883987281555,2396.719,2.6996190068902637,4.181361272735532,-1.9974408693161616,0.002092852003481399,10.494744894336083,1.1385609898764002,84.69195410293473
67,2010-09-20 23:50:39,B0056,67,10802.858999999997,3.7755148142840573,4.20045979411317,-0.0023121121760748846,1.5001005547027844,6.112123378801446,2442.344,2.689809371052332,4.16432577440784,-1.9965313509817573,0.003644382669835134,10.206418347273608,1.1757265448773706,87.45651700851433
68,2010-09-21 17:39:05,B0056,68,10804.594,3.7650256788115573,4.200043079602521,-0.0027864073658330065,1.5006752500626463,6.139534374496323,2444.703,2.688916524535636,4.172633979258993,-1.9980007270295648,0.0034020074710463446,10.592911474763564,1.1969385632452556,89.03437476230803
69,2010-09-21 21:58:28,B0056,69,10806.172000000006,3.723500787098519,4.2002127139324505,-0.004124553563365123,1.5022336451789677,6.266192178790665,2412.25,2.698695743312111,4.180507540870247,-1.9963931274279254,0.0023369148883525415,9.984423245892257,1.1267457988726266,83.81308013561424
70,2010-09-22 01:41:32,B0056,70,10803.406,3.737421436626505,4.200290964847286,-0.0028154077271850386,1.5018367975312872,6.169493857264228,2403.234,2.697889593175275,4.181900407397767,-1.9973201800320188,0.003982198012653288,10.532756069231716,1.1601031368559531,86.29436850101544
71,2010-09-22 05:24:23,B0056,71,10803.828,3.729061897427366,4.2000995224912945,-0.0010241932978720938,1.5015208322539735,6.186620278313633,2361.047,2.6959933200185318,4.181297616479253,-1.9964731697990847,0.0025962369202408423,10.144690849516095,1.1361458729690275,84.51230543053939
72,2010-09-22 09:06:33,B0056,72,10803.063,3.7322765320578464,4.200354706434933,-0.003405425674883543,1.5012082006927885,6.2425482551393285,2392.468,2.6955474945092024,4.181657232676167,-1.9984147436126416,0.003762616671280899,10.418716582380117,1.1397253894261876,84.77856806046965
73,2010-09-22 13:25:04,B0056,73,10803.437,3.775333504559289,4.200157625856004,0.0001285177279764115,1.5009590946997964,6.140561291945603,2373.89,2.699727848412594,4.172972784971319,-1.997322036385649,0.0023322700554823887,10.532972017810645,1.1560010024767575,85.98923089340724
74,2010-09-22 17:43:16,B0056,74,10806.938,3.7291709902514185,4.200177046682447,0.0013487053124024522,1.5013688830142626,6.2618019735071755,2383.234,2.695330424081241,4.1813161057402795,-1.9984597486368612,0.00334779226087087,10.294250246042282,1.126818619026835,83.8184968688528
75,2010-09-22 21:25:52,B0056,75,10804.875,3.7357633977611755,4.200834140798132,-0.00021131120377278158,1.5014589858631917,6.195710811559452,2342.453,2.6854130230502054,4.18166924078605,-1.9966874158615942,0.002503704200398194,10.050387765399135,1.116688355680394,83.06495638572018
76,2010-09-23 01:07:46,B0056,76,10806.891,3.7355712481116274,4.200327438220561,0.0008856298968682335,1.5014989574236342,6.211764277681332,2359.296,2.690400334997493,4.182044120407073,-1.996813128658143,0.0040630626732428244,10.472005861254317,1.1330613197666846,84.28286068356167
77,2010-09-23 04:49:59,B0056,77,10802.0,3.732560312682426,4.200255201509097,-0.0010265292525684243,1.5022424757580004,6.21126946615626,2345.453,2.6887925590382147,4.1815714469098,-1.996118783382572,0.002560199583590897,9.909401931448466,1.0893839897995972,81.0339188545316
78,2010-09-23 09:07:43,B0056,78,10803.469,3.781944537574745,4.200005332733847,0.0008104730925208006,1.5032424455320212,6.068494996571449,2360.172,2.6988640537115023,4.174449328074176,-1.9966626412426898,0.002608922279820595,10.24276059598256,1.1120836459259367,82.72243466694587
79,2010-09-23 13:25:43,B0056,79,10806.938,3.7384451620430825,4.200440386891547,-0.0006211245820334297,1.5011481351632154,6.202714249793557,2315.407,2.680924614006194,4.181914870814706,-1.9961541065626969,0.00379564458548321,10.216290881964335,1.1279950254648337,83.90600395976779
80,2010-09-23 17:07:13,B0056,80,10805.312,3.731489506740739,4.200579750935779,-0.0021524633064488,1.5009453578427674,6.256033942607892,2322.156,2.689418119708915,4.181346159150703,-1.996805159927613,0.00418200341485172,10.357968672788793,1.1386774565024178,84.70061748261567
81,2010-09-23 20:48:49,B0056,81,10804.609,3.730203258409683,4.200527587323265,-0.0010508791205722,1.5020257592943735,6.266778854711498,2327.1570000000065,2.6980519577561664,4.181554177966883,-1.9972871538382806,0.0029903163385119596,10.4126408516178,1.1271136962200643,83.84044621045858
82,2010-09-24 00:30:30,B0056,82,10803.234,3.73352261179175,4.200614230653359,-0.005440707390949275,1.5016114967415957,6.232853052804526,2335.0,2.690667005796631,4.181615967935099,-1.9961673384143372,0.003119233572589619,10.355563284677743,1.1101508869653747,82.57866623061668
83,2010-09-24 04:48:06,B0056,83,10805.313,3.7794355670494753,4.200365638310494,-0.00041974756357779635,1.5007744056128762,6.115023179516024,2329.375,2.690672584400043,4.173516161117117,-1.9977234858011128,0.0023584820069415644,10.41665753464741,1.1344632260422465,84.38714159868364
84,2010-09-24 09:05:40,B0056,84,10806.375,3.7316152682632198,4.200481131132108,-0.001956371302321698,1.5003757453722846,6.240301826329001,2333.875,2.6895747540556276,4.181332312389274,-1.9961257474747869,0.002140403483466704,10.301294534772044,1.108458756302863,82.45279695028839
85,2010-09-24 12:47:29,B0056,85,10803.187,3.737312707104657,4.20011411599818,-0.004263038073304299,1.501371215404232,6.194262296563978,2317.453,2.6850453196446673,4.181999698138027,-1.9962061010235705,0.0036343746368092777,9.91165771895873,1.0768220870214844,80.09950066965689
86,2010-09-24 16:28:59,B0056,86,10806.031,3.7441470629057845,4.200798911974743,-0.00012509795241285262,1.5015916145507153,6.1767877456284745,2295.109,2.68848533115398,4.182136607973574,-1.9970699490401762,0.003862086414045893,10.349022787330426,1.128398212919817,83.93599509220246
87,2010-09-24 20:10:09,B0056,87,10807.141,3.7310847141231944,4.200438486628603,-0.0002592733840412568,1.5007048109346968,6.238994605299742,2326.657,2.695941959305812,4.18160323028519,-1.9963789398934428,0.002565747184077122,10.403963430415772,1.1066350346531368,82.31713926341129
88,2010-09-25 00:27:44,B0056,88,10803.141,3.7796772440062427,4.2001685127592125,-0.0010390085805582077,1.5013672132035085,6.104774572518524,2479.297,2.6936113374580533,4.160391647622785,-1.996869636138654,0.00328173182579884,10.672589964446292,1.271609072217319,94.58874679414033
89,2010-09-28 13:00:15,B0056,89,10806.86,3.737188555214697,4.200397030648532,0.0027351883382022947,1.5013063880720852,6.205903679469347,2463.578,2.6975058053441106,4.171177372817309,-1.9961823426458583,0.0016095782865167322,10.38887188704922,1.2415767175377967,92.35478758884797
90,2010-09-28 17:20:08,B0056,90,10807.406,3.7140277772946644,4.200530565611188,-0.0007834145327903756,1.5014782497186805,6.329117714515476,2458.812,2.6996810856937454,4.179908499745383,-1.9964302092493789,0.0036524763126088177,10.084749408390376,1.174652904422814,87.37665417384068
91,2010-09-28 21:04:05,B0056,91,10803.157000000007,3.7265345278647724,4.200359633126668,-0.003228376697354459,1.5007889519002027,6.233552123154133,2400.672,2.6932891744671807,4.1812209027547125,-1.9977799006968677,0.002788806490179839,10.365887906876877,1.1989389885187762,89.18317656296499
92,2010-09-29 00:47:00,B0056,92,10802.203,3.720088030781382,4.200263135610539,-0.0022442812270331227,1.502354697239924,6.307416288740816,2396.407,2.680335373836448,4.180715020333036,-1.9975262926757336,0.002119394116944386,10.019608551209917,1.1461398965188563,85.25571170504878
93,2010-09-29 04:29:50,B0056,93,10803.094,3.7300609303698606,4.20054260260071,0.004007679068487288,1.5012706218341523,6.282757523028175,2392.375,2.695500756668203,4.181433629004157,-1.9976460055724077,0.0021600123104716196,10.060030313914345,1.129224378671885,83.99744950051058
94,2010-09-29 08:48:28,B0056,94,10804.547,3.77405130835581,4.200253560948585,0.0011759170553834796,1.5024934373566772,6.073933836957334,2373.687,2.6916361141573137,4.173658812188033,-1.9965283091685107,0.0015880325830457864,9.894806886286887,1.1103432888019913,82.59297805726536
95,2010-09-29 13:06:49,B0056,95,10805.813,3.7374201523206976,4.201169878289095,-0.0042852729533483114,1.5010085915537565,6.237315360789927,2385.922,2.6977127849492053,4.1820632868427365,-1.997780645919671,0.002783530386806481,10.535153782453834,1.153909472897475,85.8336522913749
96,2010-09-29 16:49:33,B0056,96,10808.032,3.72809878743584,4.200080735741219,-0.0008978879328644865,1.5012632292865211,6.255303215532872,2345.0,2.687276744661873,4.18182200740338,-1.99655615549846,0.0037933599919961363,10.116013026114192,1.1302191455340138,84.07144531643932
97,2010-09-29 20:31:38,B0056,97,10803.219,3.7315362208595415,4.200057852961879,-0.0019471515317009286,1.5014757986270824,6.281538837998201,2363.047000000006,2.6980124491519586,4.1819501512020345,-1.9963875537113744,0.0038585927044938136,10.332244370257053,1.1258719408034097,83.74807813032103
98,2010-09-30 00:13:58,B0056,98,10803.406,3.7336523999879936,4.2002848628926746,0.0006466532812118615,1.5019212766661836,6.234004243115624,2316.687,2.6927360739353285,4.181791330814548,-1.9966683821433666,0.003194009163889744,10.278021353580035,1.1430108283920968,85.02295571170912
99,2010-09-30 04:31:22,B0056,99,10802.032,3.771261368210482,4.200213040020878,0.0006218742879597777,1.5019520193581086,6.1299100708525005,2322.0,2.6899104032044447,4.173014294511639,-1.9964442856948763,0.002816327829988007,10.263503141787313,1.1372731775310292,84.59616007431691
100,2010-09-30 08:48:54,B0056,100,10804.016,3.7285420558074973,4.200659419322133,-0.0005162515659704627,1.5016710127208963,6.318079796833404,2357.687,2.6950189281281465,4.181882887350109,-1.9969949900194384,0.0030133855931726477,10.452748281670244,1.1290590137779504,83.98514881909617
